{"type": "FeatureCollection", "name": "alicante_municipios", "features": [{"type": "Feature", "properties": {"cpro": "03", "name_3": "Alcoia", "provincia": "Alicante", "communidad_autonoma": "Comunidad Valenciana", "cmun": "103", "codigo_postal": "03103", "engtype_4": "Municipality", "geo_point_2d": [38.65836634961549, -0.37346248792756004], "dc": "5", "id_2": 35, "id_3": 249, "id_0": 215, "id_1": 10, "iso": "ESP", "id_4": 6362, "type_4": "Municipality", "pais": "Spain", "ccn_4": 0, "municipio": "Penàguila", "codine": "03103", "nombre": "Penàguila", "pop": 292, "CodMunicipio": 3103}, "geometry": {"type": "Polygon", "coordinates": [[[-0.40016999840725, 38.62839889526367], [-0.400864988565388, 38.63747024536144], [-0.391496002674103, 38.650947570800895], [-0.396320998668671, 38.65600967407238], [-0.391144990921021, 38.66094970703124], [-0.389403998851776, 38.665210723876946], [-0.39415600895876, 38.669170379638786], [-0.398268997669163, 38.669815063476676], [-0.400418996810913, 38.67206954956055], [-0.404222995042801, 38.67207336425786], [-0.404031008481923, 38.675094604492244], [-0.405995994806233, 38.67702102661133], [-0.403562009334564, 38.6807975769044], [-0.405348002910557, 38.68161773681646], [-0.411873996257782, 38.677520751953125], [-0.420275002717972, 38.675994873046875], [-0.427821010351181, 38.669357299804744], [-0.430400997400284, 38.66345214843756], [-0.437269985675755, 38.672836303710994], [-0.436347007751465, 38.688106536865234], [-0.42935499548912, 38.691360473632926], [-0.417174994945526, 38.68867492675787], [-0.406120985746327, 38.69074630737299], [-0.391743987798634, 38.6903076171875], [-0.38658899068821, 38.69202041625988], [-0.384032011032104, 38.695625305175774], [-0.380452990531865, 38.694751739501896], [-0.374269992113113, 38.701053619384766], [-0.379714995622578, 38.7067985534668], [-0.37785300612444, 38.70997238159191], [-0.37407198548317, 38.711425781250114], [-0.371024996042252, 38.711791992187614], [-0.369767010211888, 38.709106445312614], [-0.365352004766464, 38.70874404907232], [-0.359416991472244, 38.70409774780268], [-0.359995990991592, 38.702098846435604], [-0.357055991888046, 38.69828414916998], [-0.356999009847527, 38.69110488891612], [-0.35454198718071, 38.691337585449276], [-0.354781001806202, 38.685478210449325], [-0.349269986152592, 38.68465042114257], [-0.34799399971962, 38.68592453002941], [-0.342014014720917, 38.684143066406364], [-0.342703998088837, 38.68190765380859], [-0.344882994890156, 38.682720184326286], [-0.346006989479008, 38.6802864074707], [-0.343419998884201, 38.67282104492193], [-0.345151990652084, 38.67263031005865], [-0.346962004899979, 38.66749954223633], [-0.349382013082447, 38.66887664794933], [-0.351164013147297, 38.66724014282238], [-0.351700007915497, 38.66303634643565], [-0.354312002658844, 38.661338806152344], [-0.353377014398518, 38.64927291870123], [-0.335554987192154, 38.65403747558594], [-0.328749001026154, 38.65197372436535], [-0.326068997383118, 38.648685455322315], [-0.327502012252808, 38.64655685424805], [-0.32547599077219, 38.64453887939453], [-0.318410992622319, 38.643310546875114], [-0.316520988941193, 38.64158630371105], [-0.324313998222294, 38.63718414306652], [-0.329450994729996, 38.63741302490246], [-0.333768010139408, 38.63034820556652], [-0.331535995006448, 38.62391662597656], [-0.332984000444412, 38.621761322021484], [-0.344031006097737, 38.61775970458996], [-0.349514007568359, 38.612262725830135], [-0.351561009883881, 38.615325927734375], [-0.353830993175507, 38.614776611328125], [-0.363550990819874, 38.617816925048885], [-0.385922998189812, 38.6161994934082], [-0.40016999840725, 38.62839889526367]]]}}, {"type": "Feature", "properties": {"name_3": "Alacanti", "provincia": "Alicante", "communidad_autonoma": "Comunidad Valenciana", "engtype_4": "Municipality", "geo_point_2d": [38.427318480415565, -0.534482148046664], "id_2": 35, "id_3": 248, "id_0": 215, "id_1": 10, "iso": "ESP", "id_4": 6353, "type_4": "Municipality", "pais": "Spain", "ccn_4": 0, "municipio": "San Vicente del Raspeig", "codine": "03122", "nombre": "San Vicent", "pop": 58385, "CodMunicipio": 3122}, "geometry": {"type": "Polygon", "coordinates": [[[-0.527544021606388, 38.46343231201183], [-0.545834004878941, 38.46006774902343], [-0.552188992500305, 38.45208358764659], [-0.498800009489059, 38.422069549560604], [-0.484741985797882, 38.40272903442377], [-0.486131995916367, 38.39962387084972], [-0.488573014736119, 38.40192031860363], [-0.49121901392931, 38.39990234375006], [-0.492792010307255, 38.400424957275504], [-0.494764000177327, 38.39636611938482], [-0.491429001092854, 38.39445877075201], [-0.493544012308121, 38.38595199584955], [-0.49742999672884, 38.38012313842779], [-0.514934003353062, 38.38077545166021], [-0.551886022090855, 38.39803314208995], [-0.551923990249577, 38.40567779541027], [-0.557285010814667, 38.41278839111328], [-0.552003979682922, 38.41618347167963], [-0.550355970859528, 38.4195175170899], [-0.547636985778809, 38.42884063720709], [-0.548843026161194, 38.43215560913086], [-0.557852029800415, 38.43637084960949], [-0.560707986354828, 38.44713592529297], [-0.567991971969604, 38.45610046386719], [-0.574165999889374, 38.46097564697277], [-0.583797991275787, 38.462535858154354], [-0.589778006076813, 38.466026306152344], [-0.594998002052307, 38.47416305541998], [-0.562066018581334, 38.48097991943371], [-0.554960012435856, 38.47729110717784], [-0.541697978973332, 38.475563049316406], [-0.537715971469879, 38.47169494628906], [-0.532068014144841, 38.4732666015625], [-0.528594970703125, 38.468925476074276], [-0.527544021606388, 38.46343231201183]]]}}, {"type": "Feature", "properties": {"cpro": "03", "name_3": "Marina Alta", "provincia": "Alicante", "communidad_autonoma": "Comunidad Valenciana", "cmun": "131", "codigo_postal": "03131", "engtype_4": "Municipality", "geo_point_2d": [38.803914499535, -0.07260136872296001], "dc": "8", "id_2": 35, "id_3": 253, "id_0": 215, "id_1": 10, "iso": "ESP", "id_4": 6453, "type_4": "Municipality", "pais": "Spain", "ccn_4": 0, "municipio": "Tormos", "codine": "03131", "nombre": "Tormos", "pop": 340, "CodMunicipio": 3131}, "geometry": {"type": "MultiPolygon", "coordinates": [[[[-0.085879996418953, 38.81597518920904], [-0.076168000697976, 38.80879592895519], [-0.067403003573418, 38.80636596679699], [-0.057395000010729, 38.809196472168026], [-0.055367000400906, 38.81119155883794], [-0.050115998834372, 38.8075904846192], [-0.046020001172963, 38.807224273681754], [-0.044945999979916, 38.8075408935548], [-0.043549001216832, 38.80512619018566], [-0.0508630014956, 38.803707122802734], [-0.05171599984169, 38.80226135253906], [-0.05264800041914, 38.80366897583008], [-0.058389000594616, 38.801292419433594], [-0.060593001544476, 38.797248840332145], [-0.064594998955727, 38.797889709472656], [-0.071304999291897, 38.79399490356445], [-0.074441000819206, 38.79614639282232], [-0.077812001109066, 38.794475555420036], [-0.086034998297634, 38.7960662841798], [-0.087178997695446, 38.79909896850585], [-0.096927002072277, 38.80628585815441], [-0.092477999627533, 38.8080673217774], [-0.085879996418953, 38.81597518920904]]], [[[-0.037512000650111, 38.80578613281256], [-0.036362998187485, 38.8035125732423], [-0.039198998361769, 38.803287506103516], [-0.040782999247313, 38.802738189697266], [-0.042913001030627, 38.80718231201166], [-0.040226001292467, 38.8067245483399], [-0.037512000650111, 38.80578613281256]]]]}}, {"type": "Feature", "properties": {"cpro": "03", "name_3": "Baix Segura", "provincia": "Alicante", "communidad_autonoma": "Comunidad Valenciana", "cmun": "118", "codigo_postal": "03118", "engtype_4": "Municipality", "geo_point_2d": [38.12569398884119, -0.6930459288911051], "dc": "6", "id_2": 35, "id_3": 251, "id_0": 215, "id_1": 10, "iso": "ESP", "id_4": 6394, "type_4": "Municipality", "pais": "Spain", "ccn_4": 0, "municipio": "San Fulgencio", "codine": "03118", "nombre": "San Fulgen", "pop": 7855, "CodMunicipio": 3118}, "geometry": {"type": "Polygon", "coordinates": [[[-0.699087977409306, 38.11532592773443], [-0.713346004486084, 38.112331390380916], [-0.718773007392883, 38.111331939697266], [-0.723084986209812, 38.1124305725097], [-0.738968014716988, 38.11658859252941], [-0.748021006584167, 38.120769500732536], [-0.736495971679688, 38.1260986328125], [-0.730627000331765, 38.13179779052729], [-0.715739011764526, 38.136573791503906], [-0.697525024414006, 38.136028289795036], [-0.678838014602547, 38.142131805420036], [-0.670476019382477, 38.143550872802734], [-0.660745978355351, 38.14276504516596], [-0.658147990703583, 38.13905334472656], [-0.655525028705597, 38.128368377685604], [-0.65122199058527, 38.11063003540045], [-0.65380197763443, 38.10946655273449], [-0.688071012496948, 38.117511749267635], [-0.699087977409306, 38.11532592773443]]]}}, {"type": "Feature", "properties": {"cpro": "03", "name_3": "Alcoia", "provincia": "Alicante", "communidad_autonoma": "Comunidad Valenciana", "cmun": "021", "codigo_postal": "03021", "engtype_4": "Municipality", "geo_point_2d": [38.705723535257576, -0.6779082525891671], "dc": "1", "id_2": 35, "id_3": 249, "id_0": 215, "id_1": 10, "iso": "ESP", "id_4": 6357, "type_4": "Municipality", "pais": "Spain", "ccn_4": 0, "municipio": "Banyeres de Mariola", "codine": "03021", "nombre": "Banyeres d", "pop": 7068, "CodMunicipio": 3021}, "geometry": {"type": "Polygon", "coordinates": [[[-0.617990016937256, 38.686687469482536], [-0.620916008949223, 38.68201446533214], [-0.634611010551396, 38.672763824463004], [-0.634356021881047, 38.67000961303711], [-0.641034007072449, 38.66583633422857], [-0.645424008369446, 38.66483688354492], [-0.647700011730137, 38.66685485839844], [-0.647812008857727, 38.67010879516613], [-0.658951997756958, 38.66717147827154], [-0.666355013847351, 38.659740447998104], [-0.67603200674057, 38.657150268554744], [-0.678367972373849, 38.658123016357365], [-0.692701995372715, 38.68595123291021], [-0.71322101354599, 38.7104377746582], [-0.726848006248417, 38.72753524780285], [-0.743296027183533, 38.75566864013683], [-0.745687007904053, 38.758670806884766], [-0.744724988937264, 38.759292602539176], [-0.737097024917546, 38.75670242309582], [-0.73486799001688, 38.759479522705135], [-0.731930017471257, 38.75629425048828], [-0.735961973667145, 38.75362396240234], [-0.733224987983704, 38.75173568725597], [-0.722150981426239, 38.753707885742244], [-0.717130005359593, 38.75061035156255], [-0.708194971084595, 38.738548278808594], [-0.707126975059509, 38.73385620117193], [-0.688723027706146, 38.74130249023443], [-0.677789986133575, 38.72936630249029], [-0.675948023795968, 38.72900390625], [-0.670994997024479, 38.73167800903326], [-0.653133988380375, 38.730583190918026], [-0.643378973007202, 38.727798461914176], [-0.643492996692657, 38.71836853027343], [-0.639949023723602, 38.70651245117187], [-0.642515003681183, 38.70437622070307], [-0.638055026531106, 38.697715759277344], [-0.629621982574463, 38.68987274169933], [-0.628638029098511, 38.686588287353516], [-0.617990016937256, 38.686687469482536]]]}}, {"type": "Feature", "properties": {"cpro": "03", "name_3": "Comtat", "provincia": "Alicante", "communidad_autonoma": "Comunidad Valenciana", "cmun": "035", "codigo_postal": "03035", "engtype_4": "Municipality", "geo_point_2d": [38.705759199460736, -0.39580095026106604], "dc": "8", "id_2": 35, "id_3": 252, "id_0": 215, "id_1": 10, "iso": "ESP", "id_4": 6406, "type_4": "Municipality", "pais": "Spain", "ccn_4": 0, "municipio": "Benilloba", "codine": "03035", "nombre": "Benilloba", "pop": 724, "CodMunicipio": 3035}, "geometry": {"type": "Polygon", "coordinates": [[[-0.407990008592606, 38.723655700683594], [-0.406125992536431, 38.72625350952148], [-0.402911990880966, 38.72289276123047], [-0.40004301071167, 38.722747802734375], [-0.399399995803776, 38.717914581298885], [-0.395691990852356, 38.72218322753906], [-0.394724994897842, 38.71962738037121], [-0.392724007368031, 38.7209091186524], [-0.388031989335957, 38.71999359130871], [-0.388958990573883, 38.71761703491222], [-0.385533988475686, 38.7190895080567], [-0.381300985813141, 38.71756362915045], [-0.383080989122334, 38.71569442749035], [-0.37848898768425, 38.71614837646496], [-0.37407198548317, 38.711425781250114], [-0.37785300612444, 38.70997238159191], [-0.379714995622578, 38.7067985534668], [-0.374269992113113, 38.701053619384766], [-0.380452990531865, 38.694751739501896], [-0.384032011032104, 38.695625305175774], [-0.38658899068821, 38.69202041625988], [-0.391743987798634, 38.6903076171875], [-0.406120985746327, 38.69074630737299], [-0.417174994945526, 38.68867492675787], [-0.41050198674202, 38.698410034179794], [-0.412146985530853, 38.717483520507926], [-0.4079470038414, 38.72013092041021], [-0.407990008592606, 38.723655700683594]]]}}, {"type": "Feature", "properties": {"cpro": "03", "name_3": "Vinalopo Mitja", "provincia": "Alicante", "communidad_autonoma": "Comunidad Valenciana", "cmun": "104", "codigo_postal": "03104", "engtype_4": "Municipality", "geo_point_2d": [38.49213581148812, -0.731566837659246], "dc": "0", "id_2": 35, "id_3": 255, "id_0": 215, "id_1": 10, "iso": "ESP", "id_4": 6482, "type_4": "Municipality", "pais": "Spain", "ccn_4": 0, "municipio": "Petrer", "codine": "03104", "nombre": "Petrer", "pop": 34276, "CodMunicipio": 3104}, "geometry": {"type": "Polygon", "coordinates": [[[-0.705693006515446, 38.45217514038086], [-0.70849597454071, 38.4537239074707], [-0.719690978527012, 38.45300674438482], [-0.733826994895935, 38.44251251220703], [-0.756953001022282, 38.43859481811517], [-0.78276199102396, 38.43753051757824], [-0.781808972358647, 38.44773864746099], [-0.780279994010812, 38.44938659667969], [-0.78402000665659, 38.45637893676758], [-0.781951010227147, 38.45803070068365], [-0.782058000564518, 38.46239471435547], [-0.789058983325958, 38.46997070312494], [-0.786951005458832, 38.47183990478527], [-0.788052022457123, 38.47291564941412], [-0.782882988452911, 38.47667312622076], [-0.788401007652283, 38.482906341552734], [-0.789883971214294, 38.48910522460937], [-0.783015012740975, 38.494426727295036], [-0.79832798242569, 38.49865341186535], [-0.806267023086548, 38.510658264160156], [-0.798193991184178, 38.51247406005871], [-0.794246971607151, 38.515228271484375], [-0.79355800151825, 38.52009963989258], [-0.781615972518921, 38.52391052246105], [-0.749146997928506, 38.55178070068371], [-0.744103014469147, 38.55164718627941], [-0.716847002506256, 38.538368225097706], [-0.69793701171875, 38.52553939819347], [-0.668084979057255, 38.51265716552746], [-0.659429013729095, 38.50694274902355], [-0.653845012187958, 38.49524307250971], [-0.655502021312714, 38.49403381347656], [-0.653243005275726, 38.48587036132818], [-0.655979990959167, 38.48350143432623], [-0.658685982227269, 38.475662231445426], [-0.662644982337952, 38.47056961059576], [-0.66566002368927, 38.46953201293945], [-0.668482005596104, 38.46584701538097], [-0.705693006515446, 38.45217514038086]]]}}, {"type": "Feature", "properties": {"name_3": "Marina Baixa", "provincia": "Alicante", "communidad_autonoma": "Comunidad Valenciana", "engtype_4": "Municipality", "geo_point_2d": [38.52110168802181, -0.251272807116018], "id_2": 35, "id_3": 254, "id_0": 215, "id_1": 10, "iso": "ESP", "id_4": 6472, "type_4": "Municipality", "pais": "Spain", "ccn_4": 0, "municipio": "Villajoyosa", "codine": "03139", "nombre": "Villajoyos", "pop": 34673, "CodMunicipio": 3139}, "geometry": {"type": "Polygon", "coordinates": [[[-0.167361006140709, 38.523193359375], [-0.167361006140709, 38.52264022827154], [-0.167639002203941, 38.52264022827154], [-0.167639002203941, 38.52236175537121], [-0.167916998267117, 38.52236175537121], [-0.167916998267117, 38.52125167846685], [-0.168194994330349, 38.52125167846685], [-0.168194994330349, 38.52097320556646], [-0.1684730052948, 38.52097320556646], [-0.1684730052948, 38.52013778686529], [-0.168194994330349, 38.52013778686529], [-0.168194994330349, 38.51958465576171], [-0.1684730052948, 38.51958465576171], [-0.1684730052948, 38.51930618286133], [-0.169027000665665, 38.51930618286133], [-0.169027000665665, 38.51902770996094], [-0.16958299279213, 38.51902770996094], [-0.16958299279213, 38.51874923706055], [-0.169861003756409, 38.51874923706055], [-0.169861003756409, 38.518470764160156], [-0.170138999819756, 38.518470764160156], [-0.170138999819756, 38.517639160156364], [-0.170416995882988, 38.517639160156364], [-0.170416995882988, 38.5173606872558], [-0.17069299519062, 38.5173606872558], [-0.170696005225182, 38.51708221435541], [-0.170971006155014, 38.51708221435541], [-0.170971006155014, 38.51680374145508], [-0.171526998281479, 38.51680374145508], [-0.171526998281479, 38.51652908325201], [-0.172084003686848, 38.51652908325201], [-0.172084003686848, 38.515972137451286], [-0.172918006777707, 38.515972137451286], [-0.172918006777707, 38.515693664550895], [-0.173192992806435, 38.515693664550895], [-0.173192992806435, 38.515415191650504], [-0.174027994275093, 38.515415191650504], [-0.174027994275093, 38.515693664550895], [-0.174925997853279, 38.515693664550895], [-0.175139993429184, 38.515693664550895], [-0.175139993429184, 38.515415191650504], [-0.176528006792012, 38.515415191650504], [-0.176528006792012, 38.51514053344726], [-0.177637994289398, 38.51514053344726], [-0.177637994289398, 38.515415191650504], [-0.177916005253792, 38.515415191650504], [-0.177916005253792, 38.51514053344726], [-0.178471997380257, 38.51514053344726], [-0.178471997380257, 38.515415191650504], [-0.179028004407883, 38.515415191650504], [-0.179028004407883, 38.515693664550895], [-0.179306000471115, 38.515693664550895], [-0.179306000471115, 38.515972137451286], [-0.17986199259758, 38.515972137451286], [-0.17986199259758, 38.51625061035162], [-0.181599006056786, 38.51625061035162], [-0.182083994150105, 38.51625061035162], [-0.182107001542988, 38.516033172607365], [-0.182266995310727, 38.515972137451286], [-0.182638004422074, 38.515972137451286], [-0.182638004422074, 38.51581192016613], [-0.182638004422074, 38.515693664550895], [-0.182918995618763, 38.515693664550895], [-0.183471992611885, 38.515693664550895], [-0.183471992611885, 38.515415191650504], [-0.183578997850418, 38.515415191650504], [-0.184306994080543, 38.515415191650504], [-0.184306994080543, 38.51514053344726], [-0.184581995010376, 38.51514053344726], [-0.184581995010376, 38.514991760253906], [-0.184581995010376, 38.51486206054693], [-0.184888005256596, 38.51486206054693], [-0.185415998101234, 38.51486206054693], [-0.185415998101234, 38.51458358764654], [-0.185549005866051, 38.51458358764654], [-0.185973003506604, 38.51458358764654], [-0.185973003506604, 38.51440429687494], [-0.185973003506604, 38.51430511474615], [-0.186215996742192, 38.51430511474615], [-0.186807006597462, 38.51430511474615], [-0.186807006597462, 38.51405334472656], [-0.187085002660694, 38.5140380859375], [-0.187361001968384, 38.51402664184576], [-0.187361001968384, 38.51430511474615], [-0.188473001122475, 38.51430511474615], [-0.188473001122475, 38.51458358764654], [-0.188750997185707, 38.51458358764654], [-0.188750997185707, 38.51486206054693], [-0.189028993248939, 38.51486206054693], [-0.189028993248939, 38.51514053344726], [-0.189583003520909, 38.51514053344726], [-0.189583003520909, 38.51486206054693], [-0.189860999584141, 38.51486206054693], [-0.189860999584141, 38.51514053344726], [-0.190417006611767, 38.51514053344726], [-0.190417006611767, 38.515415191650504], [-0.191526994109154, 38.515415191650504], [-0.191526994109154, 38.515693664550895], [-0.192360997200012, 38.515693664550895], [-0.192360997200012, 38.515415191650504], [-0.192917004227638, 38.515415191650504], [-0.192917004227638, 38.51514053344726], [-0.193195000290871, 38.51514053344726], [-0.193195000290871, 38.51486206054693], [-0.193335995078087, 38.51486206054693], [-0.193472996354103, 38.51486206054693], [-0.193472996354103, 38.51458358764654], [-0.194027006626129, 38.51458358764654], [-0.194027006626129, 38.51486206054693], [-0.19486099481577, 38.51486206054693], [-0.19486099481577, 38.51474380493164], [-0.19486099481577, 38.51458358764654], [-0.19513900578022, 38.51458358764654], [-0.19513900578022, 38.51430511474615], [-0.195694997906628, 38.51430511474615], [-0.195694997906628, 38.51467514038097], [-0.195694997906628, 38.51486206054693], [-0.19597299396986, 38.51486206054693], [-0.195970997214317, 38.51514053344726], [-0.197082996368408, 38.51514053344726], [-0.197082996368408, 38.51486206054693], [-0.197361007332688, 38.51486206054693], [-0.197361007332688, 38.51472473144537], [-0.197361007332688, 38.51458358764654], [-0.197639003395921, 38.51458358764654], [-0.197639003395921, 38.51486206054693], [-0.198470994830132, 38.51486206054693], [-0.198470994830132, 38.51458358764654], [-0.198749005794525, 38.51458358764654], [-0.198749005794525, 38.514434814453125], [-0.198749005794525, 38.51374816894537], [-0.199305996298733, 38.51374816894537], [-0.199305996298733, 38.5131950378418], [-0.200415000319367, 38.5131950378418], [-0.200415000319367, 38.51347351074218], [-0.200972005724907, 38.51347351074218], [-0.200972005724907, 38.5131950378418], [-0.201527997851372, 38.5131950378418], [-0.201527997851372, 38.512916564941406], [-0.202084004878998, 38.512916564941406], [-0.202084004878998, 38.5131950378418], [-0.20236200094223, 38.5131950378418], [-0.20236200094223, 38.51305389404308], [-0.20236200094223, 38.512916564941406], [-0.202915996313038, 38.512916564941406], [-0.202915996313038, 38.512638092041016], [-0.203749999403897, 38.512638092041016], [-0.203749999403897, 38.512359619140625], [-0.204861998557988, 38.512359619140625], [-0.204861998557988, 38.512084960937614], [-0.205137997865677, 38.512084960937614], [-0.205137997865677, 38.51180648803722], [-0.205694004893303, 38.51180648803722], [-0.205694004893303, 38.51152801513683], [-0.206249997019768, 38.51152801513683], [-0.206249997019768, 38.51180648803722], [-0.206527993083, 38.51180648803722], [-0.206527993083, 38.51152801513683], [-0.207084000110626, 38.51152801513683], [-0.207084000110626, 38.51124954223644], [-0.207916006445885, 38.51124954223644], [-0.207916006445885, 38.51097106933588], [-0.208749994635525, 38.51097106933588], [-0.208749994635525, 38.51069259643549], [-0.209859997034073, 38.51069259643549], [-0.209859997034073, 38.51013946533209], [-0.210694000124931, 38.51013946533209], [-0.210694000124931, 38.5098609924317], [-0.211806997656822, 38.5098609924317], [-0.211806997656822, 38.509582519531364], [-0.212081998586655, 38.509582519531364], [-0.212081998586655, 38.50930404663097], [-0.212359994649887, 38.50930404663097], [-0.212359994649887, 38.50902938842773], [-0.212638005614281, 38.50902938842773], [-0.212638005614281, 38.50875091552734], [-0.213194996118489, 38.50875091552734], [-0.213194996118489, 38.50819396972662], [-0.213751003146115, 38.50819396972662], [-0.213751003146115, 38.50791549682623], [-0.214582994580269, 38.50791549682623], [-0.214582994580269, 38.50763702392584], [-0.215139001607895, 38.50763702392584], [-0.215139001607895, 38.50736236572265], [-0.21569499373436, 38.50736236572265], [-0.21569499373436, 38.507083892822266], [-0.215416997671127, 38.507083892822266], [-0.215416997671127, 38.506805419921875], [-0.216804996132794, 38.506805419921875], [-0.216804996132794, 38.506526947021484], [-0.217083007097187, 38.506526947021484], [-0.217083007097187, 38.506248474121094], [-0.21736100316042, 38.506248474121094], [-0.21736100316042, 38.505973815918075], [-0.217638999223652, 38.505973815918075], [-0.217638999223652, 38.50569534301769], [-0.218750998377743, 38.50569534301769], [-0.218750998377743, 38.5054168701173], [-0.220416992902756, 38.5054168701173], [-0.220416992902756, 38.50569534301769], [-0.220695003867149, 38.50569534301769], [-0.220695003867149, 38.505973815918075], [-0.220138996839523, 38.505973815918075], [-0.220138996839523, 38.50611114501959], [-0.220138996839523, 38.506248474121094], [-0.219583004713058, 38.506248474121094], [-0.219583004713058, 38.506526947021484], [-0.218750998377743, 38.506526947021484], [-0.218750998377743, 38.506805419921875], [-0.217916995286885, 38.506805419921875], [-0.217916995286885, 38.507083892822266], [-0.21736100316042, 38.507083892822266], [-0.21736100316042, 38.50736236572265], [-0.216804996132794, 38.50736236572265], [-0.216804996132794, 38.50763702392584], [-0.216527000069561, 38.50763702392584], [-0.216527000069561, 38.50791549682623], [-0.216804996132794, 38.50791549682623], [-0.216804996132794, 38.50819396972662], [-0.21736100316042, 38.50819396972662], [-0.21736100316042, 38.50791549682623], [-0.217916995286885, 38.50791549682623], [-0.217916995286885, 38.50763702392584], [-0.218750998377743, 38.50763702392584], [-0.218750998377743, 38.50736236572265], [-0.219583004713058, 38.50736236572265], [-0.219583004713058, 38.507083892822266], [-0.219861000776291, 38.507083892822266], [-0.219861000776291, 38.50736236572265], [-0.220416992902756, 38.50736236572265], [-0.220416992902756, 38.50763702392584], [-0.22152699530119, 38.50763702392584], [-0.22152699530119, 38.50791549682623], [-0.222083002328873, 38.50791549682623], [-0.222083002328873, 38.50819396972662], [-0.222360998392048, 38.50819396972662], [-0.222360998392048, 38.50847244262701], [-0.223471000790596, 38.50847244262701], [-0.223471000790596, 38.50819396972662], [-0.224026992917061, 38.50819396972662], [-0.224026992917061, 38.50794219970703], [-0.224582999944687, 38.50791549682623], [-0.224582999944687, 38.50763702392584], [-0.225418001413345, 38.50763702392584], [-0.225418001413345, 38.50736236572265], [-0.226248994469643, 38.50736236572265], [-0.226248994469643, 38.507083892822266], [-0.226805999875012, 38.507083892822266], [-0.226805999875012, 38.506805419921875], [-0.22764000296587, 38.506805419921875], [-0.22764000296587, 38.506526947021484], [-0.227917999029103, 38.506526947021484], [-0.227917999029103, 38.506248474121094], [-0.228471994400024, 38.506248474121094], [-0.228471994400024, 38.50612640380865], [-0.228471994400024, 38.505973815918075], [-0.228750005364418, 38.505973815918075], [-0.228750005364418, 38.50569534301769], [-0.229305997490883, 38.50569534301769], [-0.229305997490883, 38.5054168701173], [-0.229583993554115, 38.5054168701173], [-0.229583993554115, 38.50513839721691], [-0.229862004518509, 38.50513839721691], [-0.229862004518509, 38.504997253418026], [-0.229862004518509, 38.50485992431652], [-0.230138003826085, 38.50485992431652], [-0.230140000581741, 38.50402832031256], [-0.230693995952549, 38.50402832031256], [-0.230693995952549, 38.503749847412166], [-0.230972006916943, 38.503749847412166], [-0.230972006916943, 38.503494262695426], [-0.231250002980175, 38.503471374511776], [-0.231250002980175, 38.50331878662121], [-0.231250002980175, 38.5029182434082], [-0.231527999043408, 38.5029182434082], [-0.231527999043408, 38.502639770507805], [-0.23180599510664, 38.502639770507805], [-0.23180599510664, 38.50236129760742], [-0.232084006071034, 38.50236129760742], [-0.232084006071034, 38.50208282470709], [-0.232362002134266, 38.50208282470709], [-0.232362002134266, 38.5018043518067], [-0.23319399356842, 38.5018043518067], [-0.23319399356842, 38.50152969360346], [-0.233750000596046, 38.50152587890631], [-0.233750000596046, 38.50125122070307], [-0.234305992722511, 38.50125122070307], [-0.234305992722511, 38.500972747802734], [-0.234860002994537, 38.500972747802734], [-0.234860002994537, 38.500694274902344], [-0.235349997878075, 38.500694274902344], [-0.235694006085396, 38.500694274902344], [-0.235694006085396, 38.50041580200195], [-0.235782995819932, 38.50041580200195], [-0.235972002148628, 38.50041580200195], [-0.235972002148628, 38.5002937316895], [-0.235972002148628, 38.50013732910156], [-0.236218005418777, 38.50013732910156], [-0.236806005239487, 38.50013732910156], [-0.236806005239487, 38.499862670898544], [-0.237082004547005, 38.499862670898544], [-0.237082004547005, 38.49963378906256], [-0.237360000610352, 38.49962615966802], [-0.239307001233101, 38.49958419799816], [-0.239307001233101, 38.49930572509777], [-0.242082998156548, 38.49930572509777], [-0.242082998156548, 38.49902725219738], [-0.242917001247406, 38.49902725219738], [-0.242917001247406, 38.49874877929699], [-0.243194997310638, 38.49874877929699], [-0.243194997310638, 38.49847412109381], [-0.243766993284225, 38.49847412109381], [-0.244304999709072, 38.49847412109381], [-0.244304999709072, 38.49874877929699], [-0.246804997324944, 38.49874877929699], [-0.246804997324944, 38.49847412109381], [-0.248195007443428, 38.49847412109381], [-0.248195007443428, 38.49874877929699], [-0.248749002814293, 38.49874877929699], [-0.248749002814293, 38.49902725219738], [-0.249861001968384, 38.49902725219738], [-0.249861001968384, 38.49874877929699], [-0.250138998031559, 38.49874877929699], [-0.250138998031559, 38.49847412109381], [-0.251527011394444, 38.49847412109381], [-0.251527011394444, 38.49819564819341], [-0.251805007457619, 38.49819564819341], [-0.251805007457619, 38.497917175293026], [-0.252918004989624, 38.497917175293026], [-0.252918004989624, 38.497638702392635], [-0.254584014415684, 38.497638702392635], [-0.254584014415684, 38.497360229492244], [-0.255140006542149, 38.497360229492244], [-0.255140006542149, 38.497081756591854], [-0.255971997976303, 38.497081756591854], [-0.255971997976303, 38.49680709838867], [-0.258193999528828, 38.49680709838867], [-0.258193999528828, 38.496528625488274], [-0.258749991655293, 38.496528625488274], [-0.258749991655293, 38.49680709838867], [-0.259306013584137, 38.49680709838867], [-0.259306013584137, 38.496528625488274], [-0.259584009647369, 38.496528625488274], [-0.259584009647369, 38.4959716796875], [-0.260693997144699, 38.4959716796875], [-0.260693997144699, 38.495693206787166], [-0.261249989271164, 38.495693206787166], [-0.261249989271164, 38.4954452514649], [-0.261411994695607, 38.49543762207037], [-0.261806011199837, 38.4954185485841], [-0.261806011199837, 38.495693206787166], [-0.262360006570816, 38.495693206787166], [-0.262360006570816, 38.4954185485841], [-0.263471990823689, 38.4954185485841], [-0.263471990823689, 38.49514007568354], [-0.264028012752533, 38.49514007568354], [-0.264028012752533, 38.49486160278314], [-0.265138000249863, 38.49486160278314], [-0.265138000249863, 38.49458312988281], [-0.26680400967598, 38.49458312988281], [-0.26680400967598, 38.49430465698242], [-0.268195003271046, 38.49430465698242], [-0.268195003271046, 38.49402618408203], [-0.269028991460743, 38.49402618408203], [-0.269028991460743, 38.49375152587901], [-0.269582986831665, 38.49375152587901], [-0.269582986831665, 38.49319458007824], [-0.270139008760452, 38.49319458007824], [-0.270139008760452, 38.49276733398443], [-0.270139008760452, 38.49263763427746], [-0.27054700255394, 38.49263763427746], [-0.27097299695015, 38.49263763427746], [-0.27097299695015, 38.49250030517578], [-0.27097299695015, 38.49208450317388], [-0.271250993013382, 38.49208450317388], [-0.271250993013382, 38.491527557373104], [-0.271526992320958, 38.491527557373104], [-0.271526992320958, 38.49124908447271], [-0.272083014249802, 38.49124908447271], [-0.272083014249802, 38.491527557373104], [-0.27263900637621, 38.491527557373104], [-0.27263900637621, 38.49124908447271], [-0.273194998502674, 38.49124908447271], [-0.273194998502674, 38.49069595336914], [-0.273748993873596, 38.49069595336914], [-0.273748993873596, 38.49041748046874], [-0.275139003992081, 38.49041748046874], [-0.275139003992081, 38.49069595336914], [-0.275694996118546, 38.49069595336914], [-0.275694996118546, 38.49041748046874], [-0.276248991489354, 38.49041748046874], [-0.276248991489354, 38.49013900756836], [-0.27791699767107, 38.49013900756836], [-0.27791699767107, 38.490291595458984], [-0.27791699767107, 38.49041748046874], [-0.278196007013264, 38.49041748046874], [-0.278196007013264, 38.49013900756836], [-0.278470993041992, 38.49013900756836], [-0.278470993041992, 38.49041748046874], [-0.279861986637115, 38.49041748046874], [-0.279861986637115, 38.49013900756836], [-0.28014001250267, 38.49013900756836], [-0.28014001250267, 38.48958206176758], [-0.280418008565903, 38.48958206176758], [-0.280418008565903, 38.48986053466797], [-0.28097099065775, 38.48986053466797], [-0.28097099065775, 38.48958206176758], [-0.28125, 38.48958206176758], [-0.28125, 38.48930740356457], [-0.281527996063176, 38.48930740356457], [-0.281527996063176, 38.48819351196289], [-0.282362014055195, 38.48819351196289], [-0.282362014055195, 38.4879150390625], [-0.283194005489349, 38.4879150390625], [-0.283194005489349, 38.48819351196289], [-0.283749997615814, 38.48819351196289], [-0.283749997615814, 38.48847198486322], [-0.284305989742279, 38.48847198486322], [-0.284305989742279, 38.48819351196289], [-0.284583985805511, 38.48819351196289], [-0.284583985805511, 38.48847198486322], [-0.285694003105107, 38.48847198486322], [-0.285694003105107, 38.48836898803705], [-0.285694003105107, 38.48819351196289], [-0.286249995231572, 38.48819351196289], [-0.286249995231572, 38.4879150390625], [-0.287638008594513, 38.4879150390625], [-0.287638008594513, 38.48779296875006], [-0.287638008594513, 38.48764038085943], [-0.288044005632344, 38.48764038085943], [-0.288749992847443, 38.48764038085943], [-0.288749992847443, 38.4873619079591], [-0.289584010839349, 38.4873619079591], [-0.289584010839349, 38.48708343505871], [-0.290138006210327, 38.48708343505871], [-0.290138006210327, 38.48680496215832], [-0.29041600227356, 38.48680496215832], [-0.29041600227356, 38.48663330078131], [-0.29041600227356, 38.486526489257926], [-0.290693998336735, 38.486526489257926], [-0.290693998336735, 38.486251831054744], [-0.291312009096089, 38.486251831054744], [-0.291527986526432, 38.486251831054744], [-0.291527986526432, 38.48597335815435], [-0.291967988014221, 38.48597335815435], [-0.292360007762795, 38.48597335815435], [-0.292360007762795, 38.485805511474666], [-0.292360007762795, 38.485694885253956], [-0.29262501001358, 38.485694885253956], [-0.292915999889374, 38.485694885253956], [-0.292915999889374, 38.48556900024414], [-0.292915999889374, 38.48541641235357], [-0.293195009231567, 38.48541641235357], [-0.293195009231567, 38.48513793945318], [-0.294028997421265, 38.48513793945318], [-0.294028997421265, 38.48485946655279], [-0.294591993093491, 38.48485946655279], [-0.294860988855305, 38.48485946655279], [-0.294860988855305, 38.48474502563471], [-0.294860988855305, 38.48458480834961], [-0.295237004756927, 38.48458480834961], [-0.295695006847325, 38.48458480834961], [-0.295695006847325, 38.48430633544922], [-0.295893013477269, 38.48430633544922], [-0.29625099897379, 38.48430633544922], [-0.29625099897379, 38.48415374755865], [-0.29625099897379, 38.48402786254882], [-0.296548992395401, 38.48402786254882], [-0.296804994344711, 38.48402786254882], [-0.296804994344711, 38.483917236328125], [-0.296804994344711, 38.48374938964844], [-0.297203987836838, 38.48374938964844], [-0.297360986471176, 38.48374938964844], [-0.297360986471176, 38.48347091674805], [-0.297859996557236, 38.48347091674805], [-0.298473000526428, 38.48347091674805], [-0.298473000526428, 38.483196258545036], [-0.299304991960469, 38.483196258545036], [-0.299304991960469, 38.48291778564464], [-0.299861013889313, 38.48291778564464], [-0.299861013889313, 38.482639312744254], [-0.300417006015721, 38.482639312744254], [-0.300417006015721, 38.482360839843686], [-0.301526993513107, 38.482360839843686], [-0.301526993513107, 38.482109069824276], [-0.304462999105453, 38.48492813110363], [-0.303169995546284, 38.49162673950195], [-0.307253986597061, 38.49248504638672], [-0.307763010263443, 38.496658325195426], [-0.313470005989075, 38.49887466430663], [-0.316778987646103, 38.497463226318416], [-0.317079991102219, 38.49892807006835], [-0.322032004594803, 38.50046539306651], [-0.321916013956013, 38.504867553710866], [-0.324247986078262, 38.50974273681646], [-0.327053010463658, 38.50919342041021], [-0.326902985572815, 38.51081085205078], [-0.332129001617375, 38.513626098632926], [-0.331800997257233, 38.51633834838873], [-0.328709989786034, 38.51583480834955], [-0.32665699720377, 38.51990509033214], [-0.314083009958154, 38.525287628173885], [-0.308035999536514, 38.52595901489258], [-0.302107989787999, 38.528984069824276], [-0.296725004911423, 38.528163909912166], [-0.292654007673264, 38.529953002929744], [-0.288201004266682, 38.529769897460994], [-0.269513994455338, 38.5389289855957], [-0.26461198925972, 38.53838348388683], [-0.263920992612839, 38.541179656982536], [-0.260426998138428, 38.54077911376953], [-0.262481003999709, 38.54258728027355], [-0.251166999340057, 38.550781250000114], [-0.248758003115597, 38.55915832519537], [-0.244925007224083, 38.562805175781364], [-0.240713000297546, 38.560100555419915], [-0.236182004213276, 38.5604019165039], [-0.229570001363754, 38.55777740478521], [-0.227267995476723, 38.55255889892572], [-0.216961994767075, 38.55084609985357], [-0.208435997366905, 38.54470825195324], [-0.200731992721558, 38.54454803466791], [-0.1867659986018, 38.536411285400504], [-0.172756001353264, 38.53126144409191], [-0.169813007116318, 38.53198623657232], [-0.166492998599949, 38.52721023559576], [-0.167659997940063, 38.523159027099666], [-0.167361006140709, 38.523193359375]]]}}, {"type": "Feature", "properties": {"cpro": "03", "name_3": "Alacanti", "provincia": "Alicante", "communidad_autonoma": "Comunidad Valenciana", "cmun": "090", "codigo_postal": "03090", "engtype_4": "Municipality", "geo_point_2d": [38.43448274038727, -0.47489936620334905], "dc": "9", "id_2": 35, "id_3": 248, "id_0": 215, "id_1": 10, "iso": "ESP", "id_4": 6352, "type_4": "Municipality", "pais": "Spain", "ccn_4": 0, "municipio": "Mutxamel", "codine": "03090", "nombre": "Mutxamel", "pop": 25352, "CodMunicipio": 3090}, "geometry": {"type": "Polygon", "coordinates": [[[-0.41941499710083, 38.42795181274414], [-0.42145499587059, 38.422122955322315], [-0.429102003574258, 38.41485595703125], [-0.435874998569489, 38.41307830810558], [-0.437770992517471, 38.41060256958008], [-0.453942000865936, 38.403400421142635], [-0.454759985208511, 38.39604568481457], [-0.461869001388436, 38.39507293701172], [-0.473690986633301, 38.40147399902355], [-0.468347996473312, 38.405277252197266], [-0.469554007053318, 38.4110679626466], [-0.475686997175217, 38.407970428466854], [-0.475600987672749, 38.40515518188487], [-0.481007009744644, 38.40147781372075], [-0.484741985797882, 38.40272903442377], [-0.498800009489059, 38.422069549560604], [-0.552188992500305, 38.45208358764659], [-0.545834004878941, 38.46006774902343], [-0.527544021606388, 38.46343231201183], [-0.496946990489846, 38.45154953002941], [-0.471325010061207, 38.461078643798935], [-0.44403201341629, 38.448989868164006], [-0.434484988450947, 38.45198822021496], [-0.416664004325753, 38.454002380371094], [-0.417600989341736, 38.440292358398494], [-0.42059999704361, 38.43038558959955], [-0.41941499710083, 38.42795181274414]]]}}, {"type": "Feature", "properties": {"name_3": "Marina Alta", "provincia": "Alicante", "communidad_autonoma": "Comunidad Valenciana", "engtype_4": "Municipality", "geo_point_2d": [38.65256003698989, 0.044541352069952], "id_2": 35, "id_3": 253, "id_0": 215, "id_1": 10, "iso": "ESP", "id_4": 6431, "type_4": "Municipality", "pais": "Spain", "ccn_4": 0, "municipio": "Calpe", "codine": "03047", "nombre": "Calpe", "pop": 22725, "CodMunicipio": 3047}, "geometry": {"type": "Polygon", "coordinates": [[[0.085083000361976, 38.659027099609375], [0.084862001240253, 38.659027099609375], [0.084862001240253, 38.658748626708984], [0.084583997726497, 38.658748626708984], [0.084583997726497, 38.658473968505966], [0.084306001663208, 38.658473968505966], [0.084306001663208, 38.65819549560558], [0.083535000681934, 38.65819549560558], [0.083192996680793, 38.65819549560558], [0.083192996680793, 38.65791702270519], [0.082918003201598, 38.65791702270519], [0.082918003201598, 38.6576385498048], [0.082360997796059, 38.6576385498048], [0.082360997796059, 38.65708160400385], [0.081804998219013, 38.65708160400385], [0.081804998219013, 38.65652847290045], [0.081527002155894, 38.65652847290045], [0.081527002155894, 38.65625], [0.081248998641968, 38.65625], [0.081248998641968, 38.65608978271496], [0.081248998641968, 38.65597152709972], [0.080971002578849, 38.65597152709972], [0.080971002578849, 38.65569305419933], [0.08069500327116, 38.65569305419933], [0.08069500327116, 38.655372619628906], [0.08069500327116, 38.655139923095696], [0.08041699975729, 38.655139923095696], [0.08041699975729, 38.65486145019537], [0.080139003694114, 38.65486145019537], [0.080139003694114, 38.65458297729498], [0.079861000180244, 38.65458297729498], [0.079861000180244, 38.6540260314942], [0.079582996666488, 38.6540260314942], [0.079582996666488, 38.653751373291016], [0.079026997089443, 38.653751373291016], [0.079026997089443, 38.65347290039062], [0.078749001026154, 38.65347290039062], [0.078749001026154, 38.652915954589844], [0.078470997512397, 38.652915954589844], [0.078473001718635, 38.65171432495123], [0.078473001718635, 38.65152740478527], [0.078656002879143, 38.65152740478527], [0.079026997089443, 38.65152740478527], [0.079026997089443, 38.651149749755916], [0.079026997089443, 38.650852203369254], [0.079026997089443, 38.65041732788091], [0.078473001718635, 38.65041732788091], [0.078473001718635, 38.6495819091798], [0.077624998986778, 38.6495819091798], [0.077082999050617, 38.6495819091798], [0.077082999050617, 38.64930725097656], [0.076805002987498, 38.64930725097656], [0.076805002987498, 38.648750305175774], [0.076706998050156, 38.648750305175774], [0.075972996652183, 38.648750305175774], [0.075972996652183, 38.64847183227545], [0.075695000588894, 38.64847183227545], [0.075695000588894, 38.64819335937506], [0.075139001011848, 38.64819335937506], [0.075139001011848, 38.64805603027355], [0.075139001011848, 38.647914886474666], [0.074583001434803, 38.647914886474666], [0.074583001434803, 38.64736175537109], [0.074304997921047, 38.64736175537109], [0.074304997921047, 38.64652633666992], [0.074027001857758, 38.64652633666992], [0.074027001857758, 38.64626693725597], [0.074027001857758, 38.64597320556651], [0.073751002550239, 38.64597320556651], [0.073751002550239, 38.64541625976574], [0.073472999036369, 38.64541625976574], [0.073472999036369, 38.64513778686535], [0.073195002973193, 38.64513778686535], [0.073195002973193, 38.644027709960994], [0.072916999459324, 38.644027709960994], [0.072916999459324, 38.642082214355526], [0.073195002973193, 38.642082214355526], [0.073195002973193, 38.641529083251896], [0.073472999036369, 38.641529083251896], [0.073472999036369, 38.641250610351506], [0.074988000095004, 38.641250610351506], [0.075972996652183, 38.641250610351506], [0.075972996652183, 38.640972137451165], [0.076805002987498, 38.640972137451165], [0.076805002987498, 38.64069366455078], [0.077082999050617, 38.64069366455078], [0.077082999050617, 38.64014053344738], [0.076805002987498, 38.64014053344738], [0.076805002987498, 38.63902664184582], [0.076526999473572, 38.63902664184582], [0.076526999473572, 38.638309478759766], [0.076526999473572, 38.63819503784185], [0.076249003410453, 38.63819503784185], [0.076249003410453, 38.63735961914068], [0.076823003590107, 38.63735961914068], [0.077082999050617, 38.63735961914068], [0.077082999050617, 38.6370849609375], [0.077638998627663, 38.6370849609375], [0.077638998627663, 38.63652801513671], [0.077917002141589, 38.63652801513671], [0.077917002141589, 38.635692596435604], [0.078470997512397, 38.635692596435604], [0.078473001718635, 38.635498046875114], [0.078473001718635, 38.635417938232536], [0.078764997422695, 38.635417938232536], [0.079305000603199, 38.635417938232536], [0.079305000603199, 38.63526916503911], [0.079305000603199, 38.635139465331974], [0.079778999090195, 38.635139465331974], [0.080139003694114, 38.635139465331974], [0.080139003694114, 38.635417938232536], [0.081248998641968, 38.635417938232536], [0.081248998641968, 38.63486099243158], [0.081527002155894, 38.63486099243158], [0.081527002155894, 38.63458251953125], [0.081804998219013, 38.63458251953125], [0.081804998219013, 38.63430404663086], [0.08208300173294, 38.63430404663086], [0.08208300173294, 38.63402938842779], [0.082360997796059, 38.63402938842779], [0.082360997796059, 38.63375091552745], [0.082639999687729, 38.63375091552745], [0.082639999687729, 38.63347244262707], [0.082918003201598, 38.63347244262707], [0.082918003201598, 38.632915496826286], [0.083192996680793, 38.632915496826286], [0.083192996680793, 38.632637023925895], [0.083471000194493, 38.632637023925895], [0.083471000194493, 38.63236236572271], [0.083749003708419, 38.63236236572271], [0.083749003708419, 38.631805419921925], [0.083471000194493, 38.631805419921925], [0.083471000194493, 38.63152694702154], [0.083192996680793, 38.63152694702154], [0.083192996680793, 38.63124847412115], [0.08220399916172, 38.63124847412115], [0.08208300173294, 38.63124847412115], [0.08208300173294, 38.63152694702154], [0.081527002155894, 38.63152694702154], [0.081527002155894, 38.631805419921925], [0.080971002578849, 38.631805419921925], [0.080971002578849, 38.632083892822315], [0.08041699975729, 38.632083892822315], [0.08041699975729, 38.63236236572271], [0.079305000603199, 38.63236236572271], [0.079305000603199, 38.632637023925895], [0.077638998627663, 38.632637023925895], [0.077638998627663, 38.632915496826286], [0.074860997498092, 38.632915496826286], [0.074860997498092, 38.632637023925895], [0.074583001434803, 38.632637023925895], [0.074583001434803, 38.63236236572271], [0.072082996368522, 38.63236236572271], [0.072082996368522, 38.632637023925895], [0.071805000305233, 38.632637023925895], [0.071805000305233, 38.632915496826286], [0.071250997483787, 38.632915496826286], [0.071250997483787, 38.633193969726676], [0.070973001420498, 38.633193969726676], [0.070973001420498, 38.63402938842779], [0.071250997483787, 38.63402938842779], [0.071250997483787, 38.63444900512707], [0.071250997483787, 38.63486099243158], [0.069306999445018, 38.63486099243158], [0.069306999445018, 38.635139465331974], [0.067638002336139, 38.635139465331974], [0.067638002336139, 38.635417938232536], [0.067082002759093, 38.635417938232536], [0.067082002759093, 38.635692596435604], [0.067359998822212, 38.635692596435604], [0.067359998822212, 38.63597106933594], [0.068194001913184, 38.63597106933594], [0.068194001913184, 38.63624954223633], [0.068471997976303, 38.63624954223633], [0.068471997976303, 38.63652801513671], [0.06875000149023, 38.63652801513671], [0.06875000149023, 38.63819503784185], [0.068194001913184, 38.63819503784185], [0.068194001913184, 38.638473510742244], [0.067915998399258, 38.638473510742244], [0.067915998399258, 38.638748168945426], [0.068194001913184, 38.638748168945426], [0.068194001913184, 38.63930511474621], [0.067915998399258, 38.63930511474621], [0.067915998399258, 38.6395835876466], [0.067638002336139, 38.6395835876466], [0.067638002336139, 38.639907836914], [0.067638002336139, 38.64041519165039], [0.065972000360489, 38.64041519165039], [0.065972000360489, 38.640258789062614], [0.065972000360489, 38.64014053344738], [0.061528000980616, 38.64014053344738], [0.061528000980616, 38.64041519165039], [0.061250001192093, 38.64041519165039], [0.061250001192093, 38.64069366455078], [0.059027999639568, 38.64069366455078], [0.059027999639568, 38.64041519165039], [0.058194000274, 38.64041519165039], [0.058194000274, 38.640972137451165], [0.057918000966311, 38.640972137451165], [0.057918000966311, 38.641803741455135], [0.05652699992055, 38.641803741455135], [0.05652699992055, 38.64168167114269], [0.05652699992055, 38.641529083251896], [0.052916999906301, 38.641529083251896], [0.052916999906301, 38.641250610351506], [0.052639000117779, 38.641250610351506], [0.052639000117779, 38.641529083251896], [0.050595000386352, 38.641529083251896], [0.048195000737906, 38.641529083251896], [0.048195000737906, 38.641418457031364], [0.048195000737906, 38.641250610351506], [0.046805001795292, 38.641250610351506], [0.046805001795292, 38.640972137451165], [0.046018000692243, 38.640972137451165], [0.045694999396858, 38.640972137451165], [0.045694999396858, 38.640823364257926], [0.045694999396858, 38.64069366455078], [0.045414000749531, 38.64069366455078], [0.04486100003129, 38.64069366455078], [0.04486100003129, 38.64041519165039], [0.044583000242767, 38.64041519165039], [0.044583000242767, 38.64030838012701], [0.044583000242767, 38.64014053344738], [0.044215999543781, 38.64014053344738], [0.04347300156951, 38.64014053344738], [0.04347300156951, 38.63986206054698], [0.043195001780987, 38.63986206054698], [0.043195001780987, 38.63967132568371], [0.043195001780987, 38.6395835876466], [0.04299899935728, 38.6395835876466], [0.042638000100794, 38.6395835876466], [0.042638000100794, 38.63941192626959], [0.042638000100794, 38.63930511474621], [0.042360000312271, 38.63930511474621], [0.042360000312271, 38.63902664184582], [0.042082000523749, 38.63902664184582], [0.042082000523749, 38.638748168945426], [0.041195999831075, 38.638748168945426], [0.040972001850719, 38.638748168945426], [0.040972001850719, 38.638645172119254], [0.040972001850719, 38.638473510742244], [0.040693998336792, 38.638473510742244], [0.040693998336792, 38.63819503784185], [0.040415998548269, 38.63819503784185], [0.040415998548269, 38.63763809204107], [0.040137998759747, 38.63763809204107], [0.040137998759747, 38.6370849609375], [0.039859998971224, 38.6370849609375], [0.039859998971224, 38.63652801513671], [0.039583999663591, 38.63652801513671], [0.039583999663591, 38.63624954223633], [0.035693999379873, 38.63624954223633], [0.035693999379873, 38.63597106933594], [0.035415999591351, 38.63597106933594], [0.035415999591351, 38.635692596435604], [0.035137999802828, 38.635692596435604], [0.035137999802828, 38.63486099243158], [0.035693999379873, 38.63486099243158], [0.035693999379873, 38.63458251953125], [0.036249998956919, 38.63458251953125], [0.036249998956919, 38.63402938842779], [0.035693999379873, 38.63402938842779], [0.035693999379873, 38.63375091552745], [0.035415999591351, 38.63375091552745], [0.035415999591351, 38.63347244262707], [0.034862000495195, 38.63347244262707], [0.034862000495195, 38.632915496826286], [0.034028001129627, 38.632915496826286], [0.034028001129627, 38.632637023925895], [0.032915998250303, 38.632637023925895], [0.032915998250303, 38.63236236572271], [0.031805999577102, 38.63236236572271], [0.031805999577102, 38.632083892822315], [0.03152799978858, 38.632083892822315], [0.03152799978858, 38.6319580078125], [0.03152799978858, 38.631805419921925], [0.03125, 38.631805419921925], [0.03125, 38.63097381591797], [0.030693000182566, 38.63097381591797], [0.030693000182566, 38.63069534301758], [0.03125, 38.63069534301758], [0.03125, 38.63013839721679], [0.03152799978858, 38.63013839721679], [0.03152799978858, 38.629581451416016], [0.031805999577102, 38.629581451416016], [0.031805999577102, 38.629306793213004], [0.03152799978858, 38.629306793213004], [0.03152799978858, 38.62902832031261], [0.030602000653744, 38.62902832031261], [0.030139999464268, 38.62902832031261], [0.030139999464268, 38.628471374511655], [0.030606999993381, 38.628471374511655], [0.030693000182566, 38.628471374511655], [0.030693000182566, 38.62819290161133], [0.030972000211534, 38.62819290161133], [0.030972000211534, 38.627082824707145], [0.03125, 38.627082824707145], [0.03125, 38.626525878906364], [0.03152799978858, 38.626525878906364], [0.03152799978858, 38.62625122070318], [0.03125, 38.62625122070318], [0.03125, 38.62569427490239], [0.030972000211534, 38.62569427490239], [0.030972000211534, 38.62513732910162], [0.028195999562797, 38.62513732910162], [0.028195999562797, 38.62541580200201], [0.027916999533829, 38.62541580200201], [0.027916999533829, 38.62569427490239], [0.027638999745307, 38.62569427490239], [0.027638999745307, 38.62597274780279], [0.027360999956784, 38.62597274780279], [0.027360999956784, 38.62625122070318], [0.027638999745307, 38.62625122070318], [0.027638999745307, 38.626804351806754], [0.027916999533829, 38.62685012817377], [0.027916999533829, 38.627082824707145], [0.027638999745307, 38.627082824707145], [0.027638999745307, 38.62736129760753], [0.027360999956784, 38.62736129760753], [0.027360999956784, 38.62791824340826], [0.026805000379738, 38.62791824340826], [0.026805000379738, 38.62819290161133], [0.025970999151468, 38.62819290161133], [0.025970999151468, 38.628471374511655], [0.023195000365433, 38.628471374511655], [0.023195000365433, 38.62874984741205], [0.022360999137163, 38.62874984741205], [0.022360999137163, 38.62902832031261], [0.021804999560118, 38.62902832031261], [0.021804999560118, 38.629306793213004], [0.020612999796867, 38.629306793213004], [0.02013899944734, 38.629306793213004], [0.02013899944734, 38.62946701049816], [0.02013899944734, 38.629581451416016], [0.019860999658817, 38.629585266113395], [0.019860999658817, 38.629859924316406], [0.019305000081772, 38.629859924316406], [0.019305000081772, 38.63013839721679], [0.018472999334392, 38.63013839721679], [0.018472999334392, 38.63041687011719], [0.017361000180301, 38.63041687011719], [0.017361000180301, 38.63069534301758], [0.016488000750542, 38.63069534301758], [0.015693999826851, 38.63069534301758], [0.015693999826851, 38.63096237182623], [0.015693999826851, 38.63124847412115], [0.014860001392663, 38.63124847412115], [0.014860001392663, 38.63152694702154], [0.014016999863088, 38.63152694702154], [0.010573000647128, 38.63152694702154], [0.010157999582702, 38.632827758789176], [0.007046999409852, 38.63478088378906], [0.007304999511689, 38.637657165527344], [0.0, 38.64068603515625], [-0.006629999727011, 38.6434364318847], [0.0, 38.64920043945323], [0.000166999714565, 38.649345397949276], [0.016829000786061, 38.65493392944336], [0.030396999791265, 38.66312408447277], [0.040713001042718, 38.66381072998047], [0.044146999716759, 38.66733551025402], [0.038389999419451, 38.6744117736817], [0.039051000028905, 38.67810440063488], [0.044098999351263, 38.67432403564459], [0.046000000089464, 38.674995422363395], [0.049548998475132, 38.672760009765625], [0.050402998924312, 38.678844451904354], [0.068471997976303, 38.680751800537166], [0.074909001588935, 38.670825958252], [0.076214998960552, 38.665664672851506], [0.081908002495766, 38.66149520874029], [0.084025003016109, 38.662090301513786], [0.08491600304842, 38.659568786621094], [0.085083000361976, 38.659027099609375]]]}}, {"type": "Feature", "properties": {"cpro": "03", "name_3": "Comtat", "provincia": "Alicante", "communidad_autonoma": "Comunidad Valenciana", "cmun": "056", "codigo_postal": "03056", "engtype_4": "Municipality", "geo_point_2d": [38.737501506660024, -0.44715849374835603], "dc": "6", "id_2": 35, "id_3": 252, "id_0": 215, "id_1": 10, "iso": "ESP", "id_4": 6410, "type_4": "Municipality", "pais": "Spain", "ccn_4": 0, "municipio": "Cocentaina", "codine": "03056", "nombre": "Cocentaina", "pop": 11511, "CodMunicipio": 3056}, "geometry": {"type": "Polygon", "coordinates": [[[-0.402085006236973, 38.761596679687436], [-0.397964000701847, 38.753353118896484], [-0.401098012924194, 38.74786376953119], [-0.401540011167469, 38.74077224731445], [-0.407213002443314, 38.732429504394524], [-0.405743002891539, 38.73140716552746], [-0.409779012203103, 38.72953414916997], [-0.41050198674202, 38.72639465332037], [-0.409272998571396, 38.7234840393067], [-0.407990008592606, 38.723655700683594], [-0.4079470038414, 38.72013092041021], [-0.412146985530853, 38.717483520507926], [-0.41050198674202, 38.698410034179794], [-0.417174994945526, 38.68867492675787], [-0.42935499548912, 38.691360473632926], [-0.436347007751465, 38.688106536865234], [-0.443913996219635, 38.70158767700207], [-0.44927000999445, 38.70289611816406], [-0.447751998901367, 38.70583343505864], [-0.450502991676274, 38.713874816894645], [-0.458698004484177, 38.716201782226506], [-0.464834004640579, 38.71572875976568], [-0.46663698554039, 38.718093872070426], [-0.473726987838688, 38.72146224975586], [-0.474339991807881, 38.72336578369146], [-0.494165986776295, 38.73396682739263], [-0.493928998708725, 38.738376617431754], [-0.50705498456955, 38.74301147460943], [-0.507409989833832, 38.7552947998048], [-0.498055011033955, 38.77151489257806], [-0.494466990232411, 38.77305221557622], [-0.462767004966679, 38.75917434692394], [-0.447820007800999, 38.768535614013786], [-0.446873992681446, 38.766975402832024], [-0.437103986740112, 38.76791000366216], [-0.435346007347107, 38.768451690673885], [-0.435633987188339, 38.77043914794921], [-0.432393014430886, 38.768978118896484], [-0.430025011301041, 38.7718391418457], [-0.426999986171722, 38.76953887939459], [-0.422863990068436, 38.7696266174317], [-0.422149986028614, 38.767707824706974], [-0.418336987495422, 38.76590347290039], [-0.417598992586079, 38.76536560058605], [-0.421101987361908, 38.763317108154354], [-0.412607997655755, 38.7636337280274], [-0.405288994312286, 38.766216278076286], [-0.402581989765167, 38.76561737060547], [-0.401995986700001, 38.76499176025402], [-0.402085006236973, 38.761596679687436]]]}}, {"type": "Feature", "properties": {"cpro": "03", "name_3": "Baix Segura", "provincia": "Alicante", "communidad_autonoma": "Comunidad Valenciana", "cmun": "113", "codigo_postal": "03113", "engtype_4": "Municipality", "geo_point_2d": [38.074049943235806, -0.7188517324554421], "dc": "3", "id_2": 35, "id_3": 251, "id_0": 215, "id_1": 10, "iso": "ESP", "id_4": 6393, "type_4": "Municipality", "pais": "Spain", "ccn_4": 0, "municipio": "Rojales", "codine": "03113", "nombre": "Rojales", "pop": 16963, "CodMunicipio": 3113}, "geometry": {"type": "Polygon", "coordinates": [[[-0.693192005157471, 38.04819488525402], [-0.712647020816803, 38.04665756225586], [-0.719263017177525, 38.04092025756836], [-0.723760008811894, 38.03255462646496], [-0.7343869805336, 38.03779602050781], [-0.740172028541451, 38.04343414306652], [-0.740511000156403, 38.046512603759815], [-0.736377000808659, 38.04676437377941], [-0.73575001955021, 38.050491333007926], [-0.739771008491459, 38.06053543090832], [-0.745887994766235, 38.064029693603516], [-0.751971006393433, 38.072296142578125], [-0.756467998027802, 38.07252502441406], [-0.761960029602051, 38.07033157348633], [-0.766629993915501, 38.07451248168945], [-0.77120000123972, 38.074958801269474], [-0.773214995860997, 38.07844161987316], [-0.76665502786625, 38.0842170715332], [-0.763269007205963, 38.08270263671881], [-0.761605024337655, 38.08343505859381], [-0.761792004108429, 38.09827423095703], [-0.75315397977829, 38.09806442260748], [-0.753044009208679, 38.08343505859381], [-0.756891012191772, 38.082878112793026], [-0.757493019104004, 38.08148574829113], [-0.745235979557037, 38.064453125000114], [-0.742416977882385, 38.063812255859425], [-0.728177011013031, 38.066547393798885], [-0.726668000221252, 38.073368072509766], [-0.735071003436985, 38.08618927001964], [-0.73439401388157, 38.087093353271484], [-0.731743991374969, 38.08540344238292], [-0.729300022125244, 38.087745666503906], [-0.724570989608708, 38.08838272094738], [-0.723420023918152, 38.09055328369152], [-0.72563499212265, 38.09710693359375], [-0.713346004486084, 38.112331390380916], [-0.699087977409306, 38.11532592773443], [-0.694155991077423, 38.10205459594732], [-0.695020020007973, 38.08111190795909], [-0.693189978599491, 38.07222747802746], [-0.693192005157471, 38.04819488525402]]]}}, {"type": "Feature", "properties": {"name_3": "Vinalopo", "provincia": "Alicante", "communidad_autonoma": "Comunidad Valenciana", "engtype_4": "Municipality", "geo_point_2d": [38.16473751440129, -0.47426391860439804], "id_2": 35, "id_3": 256, "id_0": 215, "id_1": 10, "iso": "ESP", "id_4": 6484, "type_4": "Municipality", "pais": "Spain", "ccn_4": 0, "municipio": "Alicante", "codine": "03014", "nombre": "Alicante", "pop": 334887, "CodMunicipio": 3014}, "geometry": {"type": "MultiPolygon", "coordinates": [[[[-0.486528992652893, 38.16764068603527], [-0.486526995897236, 38.16736221313471], [-0.483195006847325, 38.16736221313471], [-0.483195006847325, 38.16708374023431], [-0.482082009315491, 38.16708374023431], [-0.482082009315491, 38.16736221313471], [-0.480693995952606, 38.16736221313471], [-0.480693995952606, 38.16708374023431], [-0.480138003826141, 38.16708374023431], [-0.480138003826141, 38.166805267333984], [-0.4787499904632, 38.166805267333984], [-0.4787499904632, 38.16708374023431], [-0.478471994399968, 38.16708374023431], [-0.478471994399968, 38.16736221313471], [-0.477638006210269, 38.16736221313471], [-0.477638006210269, 38.16708374023431], [-0.477360010147095, 38.16708374023431], [-0.477360010147095, 38.16675186157238], [-0.477360010147095, 38.166526794433594], [-0.477117985486984, 38.166526794433594], [-0.477084010839462, 38.1662483215332], [-0.476819992065316, 38.1662483215332], [-0.47680601477623, 38.165973663330185], [-0.476523995399475, 38.165973663330185], [-0.47532698512066, 38.165973663330185], [-0.474862009286824, 38.165973663330185], [-0.474862009286824, 38.1662483215332], [-0.474305987358036, 38.1662483215332], [-0.474305987358036, 38.16613388061529], [-0.474305987358036, 38.165973663330185], [-0.473194003105107, 38.165973663330185], [-0.473194003105107, 38.1662483215332], [-0.472640007734299, 38.1662483215332], [-0.472640007734299, 38.16639709472662], [-0.472640007734299, 38.166526794433594], [-0.471527993679047, 38.166526794433594], [-0.471527993679047, 38.16629028320324], [-0.471249997615814, 38.1662483215332], [-0.471249997615814, 38.165973663330185], [-0.470862001180649, 38.165973663330185], [-0.470416009426117, 38.165973663330185], [-0.470416009426117, 38.1656951904298], [-0.470274001359826, 38.1656951904298], [-0.469583988189584, 38.1656951904298], [-0.469583988189584, 38.16541671752941], [-0.468470990657749, 38.16541671752941], [-0.468470990657749, 38.16513824462902], [-0.468192994594517, 38.16513824462902], [-0.468192994594517, 38.16485977172863], [-0.467918008565903, 38.16485977172863], [-0.467918008565903, 38.16458511352545], [-0.467361003160477, 38.16458511352545], [-0.467361003160477, 38.16431427001959], [-0.46541699767107, 38.16430664062505], [-0.46541699767107, 38.164028167724666], [-0.464861005544606, 38.164028167724666], [-0.464861005544606, 38.163749694824276], [-0.46458300948143, 38.163749694824276], [-0.46458300948143, 38.163471221923885], [-0.464305013418198, 38.163471221923885], [-0.464305013418198, 38.163192749023494], [-0.464026987552586, 38.163192749023494], [-0.464026987552586, 38.16291809082031], [-0.46375098824501, 38.16291809082031], [-0.46375098824501, 38.162639617919915], [-0.464026987552586, 38.162639617919915], [-0.464026987552586, 38.162361145019524], [-0.464305013418198, 38.162361145019524], [-0.464305013418198, 38.162639617919915], [-0.465139001607838, 38.162639617919915], [-0.465139001607838, 38.16291809082031], [-0.465970993041992, 38.16291809082031], [-0.465970993041992, 38.163192749023494], [-0.466526985168457, 38.163192749023494], [-0.466526985168457, 38.163471221923885], [-0.467083007097244, 38.163471221923885], [-0.467083007097244, 38.163192749023494], [-0.467918008565903, 38.163192749023494], [-0.467918008565903, 38.16291809082031], [-0.468748986720982, 38.16291809082031], [-0.468748986720982, 38.162639617919915], [-0.469862014055195, 38.162639617919915], [-0.469862014055195, 38.16241455078131], [-0.470219999551716, 38.162380218505966], [-0.470416009426117, 38.162361145019524], [-0.470416009426117, 38.16208267211914], [-0.471249997615814, 38.16208267211914], [-0.471249997615814, 38.162361145019524], [-0.471424996852875, 38.162380218505966], [-0.471805989742279, 38.162418365478516], [-0.471805989742279, 38.162639617919915], [-0.472083985805511, 38.162639617919915], [-0.472083985805511, 38.16291809082031], [-0.473749995231572, 38.16291809082031], [-0.473749995231572, 38.162639617919915], [-0.474584013223591, 38.162639617919915], [-0.474584013223591, 38.16291809082031], [-0.475015014409962, 38.16291809082031], [-0.475138008594513, 38.16291809082031], [-0.475138008594513, 38.162639617919915], [-0.47597199678421, 38.162639617919915], [-0.47597199678421, 38.16291809082031], [-0.476249992847443, 38.16291809082031], [-0.476249992847443, 38.163192749023494], [-0.47680601477623, 38.163192749023494], [-0.47680601477623, 38.163471221923885], [-0.477084010839462, 38.163471221923885], [-0.477084010839462, 38.163749694824276], [-0.477360010147095, 38.163749694824276], [-0.477360010147095, 38.164028167724666], [-0.477638006210269, 38.164028167724666], [-0.477638006210269, 38.16432571411133], [-0.477638006210269, 38.16485977172863], [-0.477916002273503, 38.16485977172863], [-0.477916002273503, 38.16513824462902], [-0.478193998336735, 38.16513824462902], [-0.478193998336735, 38.16541671752941], [-0.478471994399968, 38.16541671752941], [-0.478471994399968, 38.1656951904298], [-0.4787499904632, 38.1656951904298], [-0.4787499904632, 38.165973663330185], [-0.479584008455276, 38.165973663330185], [-0.479584008455276, 38.1656951904298], [-0.479860007762909, 38.1656951904298], [-0.479860007762909, 38.16545867919927], [-0.480062991380692, 38.165428161621094], [-0.480138003826141, 38.16513824462902], [-0.480415999889374, 38.16513824462902], [-0.480415999889374, 38.16485977172863], [-0.483473002910557, 38.16485977172863], [-0.483473002910557, 38.16513824462902], [-0.484028995037022, 38.16513824462902], [-0.484028995037022, 38.16541671752941], [-0.484304994344711, 38.16541671752941], [-0.484304994344711, 38.1656951904298], [-0.484582990407944, 38.1656951904298], [-0.484582990407944, 38.1662483215332], [-0.484860986471176, 38.1662483215332], [-0.484860986471176, 38.166526794433594], [-0.486250996589661, 38.166526794433594], [-0.486250996589661, 38.1662483215332], [-0.487082988023701, 38.1662483215332], [-0.487082988023701, 38.166526794433594], [-0.487639009952488, 38.166526794433594], [-0.487639009952488, 38.16736221313471], [-0.487082988023701, 38.16736221313471], [-0.487082988023701, 38.16764068603527], [-0.486528992652893, 38.16764068603527]]], [[[-0.457082986831665, 38.16208267211914], [-0.457082986831665, 38.16180419921875], [-0.456250995397511, 38.16180419921875], [-0.456250995397511, 38.16152954101574], [-0.455695003271046, 38.16152954101574], [-0.455695003271046, 38.16125106811534], [-0.45513799786562, 38.16125106811534], [-0.45513799786562, 38.16069412231439], [-0.455972999334278, 38.16069412231439], [-0.455972999334278, 38.16097259521479], [-0.456528991460743, 38.16097259521479], [-0.456528991460743, 38.16125106811534], [-0.45736101269722, 38.16125106811534], [-0.45736101269722, 38.16152954101574], [-0.457917004823685, 38.16152954101574], [-0.457917004823685, 38.16125106811534], [-0.459026992320958, 38.16125106811534], [-0.459028989076614, 38.16097259521479], [-0.459861010312977, 38.16097259521479], [-0.459861010312977, 38.16152954101574], [-0.45930498838419, 38.16152954101574], [-0.45930498838419, 38.16180419921875], [-0.458195000886917, 38.16180419921875], [-0.458195000886917, 38.16208267211914], [-0.457082986831665, 38.16208267211914]]]]}}, {"type": "Feature", "properties": {"name_3": "Vinalopo Mitja", "provincia": "Alicante", "communidad_autonoma": "Comunidad Valenciana", "engtype_4": "Municipality", "geo_point_2d": [38.30782228490363, -0.8949587025259871], "id_2": 35, "id_3": 255, "id_0": 215, "id_1": 10, "iso": "ESP", "id_4": 6476, "type_4": "Municipality", "pais": "Spain", "ccn_4": 0, "municipio": "Hondón de las Nieves", "codine": "03901", "nombre": "Hondón de ", "pop": 2705, "CodMunicipio": 3901}, "geometry": {"type": "Polygon", "coordinates": [[[-0.899652004241887, 38.26807403564459], [-0.913958013057709, 38.281330108642635], [-0.923729002475625, 38.28309249877941], [-0.929256021976471, 38.28169250488292], [-0.935003995895329, 38.283405303955135], [-0.934853017330113, 38.28505325317377], [-0.938906013965607, 38.28449249267584], [-0.94192498922348, 38.286014556884766], [-0.948611974716187, 38.28364562988281], [-0.95691800117487, 38.297306060791016], [-0.971395015716553, 38.32964324951171], [-0.958481013774872, 38.3283576965332], [-0.942843973636627, 38.32880020141607], [-0.937489986419678, 38.33039474487315], [-0.925508975982609, 38.329372406005916], [-0.896938025951329, 38.34069061279297], [-0.873766005039158, 38.34781265258789], [-0.869937002658844, 38.34338760375988], [-0.858579993247986, 38.33823776245128], [-0.858713984489441, 38.33523178100586], [-0.852833986282349, 38.33245468139654], [-0.846933007240239, 38.33315658569336], [-0.846397995948791, 38.33155059814453], [-0.836637973785344, 38.326580047607536], [-0.840137004852295, 38.325923919677734], [-0.839784026145935, 38.32394409179693], [-0.833932995796204, 38.31375122070307], [-0.828805029392242, 38.30856704711914], [-0.825416028499603, 38.29062271118163], [-0.865606009960118, 38.281578063964844], [-0.875308990478459, 38.277751922607536], [-0.885673999786377, 38.26962280273443], [-0.894478023052102, 38.2659263610841], [-0.895870983600616, 38.263988494873104], [-0.899652004241887, 38.26807403564459]]]}}, {"type": "Feature", "properties": {"cpro": "03", "name_3": "Alt Vinalopo", "provincia": "Alicante", "communidad_autonoma": "Comunidad Valenciana", "cmun": "023", "codigo_postal": "03023", "engtype_4": "Municipality", "geo_point_2d": [38.7222462695124, -0.7604711155893341], "dc": "2", "id_2": 35, "id_3": 250, "id_0": 215, "id_1": 10, "iso": "ESP", "id_4": 6364, "type_4": "Municipality", "pais": "Spain", "ccn_4": 0, "municipio": "Beneixama", "codine": "03023", "nombre": "Beneixama", "pop": 1685, "CodMunicipio": 3023}, "geometry": {"type": "Polygon", "coordinates": [[[-0.71322101354599, 38.7104377746582], [-0.71642100810999, 38.7104110717774], [-0.730571985244694, 38.70471572875976], [-0.740140020847264, 38.70325088500982], [-0.746812999248505, 38.70090866088867], [-0.752919018268585, 38.69612503051758], [-0.755189001560211, 38.69629669189459], [-0.759168028831368, 38.69218826293951], [-0.759486973285675, 38.68752288818364], [-0.76769000291813, 38.67995452880871], [-0.776519000530243, 38.69621658325207], [-0.785391986370087, 38.69374465942394], [-0.787190020084381, 38.696895599365234], [-0.786191999912262, 38.703987121582145], [-0.790992021560669, 38.71839523315424], [-0.796482026576882, 38.722309112548885], [-0.800270020961705, 38.72969818115246], [-0.800994992256164, 38.73719787597656], [-0.792594015598297, 38.73920440673834], [-0.787522971630096, 38.74657821655285], [-0.783668994903508, 38.74838638305664], [-0.779520988464299, 38.746723175048885], [-0.770413994789124, 38.75064849853521], [-0.765681982040292, 38.75107955932617], [-0.76139497756958, 38.74909973144537], [-0.752013981342202, 38.75541305541992], [-0.743296027183533, 38.75566864013683], [-0.726848006248417, 38.72753524780285], [-0.71322101354599, 38.7104377746582]]]}}, {"type": "Feature", "properties": {"cpro": "03", "name_3": "Baix Segura", "provincia": "Alicante", "communidad_autonoma": "Comunidad Valenciana", "cmun": "064", "codigo_postal": "03064", "engtype_4": "Municipality", "geo_point_2d": [38.138784818188086, -0.754756807545217], "dc": "8", "id_2": 35, "id_3": 251, "id_0": 215, "id_1": 10, "iso": "ESP", "id_4": 6383, "type_4": "Municipality", "pais": "Spain", "ccn_4": 0, "municipio": "Dolores", "codine": "03064", "nombre": "Dolores", "pop": 7470, "CodMunicipio": 3064}, "geometry": {"type": "Polygon", "coordinates": [[[-0.715739011764526, 38.136573791503906], [-0.730627000331765, 38.13179779052729], [-0.736495971679688, 38.1260986328125], [-0.748021006584167, 38.120769500732536], [-0.738968014716988, 38.11658859252941], [-0.742061018943787, 38.11019515991211], [-0.752207994461003, 38.11775207519537], [-0.780389010906219, 38.125774383545036], [-0.781669974327087, 38.13022232055664], [-0.794942021369877, 38.12968063354498], [-0.785507977008706, 38.13381958007818], [-0.786909997463169, 38.1372337341308], [-0.782150983810425, 38.14406204223644], [-0.771013021469116, 38.15126037597656], [-0.771427989005986, 38.15563964843744], [-0.768692970275822, 38.1584968566895], [-0.755824983119908, 38.16316223144537], [-0.755106985569, 38.164619445800774], [-0.751820027828217, 38.16345596313482], [-0.715739011764526, 38.136573791503906]]]}}, {"type": "Feature", "properties": {"cpro": "03", "name_3": "Vinalopo Mitja", "provincia": "Alicante", "communidad_autonoma": "Comunidad Valenciana", "cmun": "088", "codigo_postal": "03088", "engtype_4": "Municipality", "geo_point_2d": [38.38488690292818, -0.694825327731422], "dc": "2", "id_2": 35, "id_3": 255, "id_0": 215, "id_1": 10, "iso": "ESP", "id_4": 6480, "type_4": "Municipality", "pais": "Spain", "ccn_4": 0, "municipio": "Monforte del Cid", "codine": "03088", "nombre": "Monforte d", "pop": 8165, "CodMunicipio": 3088}, "geometry": {"type": "Polygon", "coordinates": [[[-0.640402972698212, 38.344833374023544], [-0.645183980464935, 38.34129714965832], [-0.67463302612299, 38.334831237793026], [-0.679325997829437, 38.33118438720709], [-0.69063001871109, 38.32892990112305], [-0.701188981533051, 38.32859039306652], [-0.706049025058633, 38.32685470581055], [-0.712318003177643, 38.33658981323242], [-0.727478981018066, 38.35006713867193], [-0.724334001541138, 38.35184478759777], [-0.725533008575439, 38.35450744628912], [-0.724263012409153, 38.35734939575195], [-0.729824006557465, 38.360656738281364], [-0.731433987617379, 38.35970306396496], [-0.733496010303497, 38.361122131347656], [-0.735720992088261, 38.369392395019645], [-0.741896986961365, 38.375034332275504], [-0.74122899770731, 38.37774276733393], [-0.744826018810272, 38.381759643554744], [-0.740266978740692, 38.38403320312506], [-0.732778012752476, 38.4016571044923], [-0.733826994895935, 38.44251251220703], [-0.719690978527012, 38.45300674438482], [-0.70849597454071, 38.4537239074707], [-0.705693006515446, 38.45217514038086], [-0.686860024929047, 38.42401504516607], [-0.67595499753952, 38.41759872436535], [-0.663554012775364, 38.407245635986385], [-0.646317005157414, 38.40171813964844], [-0.636241018772068, 38.396415710449276], [-0.644684970378876, 38.38846969604492], [-0.644872009754181, 38.386596679687614], [-0.656629979610386, 38.382297515869254], [-0.646290004253387, 38.357730865478516], [-0.645016014575901, 38.350349426269645], [-0.640402972698212, 38.344833374023544]]]}}, {"type": "Feature", "properties": {"cpro": "03", "name_3": "Alt Vinalopo", "provincia": "Alicante", "communidad_autonoma": "Comunidad Valenciana", "cmun": "052", "codigo_postal": "03052", "engtype_4": "Municipality", "geo_point_2d": [38.685747184061896, -0.8215676411739571], "dc": "9", "id_2": 35, "id_3": 250, "id_0": 215, "id_1": 10, "iso": "ESP", "id_4": 6366, "type_4": "Municipality", "pais": "Spain", "ccn_4": 0, "municipio": "Cañada", "codine": "03052", "nombre": "Cañada", "pop": 1220, "CodMunicipio": 3052}, "geometry": {"type": "Polygon", "coordinates": [[[-0.842592000961247, 38.732276916503906], [-0.816685020923501, 38.706687927246094], [-0.807716012000924, 38.68445205688471], [-0.804484009742737, 38.6859970092774], [-0.796489000320435, 38.677177429199276], [-0.794219017028752, 38.671405792236385], [-0.805401027202493, 38.66469573974621], [-0.796934008598271, 38.66193389892584], [-0.803045988082772, 38.65253448486328], [-0.810157001018524, 38.64622497558594], [-0.811533987522068, 38.63942718505865], [-0.821319997310638, 38.65244293212902], [-0.824433982372284, 38.66118621826177], [-0.822628974914551, 38.66274642944335], [-0.830835998058319, 38.674468994140625], [-0.847355008125305, 38.71465301513683], [-0.842592000961247, 38.732276916503906]]]}}, {"type": "Feature", "properties": {"cpro": "03", "name_3": "Comtat", "provincia": "Alicante", "communidad_autonoma": "Comunidad Valenciana", "cmun": "038", "codigo_postal": "03038", "engtype_4": "Municipality", "geo_point_2d": [38.77534766568198, -0.391375676710819], "dc": "3", "id_2": 35, "id_3": 252, "id_0": 215, "id_1": 10, "iso": "ESP", "id_4": 6408, "type_4": "Municipality", "pais": "Spain", "ccn_4": 0, "municipio": "Benimarfull", "codine": "03038", "nombre": "Benimarful", "pop": 409, "CodMunicipio": 3038}, "geometry": {"type": "Polygon", "coordinates": [[[-0.40310800075531, 38.78602600097656], [-0.389310002326965, 38.78972244262707], [-0.384483009576741, 38.78915405273443], [-0.380001991987228, 38.77916717529297], [-0.377128005027771, 38.778141021728516], [-0.382158011198044, 38.76588058471691], [-0.38630199432373, 38.76266860961914], [-0.388343989849034, 38.75841522216797], [-0.391871988773346, 38.756694793701286], [-0.393362998962346, 38.75870895385742], [-0.389517992734909, 38.76129913330084], [-0.392544001340866, 38.76317977905285], [-0.401995986700001, 38.76499176025402], [-0.402581989765167, 38.76561737060547], [-0.40310800075531, 38.78602600097656]]]}}, {"type": "Feature", "properties": {"name_3": "Alcoia", "provincia": "Alicante", "communidad_autonoma": "Comunidad Valenciana", "engtype_4": "Municipality", "geo_point_2d": [38.68235380557184, -0.516491330461201], "id_2": 35, "id_3": 249, "id_0": 215, "id_1": 10, "iso": "ESP", "id_4": 6356, "type_4": "Municipality", "pais": "Spain", "ccn_4": 0, "municipio": "Alcoy", "codine": "03009", "nombre": "Alcoy", "pop": 58994, "CodMunicipio": 3009}, "geometry": {"type": "Polygon", "coordinates": [[[-0.428624987602177, 38.63597869873052], [-0.437258988618737, 38.627716064453125], [-0.444763988256398, 38.62594985961914], [-0.45058199763298, 38.62802505493164], [-0.460124999284744, 38.63654708862316], [-0.45966899394989, 38.6400604248048], [-0.464464992284718, 38.64254379272461], [-0.46717000007618, 38.64133453369146], [-0.466930985450745, 38.64947128295904], [-0.468580991029739, 38.65088653564459], [-0.473206996917725, 38.646724700927734], [-0.483119010925236, 38.64255142211914], [-0.484445989131927, 38.63058853149419], [-0.495557010173741, 38.62028503417969], [-0.524134993553048, 38.658210754394645], [-0.543653011321965, 38.659309387207145], [-0.55900597572321, 38.655601501464844], [-0.562852978706303, 38.65806961059582], [-0.58543902635563, 38.65819931030279], [-0.589622974395752, 38.65262603759771], [-0.599211990833226, 38.65109252929693], [-0.603161990642548, 38.65219116210943], [-0.606545984744969, 38.657512664795036], [-0.613560974597874, 38.65703582763683], [-0.622911989688873, 38.665813446044915], [-0.6302490234375, 38.66319274902344], [-0.634032011032048, 38.663795471191406], [-0.634356021881047, 38.67000961303711], [-0.634611010551396, 38.672763824463004], [-0.620916008949223, 38.68201446533214], [-0.617990016937256, 38.686687469482536], [-0.616898000240269, 38.68944931030273], [-0.608868002891541, 38.69445800781244], [-0.593728005886021, 38.69992065429693], [-0.584098994731903, 38.70859909057622], [-0.551173985004425, 38.71714782714855], [-0.534883022308293, 38.733078002929744], [-0.524487972259465, 38.735588073730526], [-0.523253023624419, 38.73809051513683], [-0.515808999538365, 38.73973464965832], [-0.51215797662735, 38.743480682373104], [-0.50705498456955, 38.74301147460943], [-0.493928998708725, 38.738376617431754], [-0.494165986776295, 38.73396682739263], [-0.474339991807881, 38.72336578369146], [-0.473726987838688, 38.72146224975586], [-0.46663698554039, 38.718093872070426], [-0.464834004640579, 38.71572875976568], [-0.458698004484177, 38.716201782226506], [-0.450502991676274, 38.713874816894645], [-0.447751998901367, 38.70583343505864], [-0.44927000999445, 38.70289611816406], [-0.443913996219635, 38.70158767700207], [-0.436347007751465, 38.688106536865234], [-0.437269985675755, 38.672836303710994], [-0.430400997400284, 38.66345214843756], [-0.432238012552261, 38.65576171875], [-0.42841300368309, 38.647983551025504], [-0.428624987602177, 38.63597869873052]]]}}, {"type": "Feature", "properties": {"cpro": "03", "name_3": "Comtat", "provincia": "Alicante", "communidad_autonoma": "Comunidad Valenciana", "cmun": "068", "codigo_postal": "03068", "engtype_4": "Municipality", "geo_point_2d": [38.730676157175175, -0.240538612729146], "dc": "6", "id_2": 35, "id_3": 252, "id_0": 215, "id_1": 10, "iso": "ESP", "id_4": 6412, "type_4": "Municipality", "pais": "Spain", "ccn_4": 0, "municipio": "Famorca", "codine": "03068", "nombre": "Famorca", "pop": 47, "CodMunicipio": 3068}, "geometry": {"type": "Polygon", "coordinates": [[[-0.224300995469093, 38.712596893310604], [-0.234999001026154, 38.71604919433594], [-0.238598003983498, 38.714305877685604], [-0.241399005055428, 38.71589279174815], [-0.257054001092911, 38.7184791564942], [-0.259301006793976, 38.72528839111334], [-0.25721800327301, 38.73791503906261], [-0.249110996723118, 38.74744796752929], [-0.23790700733656, 38.75043487548834], [-0.23468500375742, 38.748943328857415], [-0.231781005859375, 38.74343490600585], [-0.221499994397163, 38.732357025146484], [-0.221475005149784, 38.729125976562614], [-0.225109994411469, 38.72345352172857], [-0.222010001540184, 38.71919250488287], [-0.226133003830796, 38.71453857421874], [-0.224300995469093, 38.712596893310604]]]}}, {"type": "Feature", "properties": {"cpro": "03", "name_3": "Baix Segura", "provincia": "Alicante", "communidad_autonoma": "Comunidad Valenciana", "cmun": "005", "codigo_postal": "03005", "engtype_4": "Municipality", "geo_point_2d": [38.21250612820309, -0.8885980992132061], "dc": "4", "id_2": 35, "id_3": 251, "id_0": 215, "id_1": 10, "iso": "ESP", "id_4": 6371, "type_4": "Municipality", "pais": "Spain", "ccn_4": 0, "municipio": "Albatera", "codine": "03005", "nombre": "Albatera", "pop": 12279, "CodMunicipio": 3005}, "geometry": {"type": "Polygon", "coordinates": [[[-0.845444977283478, 38.15989685058593], [-0.843845009803715, 38.16307449340826], [-0.849075973033848, 38.1645126342774], [-0.880850970745087, 38.16287231445324], [-0.892856001853943, 38.164962768554794], [-0.893674015998727, 38.16624069213867], [-0.916330993175507, 38.20112228393549], [-0.923283994197845, 38.2076034545899], [-0.930513978004399, 38.21075057983404], [-0.935010015964508, 38.21692276000988], [-0.941365003585758, 38.220470428466854], [-0.942517995834294, 38.230167388916016], [-0.948190987110138, 38.23526763916021], [-0.946332991123199, 38.24080276489252], [-0.942689001560211, 38.24078369140631], [-0.940217971801758, 38.242462158203125], [-0.940809011459294, 38.251888275146484], [-0.943930983543339, 38.255466461181754], [-0.924650013446751, 38.25393676757818], [-0.899652004241887, 38.26807403564459], [-0.895870983600616, 38.263988494873104], [-0.889213979244232, 38.25987625122064], [-0.870527029037419, 38.23837661743164], [-0.864167988300323, 38.23545074462896], [-0.854166984558105, 38.2223854064942], [-0.840583980083409, 38.20894241333002], [-0.835326015949192, 38.205638885498104], [-0.832154989242554, 38.19941329956048], [-0.834079027175903, 38.19805526733409], [-0.834612011909485, 38.19739151000982], [-0.835713028907776, 38.19630432128906], [-0.836449027061406, 38.195755004882805], [-0.838083028793278, 38.19477081298828], [-0.838858008384704, 38.19433975219732], [-0.840017974376678, 38.1936607360841], [-0.841292023658752, 38.192836761474666], [-0.842548012733459, 38.1919517517091], [-0.843617022037449, 38.191123962402344], [-0.844394028186741, 38.19047927856445], [-0.845201015472355, 38.18974685668945], [-0.845860004424935, 38.189041137695305], [-0.84687602519989, 38.18804550170904], [-0.847555994987488, 38.18728637695323], [-0.848141014575901, 38.18652725219732], [-0.848640024661961, 38.1858787536621], [-0.849586009979248, 38.184841156005916], [-0.850866973400116, 38.183654785156364], [-0.851751029491368, 38.18289566040045], [-0.852901995182037, 38.18190383911133], [-0.854525029659157, 38.1807250976563], [-0.855288982391357, 38.180076599121094], [-0.856523990631104, 38.17905044555664], [-0.857605993747711, 38.17798233032232], [-0.858591020107212, 38.17700958251953], [-0.857711017131748, 38.1766090393067], [-0.856576025485935, 38.176418304443416], [-0.855624020099583, 38.17626953125], [-0.854472994804325, 38.17607116699219], [-0.853220999240818, 38.175849914550724], [-0.850301980972233, 38.17530822753906], [-0.847527980804443, 38.174720764160156], [-0.848712980747223, 38.17318725585932], [-0.849837005138397, 38.17241668701166], [-0.850623011588993, 38.17188644409191], [-0.849545001983586, 38.17140197753912], [-0.848971009254399, 38.17083740234386], [-0.848731994628906, 38.170120239257926], [-0.848100006580353, 38.169223785400504], [-0.847364008426609, 38.16819000244151], [-0.848474025726318, 38.16772842407238], [-0.849332988262177, 38.16735458374035], [-0.850148975849152, 38.16676330566406], [-0.849578976631108, 38.16596221923828], [-0.847864985465947, 38.166629791259766], [-0.84689199924469, 38.16620254516613], [-0.84610599279398, 38.16557312011719], [-0.845003008842411, 38.16493606567383], [-0.843970000743809, 38.1648788452149], [-0.842872023582458, 38.16440582275384], [-0.842136025428715, 38.16389465332031], [-0.841449975967407, 38.164360046386825], [-0.840535998344421, 38.16416931152355], [-0.83915901184082, 38.16352081298828], [-0.838293015956822, 38.163127899170036], [-0.837886989116612, 38.16395568847662], [-0.83761602640152, 38.1650123596192], [-0.837359011173191, 38.16603088378912], [-0.837244987487793, 38.1676139831543], [-0.837113022804147, 38.16839981079107], [-0.836275994777679, 38.16870498657221], [-0.83607500791544, 38.16945266723644], [-0.834285974502563, 38.17050933837885], [-0.833302021026611, 38.171119689941406], [-0.832428991794586, 38.17169189453125], [-0.831488013267517, 38.17176818847662], [-0.830618977546692, 38.170829772949276], [-0.829132974147797, 38.17105102539074], [-0.828670978546086, 38.170402526855526], [-0.827996015548706, 38.169864654541016], [-0.827320992946625, 38.1693572998048], [-0.826584994792881, 38.168781280517635], [-0.825748980045319, 38.16825485229497], [-0.824806988239288, 38.167751312255795], [-0.822593986987954, 38.168777465820426], [-0.821399986743927, 38.16942596435547], [-0.820111989974976, 38.17013549804682], [-0.818154990673065, 38.16385269165045], [-0.834428012371063, 38.15847778320324], [-0.845444977283478, 38.15989685058593]]]}}, {"type": "Feature", "properties": {"cpro": "03", "name_3": "Marina Baixa", "provincia": "Alicante", "communidad_autonoma": "Comunidad Valenciana", "cmun": "045", "codigo_postal": "03045", "engtype_4": "Municipality", "geo_point_2d": [38.68495501593889, -0.12127025865749201], "dc": "6", "id_2": 35, "id_3": 254, "id_0": 215, "id_1": 10, "iso": "ESP", "id_4": 6460, "type_4": "Municipality", "pais": "Spain", "ccn_4": 0, "municipio": "Bolulla", "codine": "03045", "nombre": "Bolulla", "pop": 420, "CodMunicipio": 3045}, "geometry": {"type": "Polygon", "coordinates": [[[-0.092869997024479, 38.67882156372076], [-0.089754000306129, 38.67569351196289], [-0.095495000481549, 38.666751861572266], [-0.109495997428894, 38.660377502441406], [-0.116595998406353, 38.66785430908209], [-0.134432002901917, 38.67963409423828], [-0.14577999711031, 38.68330764770502], [-0.145914003252869, 38.691448211670036], [-0.148916006088257, 38.7006721496582], [-0.149477005004883, 38.70423889160156], [-0.145723000168743, 38.704360961914176], [-0.140192002058029, 38.708412170410156], [-0.129967004060745, 38.70731735229503], [-0.122443996369839, 38.69997024536138], [-0.092869997024479, 38.67882156372076]]]}}, {"type": "Feature", "properties": {"cpro": "03", "name_3": "Vinalopo Mitja", "provincia": "Alicante", "communidad_autonoma": "Comunidad Valenciana", "cmun": "066", "codigo_postal": "03066", "engtype_4": "Municipality", "geo_point_2d": [38.47498867165212, -0.820715706938364], "dc": "4", "id_2": 35, "id_3": 255, "id_0": 215, "id_1": 10, "iso": "ESP", "id_4": 6475, "type_4": "Municipality", "pais": "Spain", "ccn_4": 0, "municipio": "Elda", "codine": "03066", "nombre": "Elda", "pop": 52618, "CodMunicipio": 3066}, "geometry": {"type": "Polygon", "coordinates": [[[-0.78276199102396, 38.43753051757824], [-0.791957974433842, 38.435432434082145], [-0.795823991298619, 38.43262100219738], [-0.798466980457249, 38.434177398681754], [-0.806415021419525, 38.43387603759777], [-0.807389974594059, 38.43080902099621], [-0.829451978206578, 38.44878387451183], [-0.843173027038574, 38.45676803588867], [-0.859874010086003, 38.47091674804682], [-0.874219000339451, 38.47533798217779], [-0.849346995353642, 38.50964736938482], [-0.85571300983429, 38.513061523437614], [-0.8381130099296, 38.508693695068416], [-0.829039990901947, 38.511093139648494], [-0.806267023086548, 38.510658264160156], [-0.79832798242569, 38.49865341186535], [-0.783015012740975, 38.494426727295036], [-0.789883971214294, 38.48910522460937], [-0.788401007652283, 38.482906341552734], [-0.782882988452911, 38.47667312622076], [-0.788052022457123, 38.47291564941412], [-0.786951005458832, 38.47183990478527], [-0.789058983325958, 38.46997070312494], [-0.782058000564518, 38.46239471435547], [-0.781951010227147, 38.45803070068365], [-0.78402000665659, 38.45637893676758], [-0.780279994010812, 38.44938659667969], [-0.781808972358647, 38.44773864746099], [-0.78276199102396, 38.43753051757824]]]}}, {"type": "Feature", "properties": {"cpro": "03", "name_3": "Comtat", "provincia": "Alicante", "communidad_autonoma": "Comunidad Valenciana", "cmun": "008", "codigo_postal": "03008", "engtype_4": "Municipality", "geo_point_2d": [38.665068624425004, -0.327456211678108], "dc": "9", "id_2": 35, "id_3": 252, "id_0": 215, "id_1": 10, "iso": "ESP", "id_4": 6400, "type_4": "Municipality", "pais": "Spain", "ccn_4": 0, "municipio": "Alcoleja", "codine": "03008", "nombre": "Alcoleja", "pop": 173, "CodMunicipio": 3008}, "geometry": {"type": "Polygon", "coordinates": [[[-0.342014014720917, 38.684143066406364], [-0.332253992557526, 38.68320846557622], [-0.324806004762593, 38.686569213867244], [-0.3211530148983, 38.68652343750006], [-0.309073001146317, 38.682838439941406], [-0.302504986524582, 38.68050765991211], [-0.302177011966648, 38.67853546142584], [-0.312344014644623, 38.67712020874029], [-0.310809999704304, 38.673564910888786], [-0.308162003755569, 38.67308807373058], [-0.310782998800221, 38.66384124755865], [-0.305595010519028, 38.649604797363395], [-0.309341996908188, 38.642780303955135], [-0.312108993530217, 38.64128494262707], [-0.316520988941193, 38.64158630371105], [-0.318410992622319, 38.643310546875114], [-0.32547599077219, 38.64453887939453], [-0.327502012252808, 38.64655685424805], [-0.326068997383118, 38.648685455322315], [-0.328749001026154, 38.65197372436535], [-0.335554987192154, 38.65403747558594], [-0.353377014398518, 38.64927291870123], [-0.354312002658844, 38.661338806152344], [-0.351700007915497, 38.66303634643565], [-0.351164013147297, 38.66724014282238], [-0.349382013082447, 38.66887664794933], [-0.346962004899979, 38.66749954223633], [-0.345151990652084, 38.67263031005865], [-0.343419998884201, 38.67282104492193], [-0.346006989479008, 38.6802864074707], [-0.344882994890156, 38.682720184326286], [-0.342703998088837, 38.68190765380859], [-0.342014014720917, 38.684143066406364]]]}}, {"type": "Feature", "properties": {"name_3": "Marina Baixa", "provincia": "Alicante", "communidad_autonoma": "Comunidad Valenciana", "engtype_4": "Municipality", "geo_point_2d": [38.70714293230943, -0.096390631941487], "id_2": 35, "id_3": 254, "id_0": 215, "id_1": 10, "iso": "ESP", "id_4": 6471, "type_4": "Municipality", "pais": "Spain", "ccn_4": 0, "municipio": "Tárbena", "codine": "03127", "nombre": "Tárbena", "pop": 646, "CodMunicipio": 3127}, "geometry": {"type": "Polygon", "coordinates": [[[-0.092869997024479, 38.67882156372076], [-0.122443996369839, 38.69997024536138], [-0.129967004060745, 38.70731735229503], [-0.140192002058029, 38.708412170410156], [-0.145723000168743, 38.704360961914176], [-0.149477005004883, 38.70423889160156], [-0.149222001433316, 38.7233772277832], [-0.144372001290321, 38.72904968261719], [-0.143159002065659, 38.73755264282232], [-0.138091996312141, 38.72702407836914], [-0.127143993973732, 38.72821044921886], [-0.123369000852108, 38.72447204589844], [-0.120705001056194, 38.72386550903325], [-0.097585000097695, 38.730472564697266], [-0.095190003514233, 38.72655868530285], [-0.089767999947071, 38.72354888916021], [-0.065828002989235, 38.723190307617244], [-0.057427000254336, 38.72528839111334], [-0.051190998405218, 38.718093872070426], [-0.049502000212556, 38.71554565429693], [-0.056161999702397, 38.705688476562614], [-0.060038998722973, 38.69553375244146], [-0.064588002860546, 38.67593383789074], [-0.081220999360028, 38.68152236938482], [-0.092869997024479, 38.67882156372076]]]}}, {"type": "Feature", "properties": {"cpro": "03", "name_3": "Comtat", "provincia": "Alicante", "communidad_autonoma": "Comunidad Valenciana", "cmun": "028", "codigo_postal": "03028", "engtype_4": "Municipality", "geo_point_2d": [38.82576174361526, -0.362543290213707], "dc": "5", "id_2": 35, "id_3": 252, "id_0": 215, "id_1": 10, "iso": "ESP", "id_4": 6405, "type_4": "Municipality", "pais": "Spain", "ccn_4": 0, "municipio": "Beniarrés", "codine": "03028", "nombre": "Beniarrés", "pop": 1118, "CodMunicipio": 3028}, "geometry": {"type": "Polygon", "coordinates": [[[-0.385771006345635, 38.81029891967785], [-0.394158005714417, 38.81841278076183], [-0.404011011123657, 38.83316040039062], [-0.404293000698033, 38.83895492553711], [-0.402155011892319, 38.8398208618164], [-0.396977007389069, 38.83744430541992], [-0.382313013076725, 38.83457565307617], [-0.369408994913044, 38.84309768676769], [-0.355116009712219, 38.84982681274414], [-0.342343986034393, 38.841060638427734], [-0.320500999689102, 38.81440353393555], [-0.33117601275444, 38.80975723266596], [-0.347952991723957, 38.810707092285206], [-0.356346994638386, 38.8128776550293], [-0.358729004859924, 38.80887222290039], [-0.367462009191513, 38.80592346191412], [-0.371138989925385, 38.808647155761776], [-0.385771006345635, 38.81029891967785]]]}}, {"type": "Feature", "properties": {"cpro": "03", "name_3": "Vinalopo Mitja", "provincia": "Alicante", "communidad_autonoma": "Comunidad Valenciana", "cmun": "013", "codigo_postal": "03013", "engtype_4": "Municipality", "geo_point_2d": [38.343552957041055, -1.003679292725191], "dc": "4", "id_2": 35, "id_3": 255, "id_0": 215, "id_1": 10, "iso": "ESP", "id_4": 6473, "type_4": "Municipality", "pais": "Spain", "ccn_4": 0, "municipio": "Algueña", "codine": "03013", "nombre": "Algueña", "pop": 1336, "CodMunicipio": 3013}, "geometry": {"type": "Polygon", "coordinates": [[[-0.971395015716553, 38.32964324951171], [-0.977183997631073, 38.327167510986435], [-0.979568004608154, 38.32414627075189], [-0.989009976386967, 38.3205680847168], [-1.028061032295227, 38.33870315551758], [-1.058380007743779, 38.3459854125976], [-1.031574964523259, 38.358066558838], [-1.025385022163334, 38.357192993164176], [-1.026136994361877, 38.35566711425792], [-1.023262977600097, 38.35609817504888], [-1.026708960533142, 38.354389190673885], [-1.0271719694137, 38.34954833984381], [-1.020411968231201, 38.35540008544921], [-1.018095970153809, 38.355026245117244], [-1.018372058868351, 38.35254669189459], [-1.010962963104248, 38.356906890869254], [-1.003564953803902, 38.357971191406364], [-1.004073023796025, 38.356891632080135], [-1.002259016036987, 38.356288909912166], [-1.003240942955017, 38.35431671142584], [-1.001445055007935, 38.35382461547857], [-0.98842000961298, 38.363082885742244], [-0.982994973659515, 38.36347579956055], [-0.981527984142303, 38.3656387329101], [-0.977423012256509, 38.36709213256836], [-0.975308001041356, 38.364910125732536], [-0.97955197095871, 38.3642196655274], [-0.98122501373291, 38.362480163574276], [-0.978281974792424, 38.35839462280279], [-0.979744970798492, 38.35273361206066], [-0.98215901851654, 38.35154724121093], [-0.98200398683548, 38.350070953369254], [-0.97961300611496, 38.34965515136719], [-0.980581998825016, 38.346923828125114], [-0.979192018508911, 38.34590911865239], [-0.975588023662453, 38.34919357299805], [-0.973541975021362, 38.34868621826171], [-0.972126007080078, 38.35144805908209], [-0.97747099399561, 38.353477478027344], [-0.974241018295288, 38.355998992919865], [-0.972678005695343, 38.35997390747082], [-0.970468997955322, 38.359493255615234], [-0.97076100111002, 38.34537124633789], [-0.97547698020935, 38.336700439453125], [-0.971395015716553, 38.32964324951171]]]}}, {"type": "Feature", "properties": {"cpro": "03", "name_3": "Baix Segura", "provincia": "Alicante", "communidad_autonoma": "Comunidad Valenciana", "cmun": "080", "codigo_postal": "03080", "engtype_4": "Municipality", "geo_point_2d": [38.04793218534047, -0.8516626742049621], "dc": "1", "id_2": 35, "id_3": 251, "id_0": 215, "id_1": 10, "iso": "ESP", "id_4": 6387, "type_4": "Municipality", "pais": "Spain", "ccn_4": 0, "municipio": "Jacarilla", "codine": "03080", "nombre": "Jacarilla", "pop": 2022, "CodMunicipio": 3080}, "geometry": {"type": "Polygon", "coordinates": [[[-0.835321009159031, 38.05021286010753], [-0.834924995899144, 38.0482063293457], [-0.825538992881775, 38.04075241088867], [-0.82506000995636, 38.03844451904302], [-0.833114981651249, 38.023349761963], [-0.840031981468144, 38.019855499267635], [-0.841123998165131, 38.021404266357536], [-0.843207001686096, 38.02104568481457], [-0.844592988491058, 38.02552413940429], [-0.849793970584869, 38.02958679199219], [-0.854498028755131, 38.03035354614263], [-0.854964971542358, 38.038608551025504], [-0.85890299081791, 38.046161651611385], [-0.874366998672485, 38.05630111694347], [-0.880780994892064, 38.06112670898443], [-0.881753981113434, 38.067344665527344], [-0.879617989063263, 38.074993133545036], [-0.874795973300934, 38.07339096069336], [-0.870194017887115, 38.069404602050895], [-0.868215978145599, 38.07155990600597], [-0.864995002746582, 38.069835662841854], [-0.8624129891395, 38.070400238037166], [-0.860935986041966, 38.067138671874936], [-0.858264982700348, 38.06766510009777], [-0.852648973464852, 38.059337615966854], [-0.8418989777565, 38.05751037597662], [-0.839850008487645, 38.05430603027355], [-0.837517976760807, 38.05413055419933], [-0.835321009159031, 38.05021286010753]]]}}, {"type": "Feature", "properties": {"name_3": "Marina Alta", "provincia": "Alicante", "communidad_autonoma": "Comunidad Valenciana", "engtype_4": "Municipality", "geo_point_2d": [38.85485306159963, 0.017792945514842], "id_2": 35, "id_3": 253, "id_0": 215, "id_1": 10, "iso": "ESP", "id_4": 6436, "type_4": "Municipality", "pais": "Spain", "ccn_4": 0, "municipio": "Els Poblets", "codine": "03901", "nombre": "Els Poblet", "pop": 2705, "CodMunicipio": 3901}, "geometry": {"type": "Polygon", "coordinates": [[[0.019860999658817, 38.864860534668026], [0.020114000886792, 38.86492156982433], [0.024662999436373, 38.860248565673935], [0.023364000022354, 38.858924865722656], [0.03238200023776, 38.855079650878906], [0.031734999269247, 38.847988128662166], [0.025301000103411, 38.84701156616211], [0.020601000636816, 38.84431838989258], [0.003819999983591, 38.8526115417481], [0.005539000034332, 38.8573112487793], [0.004604000132645, 38.86273193359375], [0.008981999941227, 38.861080169677734], [0.010003000497818, 38.86505889892583], [0.010138001292944, 38.86569595336914], [0.010694000869989, 38.86569595336914], [0.010694000869989, 38.86541748046875], [0.012360000051615, 38.86541748046875], [0.012360000051615, 38.86513900756836], [0.012637999840138, 38.86513900756836], [0.012637999840138, 38.864860534668026], [0.013194000348506, 38.864860534668026], [0.013194000348506, 38.864582061767635], [0.014306000433919, 38.864582061767635], [0.014306000433919, 38.86430740356439], [0.015138000249806, 38.86430740356439], [0.015138000249806, 38.86418914794933], [0.015138000249806, 38.864028930664006], [0.018194999545869, 38.864028930664006], [0.018194999545869, 38.86410522460943], [0.018194999545869, 38.86430740356439], [0.018750999122915, 38.86430740356439], [0.018750999122915, 38.864582061767635], [0.019582999870295, 38.864582061767635], [0.019582999870295, 38.864860534668026], [0.019860999658817, 38.864860534668026]]]}}, {"type": "Feature", "properties": {"cpro": "03", "name_3": "Vinalopo Mitja", "provincia": "Alicante", "communidad_autonoma": "Comunidad Valenciana", "cmun": "093", "codigo_postal": "03093", "engtype_4": "Municipality", "geo_point_2d": [38.39420683873997, -0.7860105671814961], "dc": "7", "id_2": 35, "id_3": 255, "id_0": 215, "id_1": 10, "iso": "ESP", "id_4": 6481, "type_4": "Municipality", "pais": "Spain", "ccn_4": 0, "municipio": "Novelda", "codine": "03093", "nombre": "Novelda", "pop": 25651, "CodMunicipio": 3093}, "geometry": {"type": "Polygon", "coordinates": [[[-0.832283020019474, 38.3572273254395], [-0.840421974658966, 38.361392974853516], [-0.839025020599365, 38.363704681396534], [-0.840039014816284, 38.368839263916016], [-0.850513994693756, 38.37305068969732], [-0.849398970603886, 38.375137329101676], [-0.865710973739567, 38.38870239257824], [-0.840843021869659, 38.39650726318371], [-0.827400982379913, 38.40373611450195], [-0.812420010566711, 38.41824340820324], [-0.808398008346558, 38.4248046875], [-0.804354012012482, 38.426284790039006], [-0.807389974594059, 38.43080902099621], [-0.806415021419525, 38.43387603759777], [-0.798466980457249, 38.434177398681754], [-0.795823991298619, 38.43262100219738], [-0.791957974433842, 38.435432434082145], [-0.78276199102396, 38.43753051757824], [-0.756953001022282, 38.43859481811517], [-0.733826994895935, 38.44251251220703], [-0.732778012752476, 38.4016571044923], [-0.740266978740692, 38.38403320312506], [-0.744826018810272, 38.381759643554744], [-0.74122899770731, 38.37774276733393], [-0.741896986961365, 38.375034332275504], [-0.735720992088261, 38.369392395019645], [-0.733496010303497, 38.361122131347656], [-0.731433987617379, 38.35970306396496], [-0.729824006557465, 38.360656738281364], [-0.724263012409153, 38.35734939575195], [-0.725533008575439, 38.35450744628912], [-0.724334001541138, 38.35184478759777], [-0.727478981018066, 38.35006713867193], [-0.734974980354252, 38.354393005371094], [-0.737960994243565, 38.36027908325201], [-0.743430972099304, 38.36178970336913], [-0.77216899394989, 38.36213684082037], [-0.821969985961914, 38.35039138793951], [-0.832283020019474, 38.3572273254395]]]}}, {"type": "Feature", "properties": {"cpro": "03", "name_3": "Marina Alta", "provincia": "Alicante", "communidad_autonoma": "Comunidad Valenciana", "cmun": "001", "codigo_postal": "03001", "engtype_4": "Municipality", "geo_point_2d": [38.859093347379265, -0.16870146919540902], "dc": "5", "id_2": 35, "id_3": 253, "id_0": 215, "id_1": 10, "iso": "ESP", "id_4": 6422, "type_4": "Municipality", "pais": "Spain", "ccn_4": 0, "municipio": "Adsubia", "codine": "03001", "nombre": "Adsubia", "pop": 632, "CodMunicipio": 3001}, "geometry": {"type": "Polygon", "coordinates": [[[-0.160941004753056, 38.83415985107427], [-0.166943997144699, 38.835845947265625], [-0.172060996293965, 38.839866638183594], [-0.170405998826027, 38.842666625976506], [-0.172005996108055, 38.84442901611328], [-0.177509993314686, 38.84422683715832], [-0.17991000413889, 38.856384277343864], [-0.194006994366646, 38.853343963623104], [-0.196264997124672, 38.859474182128906], [-0.197585001587811, 38.86635208129894], [-0.180014997720718, 38.87879180908209], [-0.167509004473686, 38.879920959472656], [-0.16227599978447, 38.88286590576183], [-0.160778999328613, 38.88742446899414], [-0.153711006045341, 38.87191772460943], [-0.15504199266428, 38.86051177978521], [-0.148025006055832, 38.858463287353516], [-0.146112993359566, 38.84666824340826], [-0.148788005113545, 38.84397125244151], [-0.147012993693295, 38.83909606933594], [-0.153314992785454, 38.833602905273494], [-0.156699001789036, 38.83452224731457], [-0.160941004753056, 38.83415985107427]]]}}, {"type": "Feature", "properties": {"cpro": "03", "name_3": "Comtat", "provincia": "Alicante", "communidad_autonoma": "Comunidad Valenciana", "cmun": "060", "codigo_postal": "03060", "engtype_4": "Municipality", "geo_point_2d": [38.71665775587226, -0.314411867608544], "dc": "5", "id_2": 35, "id_3": 252, "id_0": 215, "id_1": 10, "iso": "ESP", "id_4": 6420, "type_4": "Municipality", "pais": "Spain", "ccn_4": 0, "municipio": "Quatretondeta", "codine": "03060", "nombre": "Quatretond", "pop": 122, "CodMunicipio": 3060}, "geometry": {"type": "Polygon", "coordinates": [[[-0.280914992093983, 38.71247863769537], [-0.307137995958328, 38.699768066406364], [-0.320028990507126, 38.695091247558594], [-0.329183995723724, 38.69684982299799], [-0.330978006124496, 38.70019149780279], [-0.346632987260818, 38.714313507080135], [-0.347734004259109, 38.71561813354498], [-0.341432005167007, 38.72122955322265], [-0.337516993284225, 38.722293853759815], [-0.337096989154816, 38.72520446777344], [-0.333003997802734, 38.72613906860357], [-0.331402003765049, 38.729930877685604], [-0.328117996454239, 38.72945785522455], [-0.324030995368958, 38.732357025146484], [-0.318044006824493, 38.73372650146496], [-0.318563997745457, 38.73827362060558], [-0.316143006086236, 38.74055480957037], [-0.311655014753342, 38.73996353149414], [-0.312274992465973, 38.74280929565424], [-0.303577989339772, 38.73727416992193], [-0.303312003612461, 38.73491668701172], [-0.296867996454182, 38.728507995605526], [-0.290105998516083, 38.7260627746582], [-0.280914992093983, 38.71247863769537]]]}}, {"type": "Feature", "properties": {"cpro": "03", "name_3": "Marina Baixa", "provincia": "Alicante", "communidad_autonoma": "Comunidad Valenciana", "cmun": "018", "codigo_postal": "03018", "engtype_4": "Municipality", "geo_point_2d": [38.625288022476994, -0.046994947369676], "dc": "7", "id_2": 35, "id_3": 254, "id_0": 215, "id_1": 10, "iso": "ESP", "id_4": 6456, "type_4": "Municipality", "pais": "Spain", "ccn_4": 0, "municipio": "Altea", "codine": "03018", "nombre": "Altea", "pop": 22290, "CodMunicipio": 3018}, "geometry": {"type": "Polygon", "coordinates": [[[-0.080025002360287, 38.596122741699276], [-0.084806002676487, 38.60363006591808], [-0.084022000432014, 38.60627746582037], [-0.078028000891209, 38.60628890991211], [-0.081050001084748, 38.62011337280285], [-0.076291002333164, 38.625545501708984], [-0.077720001339912, 38.62740707397472], [-0.069288000464439, 38.63848495483393], [-0.061524998396521, 38.65388488769531], [-0.062801003456002, 38.658042907714844], [-0.059990998357534, 38.66470336914057], [-0.055810999125185, 38.65957260131841], [-0.046496000140849, 38.658668518066406], [-0.044344998896065, 38.660995483398494], [-0.006629999727011, 38.6434364318847], [0.0, 38.64068603515625], [0.007304999511689, 38.637657165527344], [0.007046999409852, 38.63478088378906], [0.010157999582702, 38.632827758789176], [0.010573000647128, 38.63152694702154], [0.009305999614355, 38.63152694702154], [0.009305999614355, 38.63069534301758], [0.00875000003731, 38.63069534301758], [0.00875000003731, 38.63041687011719], [0.007915999740362, 38.63041687011719], [0.007915999740362, 38.63013839721679], [0.007362000644207, 38.63013839721679], [0.007362000644207, 38.629859924316406], [0.00705899996683, 38.629859924316406], [0.006250000558737, 38.629859924316406], [0.006250000558737, 38.6290855407716], [0.006250000558737, 38.628471374511655], [0.005972000304666, 38.628471374511655], [0.005972000304666, 38.62828826904297], [0.005972000304666, 38.62819290161133], [0.0051399995574, 38.62819290161133], [0.0051399995574, 38.62874984741205], [0.004861999303159, 38.62874984741205], [0.004861999303159, 38.62918472290039], [0.004861999303159, 38.629306793213004], [0.00470200041309, 38.629306793213004], [0.004583999980355, 38.629306793213004], [0.004583999980355, 38.629581451416016], [0.004338000435382, 38.629581451416016], [0.004027999471987, 38.629585266113395], [0.003971000667718, 38.629859924316406], [0.003750000381899, 38.629859924316406], [0.003750000381899, 38.630027770996094], [0.003750000381899, 38.63013839721679], [0.003603999968732, 38.63013839721679], [0.000970999884998, 38.63013839721679], [0.000970999884998, 38.62902832031261], [0.000692999688965, 38.62902832031261], [0.000692999688965, 38.62819290161133], [0.000417000439597, 38.62819290161133], [0.000417000439597, 38.62791824340826], [-2.7000245609e-05, 38.62791824340826], [-0.000694999587665, 38.62791824340826], [-0.000694999587665, 38.62819290161133], [-0.004027000162694, 38.62819290161133], [-0.004027000162694, 38.628471374511655], [-0.004582999739739, 38.628471374511655], [-0.004582999739739, 38.629859924316406], [-0.004860999993923, 38.629859924316406], [-0.004860999993923, 38.63013839721679], [-0.005416999570969, 38.63013839721679], [-0.005416999570969, 38.63041687011719], [-0.005973000079393, 38.63041687011719], [-0.005973000079393, 38.63013839721679], [-0.006248999387026, 38.63013839721679], [-0.006248999387026, 38.629947662353516], [-0.006248999387026, 38.629585266113395], [-0.007083000149521, 38.629581451416016], [-0.007083000149521, 38.629306793213004], [-0.007916999980694, 38.629306793213004], [-0.007916999980694, 38.62902832031261], [-0.008194999769216, 38.62902832031261], [-0.008194999769216, 38.62874984741205], [-0.009026999585274, 38.62874984741205], [-0.009026999585274, 38.628471374511655], [-0.009305000305062, 38.628471374511655], [-0.009305000305062, 38.62819290161133], [-0.009860999882108, 38.62819290161133], [-0.009860999882108, 38.62791824340826], [-0.010417998768389, 38.62791824340826], [-0.010417998768389, 38.62736129760753], [-0.01402799971396, 38.62736129760753], [-0.01402799971396, 38.627082824707145], [-0.014306000433805, 38.627082824707145], [-0.014306000433805, 38.626804351806754], [-0.015139998868051, 38.626804351806754], [-0.015139998868051, 38.626529693603516], [-0.015693999826851, 38.626525878906364], [-0.015693999826851, 38.62625122070318], [-0.015971999615374, 38.62625122070318], [-0.015971999615374, 38.62597274780279], [-0.016527999192419, 38.62597274780279], [-0.016527999192419, 38.62569427490239], [-0.016806000843644, 38.62569427490239], [-0.016806000843644, 38.62541580200201], [-0.017084000632167, 38.62541580200201], [-0.017084000632167, 38.62513732910162], [-0.01736200042069, 38.62513732910162], [-0.01736200042069, 38.624740600585994], [-0.01736200042069, 38.62458419799805], [-0.017915999516845, 38.62458419799805], [-0.017915999516845, 38.624305725097656], [-0.018193999305367, 38.624305725097656], [-0.018193999305367, 38.62402725219726], [-0.01847199909389, 38.62402725219726], [-0.01847199909389, 38.623748779296875], [-0.019028000533581, 38.623748779296875], [-0.019028000533581, 38.623474121093864], [-0.019859999418259, 38.623474121093864], [-0.019859999418259, 38.62319564819347], [-0.020137999206781, 38.62319564819347], [-0.020137999206781, 38.622917175293075], [-0.020416000857836, 38.622917175293075], [-0.020416000857836, 38.62263870239269], [-0.020972000434881, 38.62263870239269], [-0.020972000434881, 38.622360229492116], [-0.021250000223404, 38.622360229492116], [-0.021250000223404, 38.62208175659174], [-0.021528000011926, 38.62208175659174], [-0.021528000011926, 38.62180709838873], [-0.021805999800449, 38.62180709838873], [-0.021805999800449, 38.62152862548834], [-0.022360000759249, 38.62152862548834], [-0.022360000759249, 38.62125015258794], [-0.022638000547772, 38.62125015258794], [-0.022638000547772, 38.620971679687614], [-0.022916000336295, 38.620971679687614], [-0.022916000336295, 38.62069320678722], [-0.023194000124818, 38.62069320678722], [-0.023194000124818, 38.620418548583984], [-0.024028999730888, 38.620418548583984], [-0.024028999730888, 38.620140075683594], [-0.024860000237766, 38.620140075683594], [-0.024860000237766, 38.62004852294933], [-0.024860000237766, 38.61986160278326], [-0.025694999843779, 38.61986160278326], [-0.025694999843779, 38.61958312988286], [-0.025972999632302, 38.61958312988286], [-0.025972999632302, 38.61902618408209], [-0.026528999209347, 38.61902618408209], [-0.026528999209347, 38.618751525878906], [-0.02736099995667, 38.618751525878906], [-0.02736099995667, 38.61902618408209], [-0.027638999745193, 38.61902618408209], [-0.027638999745193, 38.618751525878906], [-0.028194999322238, 38.618751525878906], [-0.028194999322238, 38.618473052978516], [-0.028472999110761, 38.618473052978516], [-0.028472999110761, 38.618194580078125], [-0.028751000761986, 38.618194580078125], [-0.028751000761986, 38.61791610717773], [-0.029029000550508, 38.61791610717773], [-0.029029000550508, 38.617637634277344], [-0.029582999646607, 38.617637634277344], [-0.029582999646607, 38.61736297607433], [-0.02986099943513, 38.61736297607433], [-0.02986099943513, 38.61680603027355], [-0.030138999223652, 38.61680603027355], [-0.030138999223652, 38.61652755737315], [-0.030417000874877, 38.61652755737315], [-0.030417000874877, 38.61624908447277], [-0.030973000451922, 38.61624908447277], [-0.030973000451922, 38.61597061157221], [-0.031250998377743, 38.61597061157221], [-0.031250998377743, 38.6156959533692], [-0.031527001410723, 38.6156959533692], [-0.031527001410723, 38.61486053466802], [-0.031250998377743, 38.61486053466802], [-0.031250998377743, 38.61402893066406], [-0.031805001199245, 38.61402893066406], [-0.031805001199245, 38.61375045776367], [-0.032361000776291, 38.61375045776367], [-0.032361000776291, 38.61327362060547], [-0.032361000776291, 38.61264038085932], [-0.032639000564814, 38.61264038085932], [-0.032639000564814, 38.612361907958984], [-0.032917000353336, 38.612361907958984], [-0.032917000353336, 38.612083435058594], [-0.033493999391794, 38.612083435058594], [-0.03430499881506, 38.612083435058594], [-0.03430499881506, 38.611804962158196], [-0.034582998603582, 38.611804962158196], [-0.034582998603582, 38.611526489257805], [-0.035138998180628, 38.611526489257805], [-0.035138998180628, 38.6112518310548], [-0.035417001694441, 38.6112518310548], [-0.035417001694441, 38.61069488525402], [-0.035695001482964, 38.61069488525402], [-0.035695001482964, 38.61041641235362], [-0.035971000790482, 38.61041641235362], [-0.035971000790482, 38.60985946655285], [-0.036249000579005, 38.60985946655285], [-0.036249000579005, 38.609584808349666], [-0.036527000367528, 38.609584808349666], [-0.036527000367528, 38.6091423034668], [-0.036527000367528, 38.60874938964849], [-0.03680500015605, 38.60874938964849], [-0.03680500015605, 38.608470916748104], [-0.037082999944573, 38.608470916748104], [-0.037082999944573, 38.60819625854492], [-0.037503000348806, 38.60819625854492], [-0.037640001624823, 38.60819625854492], [-0.037640001624823, 38.60806274414056], [-0.037640001624823, 38.60791778564453], [-0.037790000438633, 38.60791778564453], [-0.037918001413345, 38.60791778564453], [-0.037918001413345, 38.60779571533209], [-0.037918001413345, 38.60763931274414], [-0.03807700052846, 38.60763931274414], [-0.038192998617887, 38.60763931274414], [-0.038192998617887, 38.607524871826286], [-0.038192998617887, 38.606803894043026], [-0.03847099840641, 38.606803894043026], [-0.03847099840641, 38.60652923583979], [-0.038750000297966, 38.60652923583979], [-0.038750000297966, 38.606250762939396], [-0.039028000086489, 38.606250762939396], [-0.039028000086489, 38.60597229003906], [-0.039305999875012, 38.60597229003906], [-0.039305999875012, 38.60569381713867], [-0.039583999663535, 38.60569381713867], [-0.039583999663535, 38.605415344238274], [-0.039861999452057, 38.605415344238274], [-0.039861999452057, 38.60486221313488], [-0.04013999924058, 38.60486221313488], [-0.04013999924058, 38.60430526733409], [-0.040415998548269, 38.60430526733409], [-0.040415998548269, 38.60374832153332], [-0.040693998336792, 38.60374832153332], [-0.040693998336792, 38.603473663330135], [-0.040972001850605, 38.603473663330135], [-0.040972001850605, 38.603195190429744], [-0.041806001216173, 38.603195190429744], [-0.041806001216173, 38.602916717529354], [-0.042362000793219, 38.602916717529354], [-0.042362000793219, 38.60281372070318], [-0.042362000793219, 38.602638244628956], [-0.042915999889317, 38.602638244628956], [-0.042915999889317, 38.60235977172857], [-0.043471999466362, 38.60235977172857], [-0.043471999466362, 38.60208511352539], [-0.043749999254885, 38.60208511352539], [-0.043749999254885, 38.60152816772461], [-0.044027999043408, 38.60152816772461], [-0.044027999043408, 38.60097122192382], [-0.044305998831931, 38.60097122192382], [-0.044305998831931, 38.60124969482422], [-0.044583998620453, 38.60124969482422], [-0.044583998620453, 38.60097122192382], [-0.044861998408976, 38.60097122192382], [-0.044861998408976, 38.600692749023494], [-0.045416001230478, 38.600692749023494], [-0.045416001230478, 38.600418090820426], [-0.045694001019001, 38.600418090820426], [-0.045694001019001, 38.600139617919865], [-0.045972000807524, 38.600139617919865], [-0.045972000807524, 38.599861145019474], [-0.046250000596046, 38.599861145019474], [-0.046250000596046, 38.59930419921874], [-0.046528000384569, 38.59930419921874], [-0.046528000384569, 38.59902954101568], [-0.046806000173092, 38.59902954101568], [-0.046806000173092, 38.59875106811535], [-0.047083999961615, 38.59875106811535], [-0.047083999961615, 38.59847259521496], [-0.047359999269247, 38.59847259521496], [-0.047359999269247, 38.598369598388786], [-0.047359999269247, 38.59819412231456], [-0.04763799905777, 38.59819412231456], [-0.04763799905777, 38.59791564941417], [-0.047915998846292, 38.59791564941417], [-0.047915998846292, 38.597637176513786], [-0.048193998634815, 38.597637176513786], [-0.048193998634815, 38.597362518310604], [-0.048471998423338, 38.597362518310604], [-0.048471998423338, 38.597248077392685], [-0.048471998423338, 38.59708404541021], [-0.048749998211861, 38.59708404541021], [-0.048749998211861, 38.59652709960943], [-0.049028001725674, 38.59652709960943], [-0.049028001725674, 38.596248626709034], [-0.049306001514196, 38.596248626709034], [-0.049306001514196, 38.59597396850586], [-0.049582000821715, 38.59597396850586], [-0.049582000821715, 38.59569549560547], [-0.049860000610238, 38.59569549560547], [-0.049860000610238, 38.59541702270508], [-0.050416000187283, 38.59541702270508], [-0.050416000187283, 38.59513854980469], [-0.050693999975806, 38.59513854980469], [-0.050693999975806, 38.5948600769043], [-0.050972998142242, 38.5948600769043], [-0.050972998142242, 38.5945816040039], [-0.051251001656055, 38.5945816040039], [-0.051251001656055, 38.594306945800895], [-0.051529001444578, 38.594306945800895], [-0.051529001444578, 38.594028472900504], [-0.051807001233101, 38.594028472900504], [-0.051807001233101, 38.59375], [-0.052361000329199, 38.59375], [-0.052361000329199, 38.59347152709955], [-0.052639000117722, 38.59347152709955], [-0.052639000117722, 38.59291839599615], [-0.052916999906245, 38.59291839599615], [-0.052916999906245, 38.592361450195426], [-0.053194999694767, 38.592361450195426], [-0.053194999694767, 38.592082977295036], [-0.05347299948329, 38.592082977295036], [-0.05347299948329, 38.591526031494254], [-0.053194999694767, 38.591526031494254], [-0.053194999694767, 38.59097290039068], [-0.052916999906245, 38.59097290039068], [-0.052916999906245, 38.59069442749029], [-0.052639000117722, 38.59069442749029], [-0.052639000117722, 38.5904159545899], [-0.052361000329199, 38.5904159545899], [-0.052361000329199, 38.5901374816895], [-0.051807001233101, 38.5901374816895], [-0.051807001233101, 38.58958435058594], [-0.052081998437643, 38.58958435058594], [-0.052081998437643, 38.58930587768555], [-0.052361000329199, 38.58930587768555], [-0.052361000329199, 38.58906936645519], [-0.052361000329199, 38.58763885498058], [-0.052639000117722, 38.58763885498058], [-0.052639000117722, 38.58736038208002], [-0.052916999906245, 38.58736038208002], [-0.052916999906245, 38.58708190917963], [-0.053194999694767, 38.58708190917963], [-0.053194999694767, 38.58680725097662], [-0.053750999271813, 38.58680725097662], [-0.053750999271813, 38.58736038208002], [-0.054028999060336, 38.58736038208002], [-0.054028999060336, 38.58763885498058], [-0.053750999271813, 38.58763885498058], [-0.053750999271813, 38.58791732788097], [-0.054028999060336, 38.58791732788097], [-0.054028999060336, 38.58847045898437], [-0.053750999271813, 38.58847045898437], [-0.053750999271813, 38.588748931884766], [-0.05347299948329, 38.588748931884766], [-0.05347299948329, 38.58930587768555], [-0.053194999694767, 38.58930587768555], [-0.053238000720626, 38.58986282348633], [-0.054028999060336, 38.58986282348633], [-0.054028999060336, 38.5901374816895], [-0.054304998368025, 38.5901374816895], [-0.054304998368025, 38.58986282348633], [-0.054582998156548, 38.58986282348633], [-0.054582998156548, 38.588195800781364], [-0.054861001670361, 38.588195800781364], [-0.054861001670361, 38.58805847167969], [-0.054861001670361, 38.58791732788097], [-0.055139001458883, 38.58791732788097], [-0.055139001458883, 38.58763885498058], [-0.055417001247406, 38.58763885498058], [-0.055417001247406, 38.58736038208002], [-0.05652699992055, 38.58736038208002], [-0.05652699992055, 38.58763885498058], [-0.057596001774073, 38.58763885498058], [-0.057916998863163, 38.58763885498058], [-0.057916998863163, 38.58736038208002], [-0.058194998651686, 38.58736038208002], [-0.058194998651686, 38.58708190917963], [-0.058472998440209, 38.58708190917963], [-0.058472998440209, 38.58696365356457], [-0.058472998440209, 38.58680725097662], [-0.058750998228732, 38.58680725097662], [-0.058750998228732, 38.58652877807623], [-0.059027001261711, 38.58652877807623], [-0.059027001261711, 38.58625030517584], [-0.059305001050234, 38.58625030517584], [-0.059305001050234, 38.585971832275504], [-0.059583000838757, 38.585971832275504], [-0.059583000838757, 38.58486175537115], [-0.059861000627279, 38.58486175537115], [-0.059861000627279, 38.58430480957037], [-0.060139000415802, 38.58430480957037], [-0.060139000415802, 38.58402633666997], [-0.060417000204325, 38.58402633666997], [-0.060417000204325, 38.5837516784668], [-0.060694999992847, 38.5837516784668], [-0.060694999992847, 38.583194732666016], [-0.061248999089003, 38.583194732666016], [-0.061248999089003, 38.582637786865234], [-0.061526998877525, 38.582637786865234], [-0.061526998877525, 38.58208465576183], [-0.061804998666048, 38.58208465576183], [-0.061804998666048, 38.58124923706066], [-0.062082998454571, 38.58124923706066], [-0.062082998454571, 38.5809707641601], [-0.062360998243093, 38.5809707641601], [-0.062360998243093, 38.58069610595709], [-0.062082998454571, 38.58069610595709], [-0.062102001160383, 38.580207824706974], [-0.062360998243093, 38.58013916015631], [-0.062360998243093, 38.579860687255916], [-0.062638998031616, 38.579860687255916], [-0.062638998031616, 38.57929229736328], [-0.062638998031616, 38.57847213745123], [-0.062917001545429, 38.57847213745123], [-0.062917001545429, 38.57764053344721], [-0.063196003436985, 38.57764053344721], [-0.063196003436985, 38.576805114746094], [-0.06347099691618, 38.576805114746094], [-0.06347099691618, 38.57666015625006], [-0.063969999551659, 38.5770874023438], [-0.074355997145176, 38.585872650146484], [-0.074139997363091, 38.58864212036144], [-0.080025002360287, 38.596122741699276]]]}}, {"type": "Feature", "properties": {"name_3": "Marina Baixa", "provincia": "Alicante", "communidad_autonoma": "Comunidad Valenciana", "engtype_4": "Municipality", "geo_point_2d": [38.5782029962623, -0.08831042465818201], "id_2": 35, "id_3": 254, "id_0": 215, "id_1": 10, "iso": "ESP", "id_4": 6465, "type_4": "Municipality", "pais": "Spain", "ccn_4": 0, "municipio": "L'Alfàs del Pi", "codine": "03011", "nombre": "L'Alfàs de", "pop": 20482, "CodMunicipio": 3011}, "geometry": {"type": "Polygon", "coordinates": [[[-0.06347099691618, 38.57666015625006], [-0.06347099691618, 38.576248168945305], [-0.063749000429993, 38.576248168945305], [-0.063749000429993, 38.574306488037166], [-0.063882000744286, 38.574306488037166], [-0.064026996493226, 38.574306488037166], [-0.064026996493226, 38.57152938842768], [-0.063793003559113, 38.57152938842768], [-0.063196003436985, 38.57152938842768], [-0.063196003436985, 38.57125091552729], [-0.062917001545429, 38.57125091552729], [-0.062917001545429, 38.57097244262695], [-0.062360998243093, 38.57097244262695], [-0.062360998243093, 38.57069396972656], [-0.062082998454571, 38.57069396972656], [-0.062082998454571, 38.57041549682617], [-0.061804998666048, 38.57041549682617], [-0.061804998666048, 38.570266723632926], [-0.061804998666048, 38.57013702392578], [-0.06153900176281, 38.57013702392578], [-0.059861000627279, 38.57013702392578], [-0.059861000627279, 38.56986236572277], [-0.059583000838757, 38.56986236572277], [-0.059583000838757, 38.56958389282238], [-0.059027001261711, 38.56958389282238], [-0.059027001261711, 38.56930541992199], [-0.058472998440209, 38.56930541992199], [-0.058472998440209, 38.5690269470216], [-0.057916998863163, 38.5690269470216], [-0.057916998863163, 38.5687484741212], [-0.057082999497595, 38.5687484741212], [-0.057082999497595, 38.568473815918026], [-0.055695001035929, 38.568473815918026], [-0.055695001035929, 38.5687484741212], [-0.055139001458883, 38.5687484741212], [-0.055139001458883, 38.568473815918026], [-0.054861001670361, 38.568473815918026], [-0.054861001670361, 38.567916870117244], [-0.054304998368025, 38.567916870117244], [-0.054304998368025, 38.56735992431646], [-0.054028999060336, 38.56735992431646], [-0.054028999060336, 38.567081451416065], [-0.053750999271813, 38.567081451416065], [-0.053750999271813, 38.566322326660156], [-0.053750999271813, 38.565692901611385], [-0.05347299948329, 38.565692901611385], [-0.05347299948329, 38.56541824340832], [-0.053194999694767, 38.56541824340832], [-0.053194999694767, 38.565139770507756], [-0.052916999906245, 38.565139770507756], [-0.052916999906245, 38.56541824340832], [-0.052639000117722, 38.56541824340832], [-0.052639000117722, 38.56578063964843], [-0.052639000117722, 38.56597137451172], [-0.051807001233101, 38.56597137451172], [-0.051807001233101, 38.56624984741211], [-0.049582000821715, 38.56624984741211], [-0.049582000821715, 38.565692901611385], [-0.049306001514196, 38.565692901611385], [-0.049306001514196, 38.565139770507756], [-0.049028001725674, 38.565139770507756], [-0.049028001725674, 38.56430435180664], [-0.048749998211861, 38.56430435180664], [-0.048749998211861, 38.56319427490246], [-0.049028001725674, 38.56319427490246], [-0.049028001725674, 38.56291580200207], [-0.049582000821715, 38.56291580200207], [-0.049582000821715, 38.562362670898494], [-0.049860000610238, 38.562362670898494], [-0.049860000610238, 38.56180572509771], [-0.050416000187283, 38.56180572509771], [-0.050416000187283, 38.56124877929693], [-0.051251001656055, 38.56124877929693], [-0.051251001656055, 38.56097412109375], [-0.051529001444578, 38.56097412109375], [-0.051529001444578, 38.56013870239258], [-0.052081998437643, 38.56013870239258], [-0.052081998437643, 38.5595817565918], [-0.052639000117722, 38.5595817565918], [-0.052639000117722, 38.559307098388786], [-0.052916999906245, 38.559307098388786], [-0.052916999906245, 38.559028625488395], [-0.053194999694767, 38.559028625488395], [-0.053194999694767, 38.559307098388786], [-0.05347299948329, 38.559307098388786], [-0.05347299948329, 38.558750152587834], [-0.053750999271813, 38.558750152587834], [-0.053750999271813, 38.559028625488395], [-0.054582998156548, 38.559028625488395], [-0.054582998156548, 38.55847167968744], [-0.054861001670361, 38.55847167968744], [-0.054861001670361, 38.55833435058594], [-0.054861001670361, 38.55819320678711], [-0.055139001458883, 38.55819320678711], [-0.055139001458883, 38.55791854858404], [-0.055973000824451, 38.55791854858404], [-0.055973000824451, 38.55736160278332], [-0.05652699992055, 38.55736160278332], [-0.05652699992055, 38.556804656982536], [-0.056804999709072, 38.556804656982536], [-0.056804999709072, 38.556526184082145], [-0.057360999286118, 38.556526184082145], [-0.057360999286118, 38.55597305297857], [-0.057638999074641, 38.55597305297857], [-0.057638999074641, 38.55569458007818], [-0.057360999286118, 38.55569458007818], [-0.057360999286118, 38.5551376342774], [-0.057638999074641, 38.5551376342774], [-0.057638999074641, 38.55486297607422], [-0.057082999497595, 38.55486297607422], [-0.057082999497595, 38.55430603027344], [-0.056804999709072, 38.55430603027344], [-0.056804999709072, 38.553749084472656], [-0.057082999497595, 38.553749084472656], [-0.057082999497595, 38.553470611572266], [-0.057360999286118, 38.553470611572266], [-0.057360999286118, 38.55307388305664], [-0.057360999286118, 38.552917480468864], [-0.057916998863163, 38.552917480468864], [-0.057916998863163, 38.55263900756847], [-0.058194998651686, 38.55263900756847], [-0.058194998651686, 38.55180740356451], [-0.058472998440209, 38.55180740356451], [-0.058472998440209, 38.55152893066412], [-0.059027001261711, 38.55152893066412], [-0.059027001261711, 38.55125045776373], [-0.059305001050234, 38.55125045776373], [-0.059305001050234, 38.550971984863395], [-0.059583000838757, 38.550971984863395], [-0.059583000838757, 38.55125045776373], [-0.061804998666048, 38.55125045776373], [-0.061804998666048, 38.55152893066412], [-0.062360998243093, 38.55152893066412], [-0.062360998243093, 38.55135345458996], [-0.062360998243093, 38.55125045776373], [-0.062638998031616, 38.55125045776373], [-0.062638998031616, 38.550971984863395], [-0.062082998454571, 38.550971984863395], [-0.062082998454571, 38.550693511963004], [-0.062917001545429, 38.550693511963004], [-0.062917001545429, 38.550140380859375], [-0.06347099691618, 38.550140380859375], [-0.06347099691618, 38.550415039062614], [-0.064026996493226, 38.550415039062614], [-0.064026996493226, 38.54930496215826], [-0.064861997961998, 38.54930496215826], [-0.064861997961998, 38.54875183105469], [-0.064305000007039, 38.54875183105469], [-0.064305000007039, 38.548194885253906], [-0.065140001475811, 38.548194885253906], [-0.065140001475811, 38.54708480834972], [-0.065692998468876, 38.54708480834972], [-0.065692998468876, 38.54624938964855], [-0.066249996423664, 38.54624938964855], [-0.066249996423664, 38.54597091674799], [-0.066527999937477, 38.54597091674799], [-0.066527999937477, 38.54571914672857], [-0.068245999515, 38.54732131958008], [-0.094068996608257, 38.57008361816417], [-0.099570997059345, 38.571701049804744], [-0.11464499682188, 38.56842422485363], [-0.119589999318066, 38.56897735595703], [-0.116526998579502, 38.57840728759771], [-0.121244996786118, 38.59879302978521], [-0.113614998757782, 38.604732513427734], [-0.109191000461578, 38.60595703124994], [-0.100823998451233, 38.602138519287166], [-0.080025002360287, 38.596122741699276], [-0.074139997363091, 38.58864212036144], [-0.074355997145176, 38.585872650146484], [-0.063969999551659, 38.5770874023438], [-0.06347099691618, 38.57666015625006]]]}}, {"type": "Feature", "properties": {"cpro": "03", "name_3": "Comtat", "provincia": "Alicante", "communidad_autonoma": "Comunidad Valenciana", "cmun": "072", "codigo_postal": "03072", "engtype_4": "Municipality", "geo_point_2d": [38.81595087310054, -0.410650330920434], "dc": "5", "id_2": 35, "id_3": 252, "id_0": 215, "id_1": 10, "iso": "ESP", "id_4": 6413, "type_4": "Municipality", "pais": "Spain", "ccn_4": 0, "municipio": "Gaianes", "codine": "03072", "nombre": "Gaianes", "pop": 452, "CodMunicipio": 3072}, "geometry": {"type": "Polygon", "coordinates": [[[-0.385771006345635, 38.81029891967785], [-0.387865006923619, 38.81065368652343], [-0.387766987085342, 38.80612182617193], [-0.397884011268559, 38.80431747436529], [-0.409763008356038, 38.799312591552734], [-0.414481014013234, 38.798793792724666], [-0.415699988603478, 38.800369262695305], [-0.428988009691125, 38.81254577636719], [-0.431318998336792, 38.81589508056646], [-0.431906998157501, 38.82306289672863], [-0.432182997465134, 38.82645797729497], [-0.43147599697113, 38.8265838623048], [-0.404011011123657, 38.83316040039062], [-0.394158005714417, 38.81841278076183], [-0.385771006345635, 38.81029891967785]]]}}, {"type": "Feature", "properties": {"cpro": "03", "name_3": "Comtat", "provincia": "Alicante", "communidad_autonoma": "Comunidad Valenciana", "cmun": "130", "codigo_postal": "03130", "engtype_4": "Municipality", "geo_point_2d": [38.76267463604362, -0.24768140847064102], "dc": "1", "id_2": 35, "id_3": 252, "id_0": 215, "id_1": 10, "iso": "ESP", "id_4": 6421, "type_4": "Municipality", "pais": "Spain", "ccn_4": 0, "municipio": "Tollos", "codine": "03130", "nombre": "Tollos", "pop": 57, "CodMunicipio": 3130}, "geometry": {"type": "Polygon", "coordinates": [[[-0.275173008441811, 38.74858856201183], [-0.277547985315266, 38.75051879882824], [-0.281594008207207, 38.75070190429699], [-0.285530000925007, 38.75670242309582], [-0.286985993385201, 38.76625442504894], [-0.280880004167557, 38.7642822265625], [-0.255544990301132, 38.775283813476676], [-0.255053013563099, 38.775241851806584], [-0.244642004370689, 38.775543212890625], [-0.241125002503338, 38.77697753906256], [-0.234303995966854, 38.77801513671875], [-0.229849994182587, 38.77880096435547], [-0.225170999765396, 38.77743530273432], [-0.220516994595528, 38.77493286132824], [-0.214985996484756, 38.774974822998104], [-0.212551996111756, 38.77352523803705], [-0.209280997514725, 38.77307510375982], [-0.199796006083488, 38.77085113525396], [-0.198147997260037, 38.77046203613287], [-0.195640996098518, 38.77003097534191], [-0.209577992558479, 38.765888214111264], [-0.226750999689102, 38.75833129882824], [-0.23027199506754, 38.75833511352544], [-0.231732994318008, 38.755092620849666], [-0.23790700733656, 38.75043487548834], [-0.249110996723118, 38.74744796752929], [-0.261079013347626, 38.74495315551758], [-0.264575004577637, 38.745628356933594], [-0.267489999532643, 38.74910354614252], [-0.275173008441811, 38.74858856201183]]]}}, {"type": "Feature", "properties": {"cpro": "03", "name_3": "Marina Alta", "provincia": "Alicante", "communidad_autonoma": "Comunidad Valenciana", "cmun": "006", "codigo_postal": "03006", "engtype_4": "Municipality", "geo_point_2d": [38.75589114170199, -0.031073354356106003], "dc": "7", "id_2": 35, "id_3": 253, "id_0": 215, "id_1": 10, "iso": "ESP", "id_4": 6423, "type_4": "Municipality", "pais": "Spain", "ccn_4": 0, "municipio": "Alcalalí", "codine": "03006", "nombre": "Alcalalí", "pop": 1278, "CodMunicipio": 3006}, "geometry": {"type": "Polygon", "coordinates": [[[-0.057427000254336, 38.72528839111334], [-0.054974999278784, 38.7273063659669], [-0.057844001799822, 38.73363113403332], [-0.051417000591698, 38.752559661865234], [-0.054995000362396, 38.754516601562614], [-0.053025998175144, 38.75931167602545], [-0.05044399946928, 38.75969696044916], [-0.026010999456048, 38.77530288696289], [-0.020824000239315, 38.77855682373058], [-0.007666999939829, 38.782787322998104], [0.0, 38.77956771850597], [0.004368999973053, 38.77773284912114], [0.006349999923259, 38.76930236816412], [0.000887000525893, 38.767711639404354], [0.0, 38.766452789306754], [-0.001375999534503, 38.764503479003906], [-0.008969999849683, 38.762065887451286], [-0.011873999610543, 38.75943756103521], [-0.021189000457525, 38.75934219360357], [-0.029869999736434, 38.75585174560558], [-0.032721001654863, 38.74728393554699], [-0.031812001019659, 38.74563217163097], [-0.034717999398595, 38.74407196044922], [-0.033472999930382, 38.74219512939453], [-0.042984001338482, 38.7274551391601], [-0.043494999408665, 38.722061157226676], [-0.04939499869937, 38.72063446044922], [-0.051190998405218, 38.718093872070426], [-0.057427000254336, 38.72528839111334]]]}}, {"type": "Feature", "properties": {"cpro": "03", "name_3": "Marina Alta", "provincia": "Alicante", "communidad_autonoma": "Comunidad Valenciana", "cmun": "030", "codigo_postal": "03030", "engtype_4": "Municipality", "geo_point_2d": [38.792402302223024, -0.026924236627832002], "dc": "2", "id_2": 35, "id_3": 253, "id_0": 215, "id_1": 10, "iso": "ESP", "id_4": 6426, "type_4": "Municipality", "pais": "Spain", "ccn_4": 0, "municipio": "Benidoleig", "codine": "03030", "nombre": "Benidoleig", "pop": 1095, "CodMunicipio": 3030}, "geometry": {"type": "Polygon", "coordinates": [[[-0.007666999939829, 38.782787322998104], [-0.020824000239315, 38.77855682373058], [-0.026010999456048, 38.77530288696289], [-0.039563000202179, 38.78600692749029], [-0.043334998190346, 38.78723144531256], [-0.043549001216832, 38.80512619018566], [-0.044945999979916, 38.8075408935548], [-0.042913001030627, 38.80718231201166], [-0.040782999247313, 38.802738189697266], [-0.039198998361769, 38.803287506103516], [-0.036362998187485, 38.8035125732423], [-0.037512000650111, 38.80578613281256], [-0.026979999616685, 38.80492401123047], [-0.016735000535846, 38.80704879760753], [-0.013549000024796, 38.80701065063482], [-0.012097000144365, 38.8037223815918], [-0.017110999673548, 38.8002815246582], [-0.013880000449717, 38.79387664794922], [-0.015199000015855, 38.79198837280285], [-0.008786000311318, 38.786846160888786], [-0.007666999939829, 38.782787322998104]]]}}, {"type": "Feature", "properties": {"cpro": "03", "name_3": "Marina Baixa", "provincia": "Alicante", "communidad_autonoma": "Comunidad Valenciana", "cmun": "069", "codigo_postal": "03069", "engtype_4": "Municipality", "geo_point_2d": [38.57413810279244, -0.203174647210793], "dc": "9", "id_2": 35, "id_3": 254, "id_0": 215, "id_1": 10, "iso": "ESP", "id_4": 6464, "type_4": "Municipality", "pais": "Spain", "ccn_4": 0, "municipio": "Finestrat", "codine": "03069", "nombre": "Finestrat", "pop": 6715, "CodMunicipio": 3069}, "geometry": {"type": "Polygon", "coordinates": [[[-0.186676993966046, 38.61016845703125], [-0.186557993292809, 38.60494995117199], [-0.179483994841519, 38.595645904541065], [-0.179646000266075, 38.591522216796875], [-0.167170003056526, 38.5829696655274], [-0.158989995718002, 38.57063674926758], [-0.175058007240239, 38.56094360351557], [-0.163874000310784, 38.523471832275334], [-0.164305001497269, 38.523471832275334], [-0.164305001497269, 38.52334594726574], [-0.164305001497269, 38.523193359375], [-0.164582997560501, 38.523193359375], [-0.164582997560501, 38.523330688476676], [-0.164582997560501, 38.523471832275334], [-0.165139004588127, 38.523471832275334], [-0.165139004588127, 38.523750305175724], [-0.165972992777824, 38.523750305175724], [-0.165972992777824, 38.524028778076286], [-0.166251003742218, 38.524028778076286], [-0.166249006986618, 38.524307250976676], [-0.166804999113026, 38.524307250976676], [-0.166804999113026, 38.524028778076286], [-0.167082995176258, 38.524028778076286], [-0.167082995176258, 38.523193359375], [-0.167361006140709, 38.523193359375], [-0.167659997940063, 38.523159027099666], [-0.166492998599949, 38.52721023559576], [-0.169813007116318, 38.53198623657232], [-0.172756001353264, 38.53126144409191], [-0.1867659986018, 38.536411285400504], [-0.200731992721558, 38.54454803466791], [-0.208435997366905, 38.54470825195324], [-0.216961994767075, 38.55084609985357], [-0.227267995476723, 38.55255889892572], [-0.229570001363754, 38.55777740478521], [-0.236182004213276, 38.5604019165039], [-0.240713000297546, 38.560100555419915], [-0.244925007224083, 38.562805175781364], [-0.245654001831952, 38.57493972778332], [-0.240899994969311, 38.59150314331065], [-0.241120994090977, 38.59471893310547], [-0.233205005526429, 38.6023330688476], [-0.224464997649193, 38.60807418823248], [-0.216028004884663, 38.61069107055664], [-0.197641998529377, 38.60808944702154], [-0.186676993966046, 38.61016845703125]]]}}, {"type": "Feature", "properties": {"name_3": "Marina Alta", "provincia": "Alicante", "communidad_autonoma": "Comunidad Valenciana", "engtype_4": "Municipality", "geo_point_2d": [38.774969611487386, -0.130697102994722], "id_2": 35, "id_3": 253, "id_0": 215, "id_1": 10, "iso": "ESP", "id_4": 6441, "type_4": "Municipality", "pais": "Spain", "ccn_4": 0, "municipio": "La Vall de Laguar", "codine": "03137", "nombre": "La Vall de", "pop": 846, "CodMunicipio": 3137}, "geometry": {"type": "Polygon", "coordinates": [[[-0.096096999943143, 38.765464782714844], [-0.100500002503395, 38.76443099975586], [-0.131380006670952, 38.76480484008789], [-0.136282995343208, 38.763679504394645], [-0.141586005687714, 38.7599449157716], [-0.14376999437809, 38.75482940673834], [-0.141041994094792, 38.74450683593756], [-0.143159002065659, 38.73755264282232], [-0.151197999715805, 38.746009826660156], [-0.154247000813484, 38.75232696533209], [-0.165018007159233, 38.76039886474621], [-0.17574800550932, 38.773353576660206], [-0.138254001736584, 38.79120635986328], [-0.132359996437913, 38.79692840576172], [-0.111445002257824, 38.7966194152832], [-0.093932002782822, 38.7901229858399], [-0.088124997913781, 38.78493881225597], [-0.085105001926365, 38.77879333496094], [-0.089006997644901, 38.77458190917969], [-0.092267997562885, 38.77703475952154], [-0.098013997077942, 38.77438354492182], [-0.098555997013989, 38.771228790283146], [-0.094967000186443, 38.768085479736385], [-0.096096999943143, 38.765464782714844]]]}}, {"type": "Feature", "properties": {"cpro": "03", "name_3": "Marina Alta", "provincia": "Alicante", "communidad_autonoma": "Comunidad Valenciana", "cmun": "117", "codigo_postal": "03117", "engtype_4": "Municipality", "geo_point_2d": [38.81556327820733, -0.028635934637028], "dc": "0", "id_2": 35, "id_3": 253, "id_0": 215, "id_1": 10, "iso": "ESP", "id_4": 6450, "type_4": "Municipality", "pais": "Spain", "ccn_4": 0, "municipio": "Sanet y Negrals", "codine": "03117", "nombre": "Sanet y Ne", "pop": 667, "CodMunicipio": 3117}, "geometry": {"type": "Polygon", "coordinates": [[[-0.037512000650111, 38.80578613281256], [-0.040226001292467, 38.8067245483399], [-0.037186000496035, 38.80894470214844], [-0.040251001715603, 38.821681976318416], [-0.034207001328411, 38.82694244384771], [-0.022293999791088, 38.825099945068416], [-0.016953999176508, 38.82000732421875], [-0.018980000168085, 38.81147384643549], [-0.016735000535846, 38.80704879760753], [-0.026979999616685, 38.80492401123047], [-0.037512000650111, 38.80578613281256]]]}}, {"type": "Feature", "properties": {"cpro": "03", "name_3": "Alcoia", "provincia": "Alicante", "communidad_autonoma": "Comunidad Valenciana", "cmun": "129", "codigo_postal": "03129", "engtype_4": "Municipality", "geo_point_2d": [38.52153431451546, -0.59430757794722], "dc": "7", "id_2": 35, "id_3": 249, "id_0": 215, "id_1": 10, "iso": "ESP", "id_4": 6363, "type_4": "Municipality", "pais": "Spain", "ccn_4": 0, "municipio": "Tibi", "codine": "03129", "nombre": "Tibi", "pop": 1614, "CodMunicipio": 3129}, "geometry": {"type": "Polygon", "coordinates": [[[-0.562066018581334, 38.48097991943371], [-0.594998002052307, 38.47416305541998], [-0.614696025848389, 38.476360321044865], [-0.619624018669128, 38.47848510742193], [-0.621421992778721, 38.48233795166027], [-0.626078009605408, 38.48541259765619], [-0.626684010028839, 38.489280700683594], [-0.630335986614227, 38.49369812011724], [-0.631372988223973, 38.50229644775396], [-0.653751015663147, 38.511207580566406], [-0.654844999313241, 38.516681671142635], [-0.659819006919747, 38.51861953735357], [-0.660309016704559, 38.52477264404297], [-0.649298012256622, 38.526451110839844], [-0.647780001163426, 38.53079223632824], [-0.641533017158508, 38.534225463867294], [-0.632763028144836, 38.54385375976568], [-0.611606001853943, 38.55672073364258], [-0.605467975139561, 38.558418273925895], [-0.596664011478367, 38.566379547119084], [-0.590817987918797, 38.5675315856933], [-0.58907401561737, 38.56925201416021], [-0.579473972320557, 38.56563186645508], [-0.57668000459671, 38.56715011596674], [-0.573557972907963, 38.56618499755865], [-0.560424983501434, 38.57304763793957], [-0.556807994842529, 38.565662384033196], [-0.554665982723122, 38.564529418945426], [-0.552581012248993, 38.55189895629883], [-0.550275981426239, 38.549884796142635], [-0.551766991615239, 38.54481506347662], [-0.548107028007507, 38.54310226440441], [-0.544884026050454, 38.535690307617244], [-0.541141986846867, 38.535087585449276], [-0.545065999031067, 38.524925231933594], [-0.55688601732254, 38.51081848144531], [-0.55357897281641, 38.50349807739258], [-0.562066018581334, 38.48097991943371]]]}}, {"type": "Feature", "properties": {"cpro": "03", "name_3": "Alt Vinalopo", "provincia": "Alicante", "communidad_autonoma": "Comunidad Valenciana", "cmun": "043", "codigo_postal": "03043", "engtype_4": "Municipality", "geo_point_2d": [38.64472214905528, -0.747874182234993], "dc": "8", "id_2": 35, "id_3": 250, "id_0": 215, "id_1": 10, "iso": "ESP", "id_4": 6365, "type_4": "Municipality", "pais": "Spain", "ccn_4": 0, "municipio": "Biar", "codine": "03043", "nombre": "Biar", "pop": 3671, "CodMunicipio": 3043}, "geometry": {"type": "Polygon", "coordinates": [[[-0.678367972373849, 38.658123016357365], [-0.690065026283207, 38.64891433715832], [-0.694711983203888, 38.64014053344738], [-0.712949991226196, 38.63018035888666], [-0.717842996120453, 38.62511062622082], [-0.725418984889927, 38.612899780273494], [-0.732529997825566, 38.5960693359375], [-0.774385988712311, 38.575382232666016], [-0.785178005695229, 38.5824432373048], [-0.795141994953156, 38.5917320251466], [-0.799696028232518, 38.59976959228521], [-0.798429012298584, 38.60746383666998], [-0.804292976856232, 38.62601089477545], [-0.811533987522068, 38.63942718505865], [-0.810157001018524, 38.64622497558594], [-0.803045988082772, 38.65253448486328], [-0.796934008598271, 38.66193389892584], [-0.778264999389592, 38.671768188476506], [-0.776371002197266, 38.67131042480474], [-0.770174026489144, 38.67545318603515], [-0.76769000291813, 38.67995452880871], [-0.759486973285675, 38.68752288818364], [-0.759168028831368, 38.69218826293951], [-0.755189001560211, 38.69629669189459], [-0.752919018268585, 38.69612503051758], [-0.746812999248505, 38.70090866088867], [-0.740140020847264, 38.70325088500982], [-0.730571985244694, 38.70471572875976], [-0.71642100810999, 38.7104110717774], [-0.71322101354599, 38.7104377746582], [-0.692701995372715, 38.68595123291021], [-0.678367972373849, 38.658123016357365]]]}}, {"type": "Feature", "properties": {"name_3": "Marina Alta", "provincia": "Alicante", "communidad_autonoma": "Comunidad Valenciana", "engtype_4": "Municipality", "geo_point_2d": [38.80038499765058, -0.170334779693656], "id_2": 35, "id_3": 253, "id_0": 215, "id_1": 10, "iso": "ESP", "id_4": 6454, "type_4": "Municipality", "pais": "Spain", "ccn_4": 0, "municipio": "Vall de Ebo", "codine": "03135", "nombre": "Vall de Eb", "pop": 216, "CodMunicipio": 3135}, "geometry": {"type": "Polygon", "coordinates": [[[-0.199796006083488, 38.77085113525396], [-0.206974998116493, 38.775356292724666], [-0.210805997252464, 38.77538299560547], [-0.208921000361443, 38.78125], [-0.21297599375248, 38.79028320312506], [-0.210710003972054, 38.78997039794933], [-0.211459994316101, 38.79257202148443], [-0.205724000930672, 38.79386901855469], [-0.208561003208104, 38.79872894287115], [-0.207785993814468, 38.80025100708007], [-0.204217001795769, 38.800022125244254], [-0.201759994029999, 38.8024673461914], [-0.200652003288269, 38.80162048339855], [-0.194645002484265, 38.815380096435604], [-0.188653007149696, 38.81719589233392], [-0.17438800632948, 38.82851791381836], [-0.160941004753056, 38.83415985107427], [-0.156699001789036, 38.83452224731457], [-0.152888998389244, 38.82870101928711], [-0.136555999517384, 38.81748962402338], [-0.125685006380081, 38.81237411499034], [-0.123666003346443, 38.80959701538086], [-0.124452002346516, 38.80580520629883], [-0.132138997316247, 38.79903030395519], [-0.132359996437913, 38.79692840576172], [-0.138254001736584, 38.79120635986328], [-0.17574800550932, 38.773353576660206], [-0.187492996454182, 38.76971817016601], [-0.195640996098518, 38.77003097534191], [-0.198147997260037, 38.77046203613287], [-0.199796006083488, 38.77085113525396]]]}}, {"type": "Feature", "properties": {"cpro": "03", "name_3": "Baix Segura", "provincia": "Alicante", "communidad_autonoma": "Comunidad Valenciana", "cmun": "111", "codigo_postal": "03111", "engtype_4": "Municipality", "geo_point_2d": [38.12266651782805, -0.9212650374873341], "dc": "2", "id_2": 35, "id_3": 251, "id_0": 215, "id_1": 10, "iso": "ESP", "id_4": 6392, "type_4": "Municipality", "pais": "Spain", "ccn_4": 0, "municipio": "Redován", "codine": "03111", "nombre": "Redován", "pop": 7869, "CodMunicipio": 3111}, "geometry": {"type": "Polygon", "coordinates": [[[-0.900485992431584, 38.12138748168957], [-0.898999989032689, 38.1174774169923], [-0.891710996627751, 38.113136291503906], [-0.890793025493622, 38.1117897033692], [-0.893428027629852, 38.11180114746094], [-0.895318984985352, 38.108634948730526], [-0.891157984733525, 38.103416442871094], [-0.894307017326355, 38.10178375244146], [-0.897707998752594, 38.10367584228521], [-0.900624990463257, 38.10293579101574], [-0.899859011173248, 38.09984970092768], [-0.901956021785679, 38.09990310668945], [-0.904698014259282, 38.10330581665039], [-0.906457006931248, 38.101802825927734], [-0.908047974109593, 38.103797912597656], [-0.905278980731907, 38.10649490356457], [-0.907795011997166, 38.11023330688482], [-0.918241024017277, 38.10553741455078], [-0.931375026702881, 38.130287170410156], [-0.932512998580933, 38.13118362426758], [-0.932590007781926, 38.12441635131847], [-0.941729009151459, 38.123088836670036], [-0.947726011276245, 38.13137817382824], [-0.958980023860932, 38.139781951904354], [-0.949257016181946, 38.140678405761776], [-0.941380977630615, 38.13954925537115], [-0.939948976039886, 38.14102935791021], [-0.934590995311737, 38.139625549316406], [-0.931928992271423, 38.141357421875], [-0.930684983730259, 38.1393699645996], [-0.926217973232212, 38.138793945312614], [-0.921575009822845, 38.132675170898494], [-0.921386003494206, 38.128902435302734], [-0.909056007862091, 38.12563323974621], [-0.900485992431584, 38.12138748168957]]]}}, {"type": "Feature", "properties": {"cpro": "03", "name_3": "Comtat", "provincia": "Alicante", "communidad_autonoma": "Comunidad Valenciana", "cmun": "010", "codigo_postal": "03010", "engtype_4": "Municipality", "geo_point_2d": [38.780780614578596, -0.5637275312032021], "dc": "6", "id_2": 35, "id_3": 252, "id_0": 215, "id_1": 10, "iso": "ESP", "id_4": 6401, "type_4": "Municipality", "pais": "Spain", "ccn_4": 0, "municipio": "Alfafara", "codine": "03010", "nombre": "Alfafara", "pop": 410, "CodMunicipio": 3010}, "geometry": {"type": "Polygon", "coordinates": [[[-0.531462013721409, 38.76726150512695], [-0.541809022426605, 38.7638397216798], [-0.541751980781555, 38.761802673339844], [-0.556397974491063, 38.75753784179698], [-0.556819975376072, 38.75531387329107], [-0.559846997261047, 38.753890991210994], [-0.565582990646362, 38.75546264648449], [-0.575834989547729, 38.76427841186529], [-0.584199011325836, 38.76839828491211], [-0.590210974216461, 38.77784729003906], [-0.589869976043587, 38.78428268432623], [-0.596237003803253, 38.79035186767589], [-0.593698978424072, 38.79156112670904], [-0.595155000686646, 38.79513168334961], [-0.580165028572083, 38.8009033203125], [-0.567541003227234, 38.801738739013786], [-0.560136020183506, 38.80415344238281], [-0.548201978206578, 38.805686950683594], [-0.545018017292023, 38.791049957275504], [-0.531462013721409, 38.76726150512695]]]}}, {"type": "Feature", "properties": {"cpro": "03", "name_3": "Baix Segura", "provincia": "Alicante", "communidad_autonoma": "Comunidad Valenciana", "cmun": "076", "codigo_postal": "03076", "engtype_4": "Municipality", "geo_point_2d": [38.081254349914396, -0.669503546906917], "dc": "2", "id_2": 35, "id_3": 251, "id_0": 215, "id_1": 10, "iso": "ESP", "id_4": 6386, "type_4": "Municipality", "pais": "Spain", "ccn_4": 0, "municipio": "Guardamar del Segura", "codine": "03076", "nombre": "Guardamar ", "pop": 15348, "CodMunicipio": 3076}, "geometry": {"type": "Polygon", "coordinates": [[[-0.639859974384308, 38.12841033935547], [-0.639859974384308, 38.1279182434082], [-0.64013797044754, 38.1279182434082], [-0.64013797044754, 38.12708282470703], [-0.640416026115361, 38.12708282470703], [-0.640416026115361, 38.12597274780268], [-0.640694022178536, 38.12597274780268], [-0.640694022178536, 38.123195648193416], [-0.640972018241769, 38.123195648193416], [-0.640972018241769, 38.122917175293026], [-0.641528010368347, 38.122917175293026], [-0.641528010368347, 38.12236022949224], [-0.641250014305115, 38.12236022949224], [-0.641250014305115, 38.12152862548828], [-0.640972018241769, 38.12152862548828], [-0.640972018241769, 38.1209716796875], [-0.641250014305115, 38.1209716796875], [-0.641250014305115, 38.119583129882756], [-0.641528010368347, 38.119583129882756], [-0.641528010368347, 38.11791610717784], [-0.641807019710541, 38.11791610717784], [-0.641807019710541, 38.11763763427746], [-0.641528010368347, 38.11763763427746], [-0.641528010368347, 38.116249084472706], [-0.641807019710541, 38.116249084472706], [-0.641807019710541, 38.11569595336914], [-0.642081975936833, 38.11569595336914], [-0.642081975936833, 38.11513900756836], [-0.642359972, 38.11513900756836], [-0.642359972, 38.11486053466797], [-0.642638027667999, 38.11486053466797], [-0.642638027667999, 38.11458206176757], [-0.643751025199833, 38.11458206176757], [-0.643751025199833, 38.11430740356457], [-0.642359972, 38.11430740356457], [-0.642359972, 38.112915039062436], [-0.642638027667999, 38.112915039062436], [-0.642638027667999, 38.11236190795904], [-0.642359972, 38.11236190795904], [-0.642359972, 38.11180496215831], [-0.643473029136601, 38.11180496215831], [-0.643473029136601, 38.111526489257926], [-0.644582986831665, 38.111526489257926], [-0.644582986831665, 38.11125183105469], [-0.644860982894897, 38.11125183105469], [-0.644860982894897, 38.11041641235357], [-0.644582986831665, 38.11041641235357], [-0.644582986831665, 38.110137939453175], [-0.643751025199833, 38.110137939453175], [-0.643751025199833, 38.11041641235357], [-0.642916023731232, 38.11041641235357], [-0.642916023731232, 38.10958480834961], [-0.643194973468781, 38.10958480834961], [-0.643194973468781, 38.10902786254883], [-0.643473029136601, 38.10902786254883], [-0.643473029136601, 38.108196258545036], [-0.643751025199833, 38.108196258545036], [-0.643751025199833, 38.107082366943466], [-0.644029021263066, 38.107082366943466], [-0.644029021263066, 38.10597229003912], [-0.644307017326298, 38.10597229003912], [-0.644307017326298, 38.10347366333002], [-0.644582986831665, 38.10347366333002], [-0.644582986831665, 38.10319519042969], [-0.644860982894897, 38.10319519042969], [-0.644860982894897, 38.10124969482433], [-0.644582986831665, 38.10124969482433], [-0.644582986831665, 38.100971221923935], [-0.644860982894897, 38.100971221923935], [-0.644860982894897, 38.10013961791998], [-0.645138978958073, 38.10013961791998], [-0.645138978958073, 38.0993041992188], [-0.645416975021305, 38.0993041992188], [-0.645416975021305, 38.099029541015625], [-0.645138978958073, 38.099029541015625], [-0.645138978958073, 38.09763717651372], [-0.644860982894897, 38.09763717651372], [-0.644860982894897, 38.0970840454101], [-0.645138978958073, 38.0970840454101], [-0.645138978958073, 38.096248626708984], [-0.645416975021305, 38.096248626708984], [-0.645416975021305, 38.09597396850597], [-0.645694971084538, 38.09597396850597], [-0.645694971084538, 38.09402847290045], [-0.645973026752472, 38.09402847290045], [-0.645973026752472, 38.0926399230957], [-0.646251022815704, 38.0926399230957], [-0.646251022815704, 38.09125137329113], [-0.646529018878937, 38.09125137329113], [-0.646529018878937, 38.09013748168945], [-0.646804988384133, 38.09013748168945], [-0.646804988384133, 38.087917327880916], [-0.647082984447366, 38.087917327880916], [-0.647082984447366, 38.085693359375], [-0.647360980510712, 38.085693359375], [-0.647360980510712, 38.084583282470646], [-0.647638976573944, 38.084583282470646], [-0.647638976573944, 38.07986068725586], [-0.647916972637177, 38.07986068725586], [-0.647916972637177, 38.078750610351676], [-0.647638976573944, 38.078750610351676], [-0.647638976573944, 38.077915191650334], [-0.647916972637177, 38.077915191650334], [-0.647916972637177, 38.07652664184582], [-0.647768974304199, 38.07652664184582], [-0.647638976573944, 38.07652664184582], [-0.647638976573944, 38.07513809204107], [-0.647916972637177, 38.07513809204107], [-0.647916972637177, 38.07485961914068], [-0.648195028305054, 38.07485961914068], [-0.648195028305054, 38.0745849609375], [-0.648473024368286, 38.0745849609375], [-0.648473024368286, 38.07402801513672], [-0.648751020431462, 38.07402801513672], [-0.648751020431462, 38.07152938842779], [-0.649026989936829, 38.07152938842779], [-0.649026989936829, 38.06930541992193], [-0.649304986000061, 38.06930541992193], [-0.649304986000061, 38.06847381591791], [-0.649582982063293, 38.06847381591791], [-0.649582982063293, 38.0676383972168], [-0.649860978126526, 38.0676383972168], [-0.649860978126526, 38.066528320312614], [-0.649582982063293, 38.066528320312614], [-0.649582982063293, 38.06513977050787], [-0.649860978126526, 38.06513977050787], [-0.649860978126526, 38.06458282470709], [-0.650138974189758, 38.06458282470709], [-0.650138974189758, 38.064029693603516], [-0.650416970252934, 38.064025878906364], [-0.650416970252934, 38.063194274902344], [-0.650695025920754, 38.063194274902344], [-0.650695025920754, 38.06273269653326], [-0.650695025920754, 38.061805725097656], [-0.6509730219841, 38.061805725097656], [-0.6509730219841, 38.061527252197266], [-0.651251018047333, 38.061527252197266], [-0.651251018047333, 38.05847167968756], [-0.651526987552586, 38.05847167968756], [-0.651526987552586, 38.05569458007807], [-0.651804983615818, 38.05569458007807], [-0.651804983615818, 38.055416107177734], [-0.652082979678994, 38.055416107177734], [-0.652082979678994, 38.05458450317394], [-0.651804983615818, 38.05458450317394], [-0.651804983615818, 38.05374908447277], [-0.651526987552586, 38.05374908447277], [-0.651526987552586, 38.05347061157238], [-0.651804983615818, 38.05347061157238], [-0.651804983615818, 38.05291748046881], [-0.651526987552586, 38.05291748046881], [-0.651526987552586, 38.05069351196289], [-0.651804983615818, 38.05069351196289], [-0.651804983615818, 38.05014038085949], [-0.652082979678994, 38.05014038085949], [-0.652082979678994, 38.049304962158146], [-0.652638971805572, 38.049304962158146], [-0.652638971805572, 38.04902648925781], [-0.65291702747345, 38.04902648925781], [-0.65291702747345, 38.047084808349666], [-0.653195023536682, 38.047084808349666], [-0.653195023536682, 38.04375076293957], [-0.653473019599915, 38.04375076293957], [-0.653473019599915, 38.043472290039176], [-0.653195023536682, 38.043472290039176], [-0.653195023536682, 38.04264068603521], [-0.65291702747345, 38.04264068603521], [-0.65291702747345, 38.040695190429744], [-0.653195023536682, 38.040695190429744], [-0.653195023536682, 38.037361145019645], [-0.65291702747345, 38.037361145019645], [-0.65291702747345, 38.03625106811529], [-0.653195023536682, 38.03625106811529], [-0.653195023536682, 38.03569412231451], [-0.653473019599915, 38.03569412231451], [-0.653473019599915, 38.03486251831054], [-0.653748989105225, 38.03486251831054], [-0.653748989105225, 38.03402709960943], [-0.653470993041992, 38.03402709960943], [-0.653473019599915, 38.03374862670904], [-0.653195023536682, 38.03374862670904], [-0.653195023536682, 38.0334739685058], [-0.652638971805572, 38.0334739685058], [-0.652638971805572, 38.03319549560547], [-0.652360975742226, 38.03319549560547], [-0.652360975742226, 38.031806945800895], [-0.652082979678994, 38.031806945800895], [-0.652082979678994, 38.031528472900504], [-0.651804983615818, 38.031528472900504], [-0.651804983615818, 38.031250000000114], [-0.651526987552586, 38.031250000000114], [-0.651526987552586, 38.03097152709972], [-0.651251018047333, 38.03097152709972], [-0.651251018047333, 38.03069305419933], [-0.650695025920754, 38.03069305419933], [-0.650695025920754, 38.03041839599614], [-0.6509730219841, 38.03041839599614], [-0.6509730219841, 38.03013992309576], [-0.651251018047333, 38.03013992309576], [-0.651248991489354, 38.02986907958989], [-0.666916012763977, 38.034233093261776], [-0.673676013946533, 38.04630661010742], [-0.693192005157471, 38.04819488525402], [-0.693189978599491, 38.07222747802746], [-0.695020020007973, 38.08111190795909], [-0.694155991077423, 38.10205459594732], [-0.699087977409306, 38.11532592773443], [-0.688071012496948, 38.117511749267635], [-0.65380197763443, 38.10946655273449], [-0.65122199058527, 38.11063003540045], [-0.655525028705597, 38.128368377685604], [-0.639859974384308, 38.12841033935547]]]}}, {"type": "Feature", "properties": {"name_3": "Marina Alta", "provincia": "Alicante", "communidad_autonoma": "Comunidad Valenciana", "engtype_4": "Municipality", "geo_point_2d": [38.83058274818764, -0.050860814710038005], "id_2": 35, "id_3": 253, "id_0": 215, "id_1": 10, "iso": "ESP", "id_4": 6434, "type_4": "Municipality", "pais": "Spain", "ccn_4": 0, "municipio": "El Ràfol d'Almúnia", "codine": "03110", "nombre": "El Ràfol d", "pop": 653, "CodMunicipio": 3110}, "geometry": {"type": "Polygon", "coordinates": [[[-0.044945999979916, 38.8075408935548], [-0.046020001172963, 38.807224273681754], [-0.049182999879122, 38.81731414794921], [-0.055385001003685, 38.814937591552734], [-0.060770999640113, 38.824272155761776], [-0.061319999396801, 38.83272933959966], [-0.065829999744892, 38.83706665039068], [-0.045253999531269, 38.84550094604498], [-0.042323000729027, 38.85008621215826], [-0.044452000409308, 38.84397125244151], [-0.040924001485109, 38.839328765869084], [-0.035762000828981, 38.83050537109375], [-0.041620999574661, 38.82889938354492], [-0.047102998942137, 38.82448577880871], [-0.044945999979916, 38.8075408935548]]]}}, {"type": "Feature", "properties": {"cpro": "03", "name_3": "Marina Alta", "provincia": "Alicante", "communidad_autonoma": "Comunidad Valenciana", "cmun": "095", "codigo_postal": "03095", "engtype_4": "Municipality", "geo_point_2d": [38.82701324916996, 0.014997884354324002], "dc": "5", "id_2": 35, "id_3": 253, "id_0": 215, "id_1": 10, "iso": "ESP", "id_4": 6444, "type_4": "Municipality", "pais": "Spain", "ccn_4": 0, "municipio": "Ondara", "codine": "03095", "nombre": "Ondara", "pop": 6894, "CodMunicipio": 3095}, "geometry": {"type": "Polygon", "coordinates": [[[0.003907000180334, 38.80921173095708], [0.000240000372344, 38.812126159668075], [0.0, 38.813076019287166], [-0.000913999800048, 38.8166961669923], [0.0, 38.81715774536144], [0.00926500000071, 38.821857452392635], [0.006004000082612, 38.82538223266613], [0.005704999901354, 38.828689575195426], [0.0, 38.828266143798764], [-0.007616999559104, 38.82769775390631], [-0.014696000143886, 38.831356048583984], [-0.019229000434279, 38.838920593261776], [-0.000980000127925, 38.837352752685604], [0.0, 38.83751678466791], [0.011270999908561, 38.83940887451183], [0.01194100081932, 38.83834838867193], [0.017658999189734, 38.84148025512695], [0.021439999342022, 38.83884048461919], [0.027025999501348, 38.836116790771484], [0.030958000570592, 38.83617782592779], [0.030554000288305, 38.84108734130871], [0.038989998400268, 38.844646453857536], [0.03555300086748, 38.837535858154354], [0.039923999458665, 38.82897186279297], [0.033553998917398, 38.81922149658203], [0.032214000821227, 38.81723022460943], [0.027216000482497, 38.816654205322266], [0.029066000133753, 38.81468582153332], [0.026224000379443, 38.80982589721679], [0.024389000609517, 38.81248474121105], [0.021888999268469, 38.812980651855526], [0.01656999997806, 38.81050491333019], [0.014537000097448, 38.811721801757926], [0.007394000422323, 38.80809783935558], [0.003907000180334, 38.80921173095708]]]}}, {"type": "Feature", "properties": {"cpro": "03", "name_3": "Comtat", "provincia": "Alicante", "communidad_autonoma": "Comunidad Valenciana", "cmun": "106", "codigo_postal": "03106", "engtype_4": "Municipality", "geo_point_2d": [38.792277481041396, -0.33128971619252], "dc": "6", "id_2": 35, "id_3": 252, "id_0": 215, "id_1": 10, "iso": "ESP", "id_4": 6419, "type_4": "Municipality", "pais": "Spain", "ccn_4": 0, "municipio": "Planes", "codine": "03106", "nombre": "Planes", "pop": 693, "CodMunicipio": 3106}, "geometry": {"type": "Polygon", "coordinates": [[[-0.285625010728836, 38.80574417114269], [-0.286680996417942, 38.79252624511718], [-0.283500999212208, 38.782882690429744], [-0.291949987411499, 38.772232055664176], [-0.313549011945668, 38.76832580566406], [-0.325181990861836, 38.766166687011825], [-0.332001000642776, 38.75923538208008], [-0.343708992004395, 38.77022933959972], [-0.345203995704537, 38.773380279541016], [-0.358799010515156, 38.777690887451286], [-0.377128005027771, 38.778141021728516], [-0.380001991987228, 38.77916717529297], [-0.384483009576741, 38.78915405273443], [-0.387766987085342, 38.80612182617193], [-0.387865006923619, 38.81065368652343], [-0.385771006345635, 38.81029891967785], [-0.371138989925385, 38.808647155761776], [-0.367462009191513, 38.80592346191412], [-0.358729004859924, 38.80887222290039], [-0.356346994638386, 38.8128776550293], [-0.347952991723957, 38.810707092285206], [-0.33117601275444, 38.80975723266596], [-0.320500999689102, 38.81440353393555], [-0.307177007198277, 38.82231521606456], [-0.29822701215744, 38.820541381835866], [-0.285625010728836, 38.80574417114269]]]}}, {"type": "Feature", "properties": {"cpro": "03", "name_3": "Marina Alta", "provincia": "Alicante", "communidad_autonoma": "Comunidad Valenciana", "cmun": "071", "codigo_postal": "03071", "engtype_4": "Municipality", "geo_point_2d": [38.76806835150262, 0.07003655299368501], "dc": "0", "id_2": 35, "id_3": 253, "id_0": 215, "id_1": 10, "iso": "ESP", "id_4": 6437, "type_4": "Municipality", "pais": "Spain", "ccn_4": 0, "municipio": "Gata de Gorgos", "codine": "03071", "nombre": "Gata de Go", "pop": 6049, "CodMunicipio": 3071}, "geometry": {"type": "Polygon", "coordinates": [[[0.088357999920845, 38.74703598022461], [0.07964900135994, 38.74488067626953], [0.077454000711498, 38.750034332275504], [0.068328998982849, 38.74858474731445], [0.064648002386093, 38.74486923217785], [0.054942999035119, 38.74980926513672], [0.040585000067892, 38.75007629394537], [0.040261000394935, 38.7556877136231], [0.03373799845582, 38.763603210449276], [0.037733998149633, 38.766365051269474], [0.039643999189252, 38.77503585815441], [0.054411999881268, 38.78051376342779], [0.069344997406063, 38.78355789184576], [0.069250002503452, 38.78697204589838], [0.072732001543102, 38.79355621337896], [0.095954000949916, 38.7896728515625], [0.102475002408028, 38.78265380859381], [0.093974001705703, 38.764392852783196], [0.089561000466404, 38.75968933105463], [0.090301997959671, 38.75447082519537], [0.092440001666546, 38.752822875976506], [0.091812998056412, 38.75006866455084], [0.088357999920845, 38.74703598022461]]]}}, {"type": "Feature", "properties": {"cpro": "03", "name_3": "Vinalopo Mitja", "provincia": "Alicante", "communidad_autonoma": "Comunidad Valenciana", "cmun": "019", "codigo_postal": "03019", "engtype_4": "Municipality", "geo_point_2d": [38.32946327526453, -0.7852155151477691], "dc": "0", "id_2": 35, "id_3": 255, "id_0": 215, "id_1": 10, "iso": "ESP", "id_4": 6474, "type_4": "Municipality", "pais": "Spain", "ccn_4": 0, "municipio": "Aspe", "codine": "03019", "nombre": "Aspe", "pop": 20714, "CodMunicipio": 3019}, "geometry": {"type": "Polygon", "coordinates": [[[-0.706049025058633, 38.32685470581055], [-0.734950006008148, 38.312576293945426], [-0.740908026695251, 38.31224822998047], [-0.745720982551575, 38.30785369873047], [-0.761254012584629, 38.298824310302734], [-0.781738996505737, 38.294879913330135], [-0.796095013618469, 38.28972625732416], [-0.802290022373199, 38.29320526123046], [-0.825416028499603, 38.29062271118163], [-0.828805029392242, 38.30856704711914], [-0.833932995796204, 38.31375122070307], [-0.839784026145935, 38.32394409179693], [-0.840137004852295, 38.325923919677734], [-0.836637973785344, 38.326580047607536], [-0.846397995948791, 38.33155059814453], [-0.846933007240239, 38.33315658569336], [-0.852833986282349, 38.33245468139654], [-0.858713984489441, 38.33523178100586], [-0.858579993247986, 38.33823776245128], [-0.869937002658844, 38.34338760375988], [-0.873766005039158, 38.34781265258789], [-0.85577601194376, 38.35064697265631], [-0.832283020019474, 38.3572273254395], [-0.821969985961914, 38.35039138793951], [-0.77216899394989, 38.36213684082037], [-0.743430972099304, 38.36178970336913], [-0.737960994243565, 38.36027908325201], [-0.734974980354252, 38.354393005371094], [-0.727478981018066, 38.35006713867193], [-0.712318003177643, 38.33658981323242], [-0.706049025058633, 38.32685470581055]]]}}, {"type": "Feature", "properties": {"cpro": "03", "name_3": "Marina Baixa", "provincia": "Alicante", "communidad_autonoma": "Comunidad Valenciana", "cmun": "033", "codigo_postal": "03033", "engtype_4": "Municipality", "geo_point_2d": [38.66033675830171, -0.241153890239923], "dc": "0", "id_2": 35, "id_3": 254, "id_0": 215, "id_1": 10, "iso": "ESP", "id_4": 6458, "type_4": "Municipality", "pais": "Spain", "ccn_4": 0, "municipio": "Benifato", "codine": "03033", "nombre": "Benifato", "pop": 140, "CodMunicipio": 3033}, "geometry": {"type": "Polygon", "coordinates": [[[-0.237391993403435, 38.633903503418026], [-0.246989995241108, 38.63907623291021], [-0.2552630007267, 38.645034790039176], [-0.254913985729218, 38.6490364074707], [-0.261054009199142, 38.650161743164176], [-0.26143500208849, 38.65375900268555], [-0.257732987403813, 38.66524887084961], [-0.249598994851056, 38.67564392089844], [-0.247785001993179, 38.68313980102539], [-0.239878997206688, 38.681289672851676], [-0.231053993105888, 38.682376861572266], [-0.227753996849003, 38.67855072021489], [-0.222671002149468, 38.67623901367193], [-0.223856002092361, 38.674457550048885], [-0.221000999212265, 38.66654586791992], [-0.232923001050835, 38.653022766113395], [-0.227421000599861, 38.649963378906364], [-0.229168996214867, 38.642780303955135], [-0.234825998544636, 38.64086151123041], [-0.237391993403435, 38.633903503418026]]]}}, {"type": "Feature", "properties": {"cpro": "03", "name_3": "Vinalopo Mitja", "provincia": "Alicante", "communidad_autonoma": "Comunidad Valenciana", "cmun": "078", "codigo_postal": "03078", "engtype_4": "Municipality", "geo_point_2d": [38.26905935761038, -0.9321422734214471], "dc": "4", "id_2": 35, "id_3": 255, "id_0": 215, "id_1": 10, "iso": "ESP", "id_4": 6477, "type_4": "Municipality", "pais": "Spain", "ccn_4": 0, "municipio": "Hondón de los Frailes", "codine": "03078", "nombre": "Hondón de ", "pop": 1198, "CodMunicipio": 3078}, "geometry": {"type": "Polygon", "coordinates": [[[-0.899652004241887, 38.26807403564459], [-0.924650013446751, 38.25393676757818], [-0.943930983543339, 38.255466461181754], [-0.954371988773346, 38.25804519653325], [-0.962366998195591, 38.257366180420036], [-0.948611974716187, 38.28364562988281], [-0.94192498922348, 38.286014556884766], [-0.938906013965607, 38.28449249267584], [-0.934853017330113, 38.28505325317377], [-0.935003995895329, 38.283405303955135], [-0.929256021976471, 38.28169250488292], [-0.923729002475625, 38.28309249877941], [-0.913958013057709, 38.281330108642635], [-0.899652004241887, 38.26807403564459]]]}}, {"type": "Feature", "properties": {"name_3": "Marina Baixa", "provincia": "Alicante", "communidad_autonoma": "Comunidad Valenciana", "engtype_4": "Municipality", "geo_point_2d": [38.670208149725795, -0.168220506313377], "id_2": 35, "id_3": 254, "id_0": 215, "id_1": 10, "iso": "ESP", "id_4": 6463, "type_4": "Municipality", "pais": "Spain", "ccn_4": 0, "municipio": "El Castell de Guadalest", "codine": "03075", "nombre": "El Castell", "pop": 217, "CodMunicipio": 3075}, "geometry": {"type": "Polygon", "coordinates": [[[-0.156182006001472, 38.64728927612305], [-0.166859999299049, 38.64426040649414], [-0.171351999044418, 38.64596176147461], [-0.172120004892349, 38.6498031616212], [-0.177594006061554, 38.65378189086914], [-0.177919998764992, 38.65949249267584], [-0.186263993382454, 38.6621360778808], [-0.194778993725777, 38.66241073608404], [-0.202475994825363, 38.670146942138615], [-0.200762003660202, 38.671043395996094], [-0.20168499648571, 38.672416687011776], [-0.203768000006676, 38.67293548583984], [-0.202878996729737, 38.680130004882926], [-0.200232997536659, 38.67963409423828], [-0.198618993163109, 38.682693481445305], [-0.187941998243275, 38.677951812744254], [-0.18308499455452, 38.67810440063488], [-0.17849899828434, 38.67605590820318], [-0.171865001320839, 38.68259048461914], [-0.163090005517006, 38.687934875488395], [-0.154024004936218, 38.69856262207037], [-0.153387993574086, 38.70071029663086], [-0.148916006088257, 38.7006721496582], [-0.145914003252869, 38.691448211670036], [-0.14577999711031, 38.68330764770502], [-0.149158000945988, 38.68097305297863], [-0.151141002774239, 38.67361831665039], [-0.149952992796841, 38.671695709228516], [-0.147936001419964, 38.672115325927734], [-0.143838003277722, 38.66421508789068], [-0.151813000440484, 38.657230377197266], [-0.149976000189724, 38.65285873413091], [-0.156182006001472, 38.64728927612305]]]}}, {"type": "Feature", "properties": {"cpro": "03", "name_3": "Baix Segura", "provincia": "Alicante", "communidad_autonoma": "Comunidad Valenciana", "cmun": "058", "codigo_postal": "03058", "engtype_4": "Municipality", "geo_point_2d": [38.1438053725335, -0.899682384518209], "dc": "8", "id_2": 35, "id_3": 251, "id_0": 215, "id_1": 10, "iso": "ESP", "id_4": 6380, "type_4": "Municipality", "pais": "Spain", "ccn_4": 0, "municipio": "Cox", "codine": "03058", "nombre": "Cox", "pop": 7297, "CodMunicipio": 3058}, "geometry": {"type": "Polygon", "coordinates": [[[-0.926217973232212, 38.138793945312614], [-0.92687600851059, 38.14145278930664], [-0.927845001220646, 38.145347595214844], [-0.930459022521859, 38.155036926269645], [-0.918762981891632, 38.15860748291021], [-0.910802006721497, 38.1592750549317], [-0.895678997039738, 38.165618896484375], [-0.897010028362217, 38.15264129638672], [-0.897279024124146, 38.150012969970646], [-0.895660996437016, 38.150371551513786], [-0.894837975502014, 38.16586303710943], [-0.893674015998727, 38.16624069213867], [-0.892856001853943, 38.164962768554794], [-0.880850970745087, 38.16287231445324], [-0.87573200464243, 38.16234970092785], [-0.875820994377136, 38.161231994628906], [-0.889896988868713, 38.16111755371105], [-0.889614999294281, 38.158615112304744], [-0.876751005649567, 38.15902328491211], [-0.876923978328705, 38.157829284668026], [-0.889379978179875, 38.15768432617199], [-0.889864981174469, 38.1562232971192], [-0.893894970417023, 38.15579986572277], [-0.892682015895844, 38.14919281005859], [-0.879821002483368, 38.14919281005859], [-0.879188001155853, 38.15116500854492], [-0.88783198595047, 38.15116119384771], [-0.887458980083465, 38.152233123779354], [-0.864704012870675, 38.154209136962834], [-0.870344996452332, 38.14782333374029], [-0.869612991809845, 38.146686553955135], [-0.860414028167725, 38.154132843017635], [-0.858337998390198, 38.154193878173935], [-0.861554026603642, 38.14916229248047], [-0.870389997959137, 38.14195632934582], [-0.872627973556519, 38.13831329345703], [-0.874148011207524, 38.13863754272466], [-0.877543985843602, 38.13290786743164], [-0.900485992431584, 38.12138748168957], [-0.909056007862091, 38.12563323974621], [-0.921386003494206, 38.128902435302734], [-0.921575009822845, 38.132675170898494], [-0.926217973232212, 38.138793945312614]], [[-0.881691992282754, 38.14451599121105], [-0.884066998958588, 38.14524459838861], [-0.881336987018528, 38.14532089233404], [-0.881138980388585, 38.14688491821295], [-0.885457992553654, 38.146881103515625], [-0.88761401176447, 38.144882202148494], [-0.88679301738739, 38.143642425537166], [-0.881691992282754, 38.14451599121105]]]}}, {"type": "Feature", "properties": {"cpro": "03", "name_3": "Comtat", "provincia": "Alicante", "communidad_autonoma": "Comunidad Valenciana", "cmun": "039", "codigo_postal": "03039", "engtype_4": "Municipality", "geo_point_2d": [38.75383729498728, -0.29869360333023903], "dc": "6", "id_2": 35, "id_3": 252, "id_0": 215, "id_1": 10, "iso": "ESP", "id_4": 6409, "type_4": "Municipality", "pais": "Spain", "ccn_4": 0, "municipio": "Benimassot", "codine": "03039", "nombre": "Benimassot", "pop": 106, "CodMunicipio": 3039}, "geometry": {"type": "Polygon", "coordinates": [[[-0.312274992465973, 38.74280929565424], [-0.314339995384159, 38.745098114013615], [-0.311338990926686, 38.745990753173885], [-0.313941001892033, 38.747135162353565], [-0.316707998514175, 38.76321029663097], [-0.31357899308199, 38.765388488769645], [-0.314862012863159, 38.766750335693416], [-0.313549011945668, 38.76832580566406], [-0.291949987411499, 38.772232055664176], [-0.286985993385201, 38.76625442504894], [-0.285530000925007, 38.75670242309582], [-0.281594008207207, 38.75070190429699], [-0.277547985315266, 38.75051879882824], [-0.275173008441811, 38.74858856201183], [-0.279289007186833, 38.74559402465826], [-0.280178010463715, 38.74280548095709], [-0.282564997673035, 38.7438697814942], [-0.290194988250676, 38.73773193359386], [-0.294313997030258, 38.73919296264643], [-0.294559985399189, 38.737579345703125], [-0.297794014215413, 38.736022949218864], [-0.303312003612461, 38.73491668701172], [-0.303577989339772, 38.73727416992193], [-0.312274992465973, 38.74280929565424]]]}}, {"type": "Feature", "properties": {"cpro": "03", "name_3": "Marina Alta", "provincia": "Alicante", "communidad_autonoma": "Comunidad Valenciana", "cmun": "136", "codigo_postal": "03136", "engtype_4": "Municipality", "geo_point_2d": [38.829628757477394, -0.23198821863065802], "dc": "0", "id_2": 35, "id_3": 253, "id_0": 215, "id_1": 10, "iso": "ESP", "id_4": 6455, "type_4": "Municipality", "pais": "Spain", "ccn_4": 0, "municipio": "Vall de Gallinera", "codine": "03136", "nombre": "Vall de Ga", "pop": 571, "CodMunicipio": 3136}, "geometry": {"type": "Polygon", "coordinates": [[[-0.285625010728836, 38.80574417114269], [-0.29822701215744, 38.820541381835866], [-0.307177007198277, 38.82231521606456], [-0.306575000286045, 38.824562072753906], [-0.284904986619892, 38.83348464965826], [-0.275548994541111, 38.840511322021484], [-0.260219991207066, 38.85996246337902], [-0.245225995779037, 38.858852386474666], [-0.242045998573303, 38.860607147216854], [-0.23921300470829, 38.857585906982536], [-0.230486005544549, 38.853523254394645], [-0.196264997124672, 38.859474182128906], [-0.194006994366646, 38.853343963623104], [-0.17991000413889, 38.856384277343864], [-0.177509993314686, 38.84422683715832], [-0.172005996108055, 38.84442901611328], [-0.170405998826027, 38.842666625976506], [-0.172060996293965, 38.839866638183594], [-0.166943997144699, 38.835845947265625], [-0.160941004753056, 38.83415985107427], [-0.17438800632948, 38.82851791381836], [-0.188653007149696, 38.81719589233392], [-0.194645002484265, 38.815380096435604], [-0.200652003288269, 38.80162048339855], [-0.201759994029999, 38.8024673461914], [-0.204217001795769, 38.800022125244254], [-0.207785993814468, 38.80025100708007], [-0.208561003208104, 38.79872894287115], [-0.205724000930672, 38.79386901855469], [-0.211459994316101, 38.79257202148443], [-0.213210999965554, 38.791080474853516], [-0.226124003529492, 38.80036544799816], [-0.235660001635495, 38.80502319335943], [-0.240404993295613, 38.80648422241222], [-0.248795002698841, 38.80599975585949], [-0.252609997987747, 38.80949401855469], [-0.264586985111237, 38.80821609497082], [-0.274758994579315, 38.80420303344738], [-0.276093989610558, 38.805702209472656], [-0.280362993478718, 38.80489349365229], [-0.282364010810852, 38.807327270507926], [-0.285625010728836, 38.80574417114269]]]}}, {"type": "Feature", "properties": {"cpro": "03", "name_3": "Baix Segura", "provincia": "Alicante", "communidad_autonoma": "Comunidad Valenciana", "cmun": "015", "codigo_postal": "03015", "engtype_4": "Municipality", "geo_point_2d": [38.09968306914118, -0.795055436984002], "dc": "2", "id_2": 35, "id_3": 251, "id_0": 215, "id_1": 10, "iso": "ESP", "id_4": 6373, "type_4": "Municipality", "pais": "Spain", "ccn_4": 0, "municipio": "Almoradí", "codine": "03015", "nombre": "Almoradí", "pop": 20803, "CodMunicipio": 3015}, "geometry": {"type": "Polygon", "coordinates": [[[-0.761792004108429, 38.09827423095703], [-0.761605024337655, 38.08343505859381], [-0.763269007205963, 38.08270263671881], [-0.76665502786625, 38.0842170715332], [-0.773214995860997, 38.07844161987316], [-0.77120000123972, 38.074958801269474], [-0.766629993915501, 38.07451248168945], [-0.761960029602051, 38.07033157348633], [-0.769303977489471, 38.06231689453136], [-0.772216022014618, 38.064365386962834], [-0.774677991867065, 38.06965637207031], [-0.781090974807739, 38.07013702392589], [-0.783572971820774, 38.06878662109381], [-0.78712397813797, 38.0723228454591], [-0.788405001163483, 38.077491760253906], [-0.792535006999913, 38.08077621459955], [-0.795285999774933, 38.09357833862305], [-0.802314996719247, 38.094161987304794], [-0.803597986698037, 38.092113494873104], [-0.806195974349976, 38.0917205810548], [-0.806207001209202, 38.089847564697315], [-0.810819983482361, 38.09035491943371], [-0.809587001800537, 38.085853576660156], [-0.812862992286625, 38.081169128418026], [-0.812431991100311, 38.07494354248058], [-0.816362977027836, 38.06353378295904], [-0.819921016693058, 38.07266616821294], [-0.823671996593418, 38.086101531982536], [-0.8209530115127, 38.08742523193365], [-0.822764992713871, 38.09434509277349], [-0.824158012866974, 38.09391021728521], [-0.825024008750859, 38.09624099731445], [-0.827432990074158, 38.10456848144531], [-0.814446985721531, 38.12707901000988], [-0.810736000537872, 38.128280639648494], [-0.794942021369877, 38.12968063354498], [-0.781669974327087, 38.13022232055664], [-0.780389010906219, 38.125774383545036], [-0.777469992637634, 38.114845275878906], [-0.776033997535706, 38.11441802978527], [-0.779269993305149, 38.105499267578125], [-0.778450012207031, 38.10096740722662], [-0.774964988231659, 38.09925460815441], [-0.761792004108429, 38.09827423095703]]]}}, {"type": "Feature", "properties": {"cpro": "03", "name_3": "Marina Baixa", "provincia": "Alicante", "communidad_autonoma": "Comunidad Valenciana", "cmun": "107", "codigo_postal": "03107", "engtype_4": "Municipality", "geo_point_2d": [38.62072622413464, -0.152339259482171], "dc": "2", "id_2": 35, "id_3": 254, "id_0": 215, "id_1": 10, "iso": "ESP", "id_4": 6468, "type_4": "Municipality", "pais": "Spain", "ccn_4": 0, "municipio": "Polop", "codine": "03107", "nombre": "Polop", "pop": 4965, "CodMunicipio": 3107}, "geometry": {"type": "Polygon", "coordinates": [[[-0.173066005110741, 38.60121154785156], [-0.186676993966046, 38.61016845703125], [-0.181884005665665, 38.61909103393555], [-0.173776999115944, 38.62488555908203], [-0.17974600195879, 38.63611221313482], [-0.175530001521054, 38.63585662841808], [-0.172356992959976, 38.63738250732433], [-0.166859999299049, 38.64426040649414], [-0.156182006001472, 38.64728927612305], [-0.151317998766785, 38.642421722412166], [-0.146051004528942, 38.641178131103516], [-0.132514998316708, 38.64126205444341], [-0.126124992966595, 38.638462066650504], [-0.125490993261337, 38.64054107666015], [-0.112567998468762, 38.62961578369135], [-0.118147999048233, 38.62453460693365], [-0.126324996352196, 38.62024307250982], [-0.131007000803891, 38.62005233764654], [-0.134815007448196, 38.62187576293957], [-0.133083000779095, 38.61839294433594], [-0.135269001126233, 38.61135482788097], [-0.134290993213654, 38.60361099243164], [-0.141543000936508, 38.59357070922857], [-0.141201004385948, 38.59178924560558], [-0.147145003080368, 38.5947265625], [-0.151889994740486, 38.594921112060604], [-0.154800996184292, 38.5930747985841], [-0.165215998888016, 38.59732818603527], [-0.16686899960041, 38.59995269775396], [-0.173066005110741, 38.60121154785156]]]}}, {"type": "Feature", "properties": {"cpro": "03", "name_3": "Baix Segura", "provincia": "Alicante", "communidad_autonoma": "Comunidad Valenciana", "cmun": "062", "codigo_postal": "03062", "engtype_4": "Municipality", "geo_point_2d": [38.1059266921532, -0.7352710211492051], "dc": "7", "id_2": 35, "id_3": 251, "id_0": 215, "id_1": 10, "iso": "ESP", "id_4": 6382, "type_4": "Municipality", "pais": "Spain", "ccn_4": 0, "municipio": "Daya Vieja", "codine": "03062", "nombre": "Daya Vieja", "pop": 690, "CodMunicipio": 3062}, "geometry": {"type": "Polygon", "coordinates": [[[-0.742061018943787, 38.11019515991211], [-0.738968014716988, 38.11658859252941], [-0.723084986209812, 38.1124305725097], [-0.728302001953125, 38.09753036499035], [-0.749208986759186, 38.098041534423885], [-0.742061018943787, 38.11019515991211]]]}}, {"type": "Feature", "properties": {"cpro": "03", "name_3": "Baix Segura", "provincia": "Alicante", "communidad_autonoma": "Comunidad Valenciana", "cmun": "025", "codigo_postal": "03025", "engtype_4": "Municipality", "geo_point_2d": [38.15184162305279, -0.9829239238704861], "dc": "0", "id_2": 35, "id_3": 251, "id_0": 215, "id_1": 10, "iso": "ESP", "id_4": 6375, "type_4": "Municipality", "pais": "Spain", "ccn_4": 0, "municipio": "Benferri", "codine": "03025", "nombre": "Benferri", "pop": 1942, "CodMunicipio": 3025}, "geometry": {"type": "Polygon", "coordinates": [[[-0.949257016181946, 38.140678405761776], [-0.958980023860932, 38.139781951904354], [-0.965968012809753, 38.13714599609375], [-0.972867012023869, 38.13647079467768], [-0.982680976390725, 38.131351470947266], [-0.996208012104034, 38.14155960083019], [-0.996047973632699, 38.146171569824276], [-1.004464983940011, 38.151340484619084], [-1.005296945571843, 38.16097259521479], [-1.008731007575932, 38.166870117187614], [-1.004798054695073, 38.17215347290039], [-1.00127899646759, 38.17395019531244], [-0.992157995700836, 38.17310333251959], [-0.988104999065285, 38.169834136963004], [-0.985764980316105, 38.17027282714855], [-0.973131000995636, 38.15245437622082], [-0.966544985771122, 38.15171051025396], [-0.961926996707916, 38.1548309326173], [-0.956773996353149, 38.155048370361385], [-0.949257016181946, 38.140678405761776]]]}}, {"type": "Feature", "properties": {"cpro": "03", "name_3": "Marina Alta", "provincia": "Alicante", "communidad_autonoma": "Comunidad Valenciana", "cmun": "097", "codigo_postal": "03097", "engtype_4": "Municipality", "geo_point_2d": [38.785372438622126, -0.066321429249229], "dc": "4", "id_2": 35, "id_3": 253, "id_0": 215, "id_1": 10, "iso": "ESP", "id_4": 6445, "type_4": "Municipality", "pais": "Spain", "ccn_4": 0, "municipio": "Orba", "codine": "03097", "nombre": "Orba", "pop": 2174, "CodMunicipio": 3097}, "geometry": {"type": "Polygon", "coordinates": [[[-0.026010999456048, 38.77530288696289], [-0.05044399946928, 38.75969696044916], [-0.05349799990654, 38.761001586914176], [-0.054885998368206, 38.764736175537216], [-0.06445100158453, 38.767471313476676], [-0.066742002963963, 38.77190780639654], [-0.077644996344986, 38.774085998535206], [-0.085105001926365, 38.77879333496094], [-0.088124997913781, 38.78493881225597], [-0.093932002782822, 38.7901229858399], [-0.111445002257824, 38.7966194152832], [-0.132359996437913, 38.79692840576172], [-0.132138997316247, 38.79903030395519], [-0.118676997721195, 38.799129486083984], [-0.117453001439515, 38.8006477355957], [-0.096927002072277, 38.80628585815441], [-0.087178997695446, 38.79909896850585], [-0.086034998297634, 38.7960662841798], [-0.077812001109066, 38.794475555420036], [-0.074441000819206, 38.79614639282232], [-0.071304999291897, 38.79399490356445], [-0.064594998955727, 38.797889709472656], [-0.060593001544476, 38.797248840332145], [-0.058389000594616, 38.801292419433594], [-0.05264800041914, 38.80366897583008], [-0.05171599984169, 38.80226135253906], [-0.0508630014956, 38.803707122802734], [-0.043549001216832, 38.80512619018566], [-0.043334998190346, 38.78723144531256], [-0.039563000202179, 38.78600692749029], [-0.026010999456048, 38.77530288696289]]]}}, {"type": "Feature", "properties": {"name_3": "Alacanti", "provincia": "Alicante", "communidad_autonoma": "Comunidad Valenciana", "engtype_4": "Municipality", "geo_point_2d": [38.38275039278413, -0.537705872889495], "id_2": 35, "id_3": 248, "id_0": 215, "id_1": 10, "iso": "ESP", "id_4": 6348, "type_4": "Municipality", "pais": "Spain", "ccn_4": 0, "municipio": "Alicante", "codine": "03014", "nombre": "Alicante", "pop": 334887, "CodMunicipio": 3014}, "geometry": {"type": "MultiPolygon", "coordinates": [[[[-0.394488006830159, 38.532745361328125], [-0.38931900262827, 38.53645706176758], [-0.380679011344853, 38.53519058227545], [-0.380921006202698, 38.536773681640625], [-0.377837002277317, 38.53643417358393], [-0.375028997659683, 38.52974319458019], [-0.383163005113602, 38.52083206176757], [-0.384142994880619, 38.515583038330135], [-0.39527499675745, 38.52779769897472], [-0.394488006830159, 38.532745361328125]]], [[[-0.432208001613617, 38.45674896240246], [-0.434484988450947, 38.45198822021496], [-0.44403201341629, 38.448989868164006], [-0.471325010061207, 38.461078643798935], [-0.496946990489846, 38.45154953002941], [-0.527544021606388, 38.46343231201183], [-0.528594970703125, 38.468925476074276], [-0.532068014144841, 38.4732666015625], [-0.527172982692662, 38.474029541015625], [-0.524496972560883, 38.475837707519645], [-0.524031996726933, 38.47833633422857], [-0.513568997383118, 38.480339050293026], [-0.505331993102971, 38.47521591186518], [-0.501475989818573, 38.47604370117198], [-0.498787999153137, 38.4781379699707], [-0.479272007942143, 38.483982086181584], [-0.46244299411768, 38.49281692504882], [-0.453352004289627, 38.494125366210994], [-0.450673997402191, 38.48095703125006], [-0.445271998643761, 38.475547790527344], [-0.441753000020924, 38.474914550781364], [-0.442301988601685, 38.464889526367244], [-0.443794995546341, 38.463535308838004], [-0.432208001613617, 38.45674896240246]]], [[[-0.640402972698212, 38.344833374023544], [-0.645016014575901, 38.350349426269645], [-0.646290004253387, 38.357730865478516], [-0.656629979610386, 38.382297515869254], [-0.644872009754181, 38.386596679687614], [-0.644684970378876, 38.38846969604492], [-0.636241018772068, 38.396415710449276], [-0.624616980552616, 38.399631500244254], [-0.613146007061005, 38.39714431762707], [-0.597765028476715, 38.39903640747076], [-0.577814996242523, 38.397743225097656], [-0.577395975589752, 38.398998260498104], [-0.579024970531464, 38.4012908935548], [-0.584860026836338, 38.40177154541021], [-0.596301019191742, 38.40895462036138], [-0.604888975620213, 38.417293548583984], [-0.605800986289978, 38.42130661010748], [-0.608716011047363, 38.42351150512707], [-0.61058497428894, 38.42830276489258], [-0.607854008674565, 38.434711456298885], [-0.60229301452631, 38.44282150268555], [-0.596620023250523, 38.44599533081065], [-0.591361999511719, 38.456268310546875], [-0.593895018100739, 38.46045303344732], [-0.614696025848389, 38.476360321044865], [-0.594998002052307, 38.47416305541998], [-0.589778006076813, 38.466026306152344], [-0.583797991275787, 38.462535858154354], [-0.574165999889374, 38.46097564697277], [-0.567991971969604, 38.45610046386719], [-0.560707986354828, 38.44713592529297], [-0.557852029800415, 38.43637084960949], [-0.548843026161194, 38.43215560913086], [-0.547636985778809, 38.42884063720709], [-0.550355970859528, 38.4195175170899], [-0.552003979682922, 38.41618347167963], [-0.557285010814667, 38.41278839111328], [-0.551923990249577, 38.40567779541027], [-0.551886022090855, 38.39803314208995], [-0.514934003353062, 38.38077545166021], [-0.49742999672884, 38.38012313842779], [-0.493544012308121, 38.38595199584955], [-0.491429001092854, 38.39445877075201], [-0.494764000177327, 38.39636611938482], [-0.492792010307255, 38.400424957275504], [-0.49121901392931, 38.39990234375006], [-0.488573014736119, 38.40192031860363], [-0.486131995916367, 38.39962387084972], [-0.484741985797882, 38.40272903442377], [-0.481007009744644, 38.40147781372075], [-0.475600987672749, 38.40515518188487], [-0.475686997175217, 38.407970428466854], [-0.469554007053318, 38.4110679626466], [-0.468347996473312, 38.405277252197266], [-0.473690986633301, 38.40147399902355], [-0.461869001388436, 38.39507293701172], [-0.454759985208511, 38.39604568481457], [-0.447706013917866, 38.39545059204113], [-0.441460996866226, 38.39004135131841], [-0.429176986217442, 38.38523101806651], [-0.418877005577087, 38.39097213745117], [-0.416889995336533, 38.38695526123058], [-0.408749014139175, 38.382308959960994], [-0.408749014139175, 38.38208389282238], [-0.409027010202408, 38.38208389282238], [-0.409027010202408, 38.3815269470216], [-0.409305006265583, 38.3815269470216], [-0.409305006265583, 38.380416870117244], [-0.409583002328816, 38.380416870117244], [-0.409583002328816, 38.37819290161133], [-0.409860998392048, 38.37819290161133], [-0.409860998392048, 38.37291717529297], [-0.409583002328816, 38.37291717529297], [-0.409583002328816, 38.37236022949219], [-0.409860998392048, 38.37236022949219], [-0.409860998392048, 38.37069320678705], [-0.410138994455281, 38.37069320678705], [-0.410138994455281, 38.36791610717779], [-0.410416990518513, 38.36791610717779], [-0.410416990518513, 38.36208343505865], [-0.410138994455281, 38.36208343505865], [-0.410138994455281, 38.360137939453125], [-0.409860998392048, 38.360137939453125], [-0.409860998392048, 38.35902786254894], [-0.409583002328816, 38.35902786254894], [-0.409583002328816, 38.35874938964855], [-0.409305006265583, 38.35874938964855], [-0.409305006265583, 38.35819625854497], [-0.409027010202408, 38.35819625854497], [-0.409027010202408, 38.3576393127442], [-0.408749014139175, 38.3576393127442], [-0.408749014139175, 38.35736083984381], [-0.408194988965988, 38.35736083984381], [-0.408194988965988, 38.357082366943416], [-0.407938003539982, 38.357082366943416], [-0.407361000776291, 38.357082366943416], [-0.407361000776291, 38.35680389404308], [-0.407083004713058, 38.35680389404308], [-0.407083004713058, 38.35652923583984], [-0.406805008649826, 38.35652923583984], [-0.406805008649826, 38.35625076293945], [-0.406248986721039, 38.35625076293945], [-0.406251013278904, 38.35597229003906], [-0.40597298741335, 38.35597229003906], [-0.40597298741335, 38.35569381713873], [-0.405694991350117, 38.35569381713873], [-0.405694991350117, 38.35541534423834], [-0.40486100316042, 38.35541534423834], [-0.40486100316042, 38.3551406860351], [-0.404583007097187, 38.3551406860351], [-0.404583007097187, 38.3548622131347], [-0.404029011726379, 38.3548622131347], [-0.404029011726379, 38.354305267333984], [-0.403750985860825, 38.354305267333984], [-0.403750985860825, 38.354026794433594], [-0.403472989797592, 38.354026794433594], [-0.403472989797592, 38.3537483215332], [-0.40319499373436, 38.3537483215332], [-0.40319499373436, 38.35347366333019], [-0.402639001607895, 38.35347366333019], [-0.402639001607895, 38.3531951904298], [-0.402361005544662, 38.3531951904298], [-0.402361005544662, 38.35291671752941], [-0.402081996202469, 38.35291671752941], [-0.402081996202469, 38.35263824462902], [-0.402916997671127, 38.35263824462902], [-0.402916997671127, 38.35291671752941], [-0.40319499373436, 38.35291671752941], [-0.40319499373436, 38.35272979736328], [-0.40319499373436, 38.35263824462902], [-0.403472989797592, 38.35263824462902], [-0.403472989797592, 38.35235977172863], [-0.405285000801086, 38.35235977172863], [-0.409027010202408, 38.35235977172863], [-0.409027010202408, 38.35208511352544], [-0.411249011754876, 38.35208511352544], [-0.411249011754876, 38.35180664062506], [-0.411527007818222, 38.35180664062506], [-0.411527007818222, 38.35168838500982], [-0.411527007818222, 38.351528167724666], [-0.412360996007919, 38.351528167724666], [-0.412360996007919, 38.35180664062506], [-0.412858009338379, 38.35180664062506], [-0.413471013307571, 38.35180664062506], [-0.413471013307571, 38.352123260498104], [-0.413471013307571, 38.35235977172863], [-0.413749009370804, 38.35235977172863], [-0.413749009370804, 38.35208511352544], [-0.414027005434036, 38.35208511352544], [-0.414027005434036, 38.35235977172863], [-0.41514000296587, 38.35235977172863], [-0.41514000296587, 38.35263824462902], [-0.416527986526489, 38.35263824462902], [-0.416527986526489, 38.35235977172863], [-0.418193995952549, 38.35235977172863], [-0.418193995952549, 38.35263824462902], [-0.419584006071034, 38.35263824462902], [-0.419584006071034, 38.35291671752941], [-0.420138001441956, 38.35291671752941], [-0.420138001441956, 38.353046417236385], [-0.420139998197499, 38.3531951904298], [-0.422915995120945, 38.3531951904298], [-0.422915995120945, 38.35347366333019], [-0.42347198724741, 38.35347366333019], [-0.42347198724741, 38.3531951904298], [-0.423750013113022, 38.3531951904298], [-0.423750013113022, 38.35347366333019], [-0.425137996673584, 38.35347366333019], [-0.425137996673584, 38.3537483215332], [-0.42597201466549, 38.3537483215332], [-0.42597201466549, 38.354026794433594], [-0.426804006099701, 38.354026794433594], [-0.42680698633194, 38.354305267333984], [-0.427915990352574, 38.354305267333984], [-0.427915990352574, 38.354026794433594], [-0.428472995757999, 38.354026794433594], [-0.428472995757999, 38.354305267333984], [-0.429028987884408, 38.354305267333984], [-0.429028987884408, 38.354583740234375], [-0.429583013057709, 38.354583740234375], [-0.429583013057709, 38.3548622131347], [-0.431805014610234, 38.3548622131347], [-0.431805014610234, 38.3551406860351], [-0.432916998863163, 38.3551406860351], [-0.432916998863163, 38.35541534423834], [-0.433158993721008, 38.35541534423834], [-0.433472990989628, 38.35541534423834], [-0.433472990989628, 38.35569381713873], [-0.433748990297318, 38.35569381713873], [-0.433748990297318, 38.35597229003906], [-0.433472990989628, 38.35597229003906], [-0.433472990989628, 38.356117248535156], [-0.433472990989628, 38.35625076293945], [-0.433194994926396, 38.35625076293945], [-0.433194994926396, 38.35652923583984], [-0.432916998863163, 38.35652923583984], [-0.432916998863163, 38.357082366943416], [-0.433194994926396, 38.357082366943416], [-0.433194994926396, 38.35736083984381], [-0.433472990989628, 38.35736083984381], [-0.433472990989628, 38.3576393127442], [-0.433748990297318, 38.3576393127442], [-0.433748990297318, 38.35791778564459], [-0.434029012918415, 38.35791778564459], [-0.434029012918415, 38.35874938964855], [-0.434305012226105, 38.35874938964855], [-0.434305012226105, 38.359859466552734], [-0.434029012918415, 38.359859466552734], [-0.434029012918415, 38.360416412353516], [-0.434305012226105, 38.360416412353516], [-0.434305012226105, 38.360694885253906], [-0.435139000415802, 38.360694885253906], [-0.435139000415802, 38.360416412353516], [-0.435972988605499, 38.360416412353516], [-0.435972988605499, 38.360694885253906], [-0.437196999788227, 38.360694885253906], [-0.438748985528946, 38.360694885253906], [-0.438748985528946, 38.360416412353516], [-0.439860999584198, 38.360416412353516], [-0.439860999584198, 38.3609733581543], [-0.44013899564743, 38.3609733581543], [-0.44013899564743, 38.36125183105463], [-0.440692991018238, 38.36125183105463], [-0.440692991018238, 38.361461639404354], [-0.440692991018238, 38.36180496215826], [-0.440970987081471, 38.36180496215826], [-0.440970987081471, 38.36208343505865], [-0.441527009010315, 38.36208343505865], [-0.441527009010315, 38.362361907958984], [-0.441805988550072, 38.362361907958984], [-0.441805988550072, 38.36264038085937], [-0.442084014415684, 38.36264038085937], [-0.442084014415684, 38.362915039062614], [-0.442362010478916, 38.362915039062614], [-0.442362010478916, 38.363193511963004], [-0.444862008094788, 38.363193511963004], [-0.444862008094788, 38.362915039062614], [-0.445416003465596, 38.362915039062614], [-0.445416003465596, 38.36264038085937], [-0.44597199559206, 38.36264038085937], [-0.44597199559206, 38.362361907958984], [-0.447084009647313, 38.362361907958984], [-0.447084009647313, 38.36208343505865], [-0.447362005710545, 38.36208343505865], [-0.447362005710545, 38.36152648925787], [-0.447638005018234, 38.36152648925787], [-0.447638005018234, 38.36125183105463], [-0.447916001081467, 38.36125183105463], [-0.447916001081467, 38.3609733581543], [-0.448193997144699, 38.3609733581543], [-0.448193997144699, 38.360836029052734], [-0.448193997144699, 38.360694885253906], [-0.448473989963475, 38.360694885253906], [-0.448749989271164, 38.360694885253906], [-0.448749989271164, 38.3605575561524], [-0.448749989271164, 38.360416412353516], [-0.449027985334396, 38.360416412353516], [-0.449027985334396, 38.359859466552734], [-0.449306011199951, 38.359859466552734], [-0.449306011199951, 38.360137939453125], [-0.449584007263184, 38.360137939453125], [-0.449584007263184, 38.359859466552734], [-0.449860006570759, 38.359859466552734], [-0.449860006570759, 38.35958480834972], [-0.450415998697224, 38.35958480834972], [-0.450415998697224, 38.35930633544933], [-0.450971990823689, 38.35930633544933], [-0.450971990823689, 38.35902786254894], [-0.451249986886921, 38.35902786254894], [-0.451249986886921, 38.35874938964855], [-0.451528012752533, 38.35874938964855], [-0.451528012752533, 38.35847091674816], [-0.452638000249863, 38.35847091674816], [-0.452638000249863, 38.35819625854497], [-0.452915996313095, 38.35819625854497], [-0.452915996313095, 38.35847091674816], [-0.45347198843956, 38.35847091674816], [-0.45347198843956, 38.35819625854497], [-0.453750014305001, 38.35819625854497], [-0.453750014305001, 38.35805130004894], [-0.453750014305001, 38.35791778564459], [-0.454028993844986, 38.35791778564459], [-0.454028993844986, 38.3576393127442], [-0.454569011926651, 38.3576393127442], [-0.454860001802444, 38.3576393127442], [-0.454860001802444, 38.35749435424816], [-0.454860001802444, 38.357082366943416], [-0.455680996179581, 38.357082366943416], [-0.455972999334278, 38.357082366943416], [-0.455972999334278, 38.35693740844738], [-0.455972999334278, 38.35652923583984], [-0.456784009933415, 38.35652923583984], [-0.457082986831665, 38.35652923583984], [-0.457082986831665, 38.35638046264643], [-0.457082986831665, 38.35625076293945], [-0.45734000205988, 38.35625076293945], [-0.45847299695015, 38.35625076293945], [-0.45847299695015, 38.35569381713873], [-0.458750993013382, 38.35569381713873], [-0.458750993013382, 38.35554504394531], [-0.458750993013382, 38.35541534423834], [-0.459006011486054, 38.35541534423834], [-0.45930498838419, 38.35541534423834], [-0.45930498838419, 38.35526657104492], [-0.45930498838419, 38.3551406860351], [-0.459583014249745, 38.3551406860351], [-0.459583014249745, 38.3548622131347], [-0.460108995437565, 38.3548622131347], [-0.462361007928848, 38.3548622131347], [-0.462361007928848, 38.354583740234375], [-0.462917000055313, 38.354583740234375], [-0.462917000055313, 38.354305267333984], [-0.463470995426121, 38.354305267333984], [-0.463472992181778, 38.354026794433594], [-0.464026987552586, 38.354026794433594], [-0.464026987552586, 38.3537483215332], [-0.464305013418198, 38.3537483215332], [-0.464305013418198, 38.35347366333019], [-0.46458300948143, 38.35347366333019], [-0.46458300948143, 38.35263824462902], [-0.464861005544606, 38.35263824462902], [-0.464861005544606, 38.35247802734369], [-0.464861005544606, 38.35208511352544], [-0.465139001607838, 38.35208511352544], [-0.465139001607838, 38.351528167724666], [-0.46541699767107, 38.351528167724666], [-0.46541699767107, 38.351249694824276], [-0.465970993041992, 38.351249694824276], [-0.465970993041992, 38.351528167724666], [-0.466526985168457, 38.351528167724666], [-0.466526985168457, 38.351249694824276], [-0.467083007097244, 38.351249694824276], [-0.467083007097244, 38.350971221923885], [-0.467918008565903, 38.350971221923885], [-0.467918008565903, 38.350692749023494], [-0.468470990657749, 38.350692749023494], [-0.468470990657749, 38.350418090820305], [-0.469027996063176, 38.350418090820305], [-0.469027996063176, 38.35013961791992], [-0.469583988189584, 38.35013961791992], [-0.469583988189584, 38.34986114501953], [-0.469862014055195, 38.34986114501953], [-0.469862014055195, 38.34930419921881], [-0.470416009426117, 38.34930419921881], [-0.470416009426117, 38.34902954101573], [-0.470972001552582, 38.34902954101573], [-0.470972001552582, 38.34875106811517], [-0.471527993679047, 38.34875106811517], [-0.471527993679047, 38.34847259521479], [-0.471805989742279, 38.34847259521479], [-0.471805989742279, 38.34791564941406], [-0.472362011671066, 38.34791564941406], [-0.472362011671066, 38.34763717651367], [-0.472640007734299, 38.34763717651367], [-0.472640007734299, 38.34736251831066], [-0.473749995231572, 38.34736251831066], [-0.473749995231572, 38.34763717651367], [-0.47390300035471, 38.34763717651367], [-0.474305987358036, 38.34763717651367], [-0.474305987358036, 38.34732437133795], [-0.474305987358036, 38.34708404541027], [-0.474584013223591, 38.34708404541027], [-0.474584013223591, 38.34680557250988], [-0.474862009286824, 38.34680557250988], [-0.474862009286824, 38.34652709960949], [-0.47533801198, 38.34652709960949], [-0.47597199678421, 38.34652709960949], [-0.47597199678421, 38.3462486267091], [-0.475694000720978, 38.3462486267091], [-0.475694000720978, 38.34597396850591], [-0.47597199678421, 38.34597396850591], [-0.47597199678421, 38.345417022705135], [-0.476527988910675, 38.345417022705135], [-0.476527988910675, 38.345138549804744], [-0.477133989334106, 38.345138549804744], [-0.477360010147095, 38.345138549804744], [-0.477360010147095, 38.34496307373052], [-0.477360010147095, 38.344860076904354], [-0.477495014667397, 38.344860076904354], [-0.477638006210269, 38.344860076904354], [-0.477638006210269, 38.34474945068365], [-0.477638006210269, 38.34458160400396], [-0.477916002273503, 38.34458160400396], [-0.477916002273503, 38.344306945800774], [-0.478193998336735, 38.344306945800774], [-0.478193998336735, 38.34402847290039], [-0.478471994399968, 38.34402847290039], [-0.478471994399968, 38.3429183959962], [-0.478193998336735, 38.3429183959962], [-0.478193998336735, 38.342082977294865], [-0.477916002273503, 38.342082977294865], [-0.477916002273503, 38.34041595458996], [-0.478193998336735, 38.34041595458996], [-0.478193998336735, 38.34003448486339], [-0.478193998336735, 38.33874893188482], [-0.477916002273503, 38.33874893188482], [-0.477916002273503, 38.33819580078125], [-0.477638006210269, 38.33819580078125], [-0.477638006210269, 38.33736038208008], [-0.477360010147095, 38.33736038208008], [-0.477360010147095, 38.336528778076286], [-0.477638006210269, 38.336528778076286], [-0.477638006210269, 38.336250305175895], [-0.477916002273503, 38.336250305175895], [-0.477916002273503, 38.33569335937494], [-0.479027986526432, 38.33569335937494], [-0.479027986526432, 38.33541488647461], [-0.479584008455276, 38.33541488647461], [-0.479584008455276, 38.335140228271534], [-0.479860007762909, 38.335140228271534], [-0.479860007762909, 38.33486175537115], [-0.480415999889374, 38.33486175537115], [-0.480415999889374, 38.33458328247082], [-0.480693995952606, 38.33458328247082], [-0.480693995952606, 38.334304809570426], [-0.480415999889374, 38.334304809570426], [-0.480415999889374, 38.334026336670036], [-0.480693995952606, 38.334026336670036], [-0.480693995952606, 38.3337516784668], [-0.480971992015839, 38.3337516784668], [-0.480971992015839, 38.333473205566456], [-0.481251001358032, 38.333473205566456], [-0.481251001358032, 38.3337516784668], [-0.481528997421265, 38.3337516784668], [-0.481528997421265, 38.333473205566456], [-0.482082009315491, 38.333473205566456], [-0.482082009315491, 38.33319473266607], [-0.482360005378723, 38.33319473266607], [-0.482360005378723, 38.33263778686529], [-0.48263901472086, 38.33263778686529], [-0.48263901472086, 38.3323593139649], [-0.483473002910557, 38.3323593139649], [-0.483473002910557, 38.33208465576172], [-0.48375099897379, 38.33208465576172], [-0.48375099897379, 38.33152770996094], [-0.484582990407944, 38.33152770996094], [-0.484582990407944, 38.33124923706055], [-0.485139012336731, 38.33124923706055], [-0.485139012336731, 38.330970764160156], [-0.485417008399963, 38.330970764160156], [-0.485417008399963, 38.33069610595714], [-0.485973000526428, 38.33069610595714], [-0.485973000526428, 38.3305778503419], [-0.485973000526428, 38.330417633056754], [-0.486250996589661, 38.330417633056754], [-0.486250996589661, 38.330139160156364], [-0.486528992652893, 38.330139160156364], [-0.486528992652893, 38.32986068725597], [-0.486804991960469, 38.32986068725597], [-0.486804991960469, 38.32930374145502], [-0.487361013889256, 38.32930374145502], [-0.487361013889256, 38.32958221435541], [-0.487082988023701, 38.32958221435541], [-0.487082988023701, 38.330417633056754], [-0.486804991960469, 38.330417633056754], [-0.486804991960469, 38.33069610595714], [-0.486526995897236, 38.33069610595714], [-0.486526995897236, 38.33180618286132], [-0.485973000526428, 38.33180618286132], [-0.485973000526428, 38.33208465576172], [-0.485695004463196, 38.33208465576172], [-0.485695004463196, 38.3323593139649], [-0.485139012336731, 38.3323593139649], [-0.485139012336731, 38.33263778686529], [-0.484860986471176, 38.33263778686529], [-0.484860986471176, 38.33291625976568], [-0.484304994344711, 38.33291625976568], [-0.484304994344711, 38.33319473266607], [-0.48375099897379, 38.33319473266607], [-0.48375099897379, 38.333473205566456], [-0.483473002910557, 38.333473205566456], [-0.483473002910557, 38.3337516784668], [-0.483195006847325, 38.3337516784668], [-0.483195006847325, 38.334026336670036], [-0.48263901472086, 38.334026336670036], [-0.48263901472086, 38.334304809570426], [-0.482360005378723, 38.334304809570426], [-0.482360005378723, 38.335140228271534], [-0.482082009315491, 38.335140228271534], [-0.482082009315491, 38.33541488647461], [-0.480872005224171, 38.33541488647461], [-0.480693995952606, 38.33541488647461], [-0.480693995952606, 38.33556747436535], [-0.480693995952606, 38.335971832275334], [-0.480415999889374, 38.335971832275334], [-0.480415999889374, 38.336250305175895], [-0.480138003826141, 38.336250305175895], [-0.480138003826141, 38.336528778076286], [-0.479584008455276, 38.336528778076286], [-0.479584008455276, 38.33680725097667], [-0.479306012392044, 38.33680725097667], [-0.479306012392044, 38.33736038208008], [-0.479584008455276, 38.33736038208008], [-0.479584008455276, 38.33763885498047], [-0.479306012392044, 38.33763885498047], [-0.479306012392044, 38.33819580078125], [-0.479584008455276, 38.33819580078125], [-0.479582011699563, 38.33847045898443], [-0.480415999889374, 38.33847045898443], [-0.480415999889374, 38.33819580078125], [-0.481251001358032, 38.33819580078125], [-0.481251001358032, 38.33847045898443], [-0.481528997421265, 38.33847045898443], [-0.481528997421265, 38.33902740478521], [-0.481806993484497, 38.33902740478521], [-0.481806993484497, 38.339305877685604], [-0.48263901472086, 38.339305877685604], [-0.48263901472086, 38.33986282348638], [-0.482917010784092, 38.33986282348638], [-0.482917010784092, 38.34013748168957], [-0.483195006847325, 38.34013748168957], [-0.483195006847325, 38.34069442749035], [-0.482917010784092, 38.34069442749035], [-0.482917010784092, 38.34152603149414], [-0.48263901472086, 38.34152603149414], [-0.48263901472086, 38.34180450439453], [-0.482360005378723, 38.34180450439453], [-0.482360005378723, 38.342082977294865], [-0.48263901472086, 38.342082977294865], [-0.48263901472086, 38.34236145019525], [-0.48375099897379, 38.34236145019525], [-0.48375099897379, 38.342082977294865], [-0.484304994344711, 38.342082977294865], [-0.484304994344711, 38.34180450439453], [-0.484582990407944, 38.34180450439453], [-0.484582990407944, 38.34152603149414], [-0.484304994344711, 38.34152603149414], [-0.484304994344711, 38.341251373291065], [-0.484028995037022, 38.341251373291065], [-0.484028995037022, 38.34013748168957], [-0.48375099897379, 38.34013748168957], [-0.48375099897379, 38.33958435058599], [-0.483473002910557, 38.33958435058599], [-0.483473002910557, 38.339305877685604], [-0.484582990407944, 38.339305877685604], [-0.484582990407944, 38.33902740478521], [-0.484860986471176, 38.33902740478521], [-0.484860986471176, 38.33874893188482], [-0.484582990407944, 38.33874893188482], [-0.484582990407944, 38.33847045898443], [-0.48263901472086, 38.33847045898443], [-0.48263901472086, 38.33819580078125], [-0.482360005378723, 38.33819580078125], [-0.482360005378723, 38.33803939819347], [-0.482360005378723, 38.33791732788085], [-0.482082009315491, 38.33791732788085], [-0.482082009315491, 38.33736038208008], [-0.482360005378723, 38.33736038208008], [-0.482360005378723, 38.33708190917969], [-0.483458995819092, 38.33708190917969], [-0.484028995037022, 38.33708190917969], [-0.484028995037022, 38.336887359619254], [-0.484028995037022, 38.33680725097667], [-0.484304994344711, 38.33680725097667], [-0.484304994344711, 38.336345672607536], [-0.484304994344711, 38.336250305175895], [-0.484028995037022, 38.336250305175895], [-0.484028995037022, 38.335971832275334], [-0.484735012054443, 38.335971832275334], [-0.484860986471176, 38.335971832275334], [-0.484860986471176, 38.33569335937494], [-0.485417008399963, 38.33569335937494], [-0.485417008399963, 38.335971832275334], [-0.485973000526428, 38.335971832275334], [-0.485973000526428, 38.33569335937494], [-0.486250996589661, 38.33569335937494], [-0.486250996589661, 38.335971832275334], [-0.487082988023701, 38.335971832275334], [-0.487082988023701, 38.33569335937494], [-0.487361013889256, 38.33569335937494], [-0.487361013889256, 38.335140228271534], [-0.487082988023701, 38.335140228271534], [-0.48706001043314, 38.334926605224666], [-0.486871004104614, 38.33484649658209], [-0.486804991960469, 38.33458328247082], [-0.487082988023701, 38.33458328247082], [-0.487082988023701, 38.334026336670036], [-0.486804991960469, 38.334026336670036], [-0.486804991960469, 38.3337516784668], [-0.486528992652893, 38.3337516784668], [-0.486528992652893, 38.333473205566456], [-0.486250996589661, 38.333473205566456], [-0.486250996589661, 38.33291625976568], [-0.486804991960469, 38.33291625976568], [-0.486804991960469, 38.33263778686529], [-0.487361013889256, 38.33263778686529], [-0.487361013889256, 38.3323593139649], [-0.487639009952488, 38.3323593139649], [-0.487639009952488, 38.33263778686529], [-0.487917006015721, 38.33263778686529], [-0.487917006015721, 38.33291625976568], [-0.488195002078953, 38.33291625976568], [-0.488195002078953, 38.33319473266607], [-0.488750994205418, 38.33319473266607], [-0.488750994205418, 38.33291625976568], [-0.489026993513107, 38.33291625976568], [-0.489026993513107, 38.33263778686529], [-0.48930498957634, 38.33263778686529], [-0.48930498957634, 38.3323593139649], [-0.489582985639572, 38.3323593139649], [-0.489582985639572, 38.33208465576172], [-0.490139007568359, 38.33208465576172], [-0.490139007568359, 38.3323593139649], [-0.490417003631592, 38.3323593139649], [-0.490417003631592, 38.33319473266607], [-0.490694999694824, 38.33319473266607], [-0.490694999694824, 38.333473205566456], [-0.490972995758057, 38.333473205566456], [-0.490972995758057, 38.3337516784668], [-0.491804987192097, 38.3337516784668], [-0.491804987192097, 38.334026336670036], [-0.492083013057709, 38.334026336670036], [-0.492083013057709, 38.334304809570426], [-0.492639005184117, 38.334304809570426], [-0.492639005184117, 38.334026336670036], [-0.493470996618271, 38.334026336670036], [-0.493470996618271, 38.334304809570426], [-0.494305014610177, 38.334304809570426], [-0.494305014610177, 38.334026336670036], [-0.494583010673409, 38.334026336670036], [-0.494583010673409, 38.3337516784668], [-0.494305014610177, 38.3337516784668], [-0.494305014610177, 38.333473205566456], [-0.494026988744736, 38.333473205566456], [-0.494026988744736, 38.33319473266607], [-0.493748992681503, 38.33319473266607], [-0.493748992681503, 38.33291625976568], [-0.493474006652775, 38.33291625976568], [-0.493470996618271, 38.33263778686529], [-0.493193000555038, 38.33263778686529], [-0.493193000555038, 38.3323593139649], [-0.492917001247349, 38.3323593139649], [-0.492917001247349, 38.33208465576172], [-0.492639005184117, 38.33208465576172], [-0.492639005184117, 38.33180618286132], [-0.492361009120941, 38.33180618286132], [-0.492361009120941, 38.33152770996094], [-0.492083013057709, 38.33152770996094], [-0.492083013057709, 38.33124923706055], [-0.491804987192097, 38.33124923706055], [-0.491804987192097, 38.33069610595714], [-0.491248995065632, 38.33069610595714], [-0.491248995065632, 38.330417633056754], [-0.491804987192097, 38.330417633056754], [-0.491804987192097, 38.330139160156364], [-0.492083013057709, 38.330139160156364], [-0.492083013057709, 38.32986068725597], [-0.492639005184117, 38.32986068725597], [-0.492639005184117, 38.32930374145502], [-0.492917001247349, 38.32930374145502], [-0.492917001247349, 38.329029083252], [-0.494305014610177, 38.329029083252], [-0.494305014610177, 38.32958221435541], [-0.494583010673409, 38.32958221435541], [-0.494583010673409, 38.32986068725597], [-0.495418012142181, 38.32986068725597], [-0.495418012142181, 38.330139160156364], [-0.495692998170796, 38.330139160156364], [-0.495692998170796, 38.330417633056754], [-0.495970994234028, 38.330417633056754], [-0.495970994234028, 38.33069610595714], [-0.496527999639454, 38.33069610595714], [-0.496527999639454, 38.330970764160156], [-0.496805995702687, 38.330970764160156], [-0.496805995702687, 38.33124923706055], [-0.497083991765919, 38.33124923706055], [-0.497083991765919, 38.33152770996094], [-0.497361987829095, 38.33152770996094], [-0.497361987829095, 38.33180618286132], [-0.497640013694706, 38.33180618286132], [-0.497640013694706, 38.33208465576172], [-0.497918009757939, 38.33208465576172], [-0.497918009757939, 38.3323593139649], [-0.49847200512886, 38.3323593139649], [-0.49847200512886, 38.33291625976568], [-0.498750001192093, 38.33291625976568], [-0.498750001192093, 38.33319473266607], [-0.500971972942352, 38.33319473266607], [-0.500971972942352, 38.333473205566456], [-0.501250028610229, 38.333473205566456], [-0.501250028610229, 38.33486175537115], [-0.501528024673462, 38.33486175537115], [-0.501528024673462, 38.335140228271534], [-0.501806020736694, 38.335140228271534], [-0.502637982368469, 38.335140228271534], [-0.502637982368469, 38.33488082885742], [-0.503193974494934, 38.33486175537115], [-0.503193974494934, 38.334709167480575], [-0.503193974494934, 38.33458328247082], [-0.503471970558167, 38.33458328247082], [-0.503471970558167, 38.334304809570426], [-0.503750026225987, 38.334304809570426], [-0.503750026225987, 38.334026336670036], [-0.504028022289162, 38.334026336670036], [-0.504028022289162, 38.3337516784668], [-0.504584014415741, 38.3337516784668], [-0.504584014415741, 38.333473205566456], [-0.50474601984024, 38.333473205566456], [-0.504859983920994, 38.333473205566456], [-0.504859983920994, 38.33333969116211], [-0.504859983920994, 38.33319473266607], [-0.504983007907811, 38.33319473266607], [-0.505415976047459, 38.33319473266607], [-0.505415976047459, 38.33291625976568], [-0.505693972110635, 38.33291625976568], [-0.505693972110635, 38.33263778686529], [-0.506250023841858, 38.33263778686529], [-0.506250023841858, 38.3323593139649], [-0.50652801990509, 38.3323593139649], [-0.50652801990509, 38.33208465576172], [-0.506806015968323, 38.33208465576172], [-0.506806015968323, 38.33180618286132], [-0.507081985473633, 38.33180618286132], [-0.507081985473633, 38.33124923706055], [-0.506806015968323, 38.33124923706055], [-0.506806015968323, 38.331054687500114], [-0.506806015968323, 38.330970764160156], [-0.506250023841858, 38.330970764160156], [-0.506250023841858, 38.33069610595714], [-0.50652801990509, 38.33069610595714], [-0.50652801990509, 38.330139160156364], [-0.506806015968323, 38.330139160156364], [-0.506806015968323, 38.32958221435541], [-0.507081985473633, 38.32958221435541], [-0.507081985473633, 38.32930374145502], [-0.507359981536865, 38.32930374145502], [-0.507359981536865, 38.32847213745123], [-0.508472979068699, 38.32847213745123], [-0.508472979068699, 38.327915191650504], [-0.509028971195164, 38.327915191650504], [-0.509028971195164, 38.327640533447266], [-0.509307026863098, 38.327640533447266], [-0.509307026863098, 38.327362060546875], [-0.50958198308939, 38.327362060546875], [-0.50958198308939, 38.32680511474615], [-0.509860992431584, 38.32680511474615], [-0.509860992431584, 38.32652664184576], [-0.509980976581517, 38.32652664184576], [-0.510138988494759, 38.32652664184576], [-0.510138988494759, 38.326183319091854], [-0.510138988494759, 38.32597351074219], [-0.510416984557992, 38.32597351074219], [-0.510416984557992, 38.325576782226506], [-0.510416984557992, 38.325416564941406], [-0.510694980621338, 38.325416564941406], [-0.510694980621338, 38.325138092041016], [-0.51097297668457, 38.325138092041016], [-0.51097297668457, 38.324859619140625], [-0.511250972747803, 38.324859619140625], [-0.511250972747803, 38.324306488037216], [-0.51152902841568, 38.324306488037216], [-0.51152902841568, 38.32402801513683], [-0.51180499792099, 38.32402801513683], [-0.51180499792099, 38.32347106933605], [-0.512082993984222, 38.32347106933605], [-0.512082993984222, 38.32263946533208], [-0.512360990047455, 38.32263946533208], [-0.512360990047455, 38.32208251953131], [-0.512638986110687, 38.32208251953131], [-0.512638986110687, 38.321250915527344], [-0.51291698217392, 38.321250915527344], [-0.51291698217392, 38.32012176513677], [-0.51291698217392, 38.3198623657226], [-0.513025999069157, 38.3198623657226], [-0.513194978237152, 38.3198623657226], [-0.513194978237152, 38.31958389282226], [-0.513472974300385, 38.31958389282226], [-0.513472974300385, 38.31847381591808], [-0.51375097036356, 38.31847381591808], [-0.51375097036356, 38.31754684448248], [-0.51375097036356, 38.31735992431652], [-0.514026999473515, 38.31735992431652], [-0.514026999473515, 38.31680679321295], [-0.514304995536747, 38.31680679321295], [-0.514304995536747, 38.31652832031255], [-0.51458299159998, 38.31652832031255], [-0.51458299159998, 38.315692901611385], [-0.514330029487496, 38.315692901611385], [-0.514304995536747, 38.31513977050781], [-0.51458299159998, 38.31513977050781], [-0.51458299159998, 38.31487655639654], [-0.51458299159998, 38.31402969360363], [-0.514860987663212, 38.31402587890631], [-0.514860987663212, 38.31319427490234], [-0.515109002590122, 38.31319427490234], [-0.51541697978962, 38.31319427490234], [-0.51541697978962, 38.31291580200195], [-0.515694975852853, 38.31291580200195], [-0.515694975852853, 38.31208419799815], [-0.515972971916199, 38.31208419799815], [-0.515972971916199, 38.31097412109381], [-0.516251027584076, 38.31097412109381], [-0.516251027584076, 38.31041717529302], [-0.516526997089386, 38.31041717529302], [-0.516526997089386, 38.309860229492244], [-0.516804993152618, 38.309860229492244], [-0.516804993152618, 38.3079185485841], [-0.516526997089386, 38.307914733886776], [-0.516526997089386, 38.30680465698242], [-0.516804993152618, 38.30680465698242], [-0.516804993152618, 38.304862976074276], [-0.517082989215851, 38.304862976074276], [-0.517082989215851, 38.304584503173885], [-0.517360985279083, 38.304584503173885], [-0.517360985279083, 38.30347061157232], [-0.517638981342316, 38.30347061157232], [-0.517638981342316, 38.30236053466796], [-0.517916977405548, 38.30236053466796], [-0.517916977405548, 38.30125045776378], [-0.518471002578679, 38.30125045776378], [-0.518473029136601, 38.30069351196283], [-0.518748998641911, 38.30069351196283], [-0.518748998641911, 38.30014038085943], [-0.519026994705143, 38.30014038085943], [-0.519026994705143, 38.29986190795904], [-0.519304990768376, 38.29986190795904], [-0.519304990768376, 38.29975509643555], [-0.519304990768376, 38.29875183105469], [-0.519026994705143, 38.29875183105469], [-0.519026994705143, 38.29819488525396], [-0.519304990768376, 38.29819488525396], [-0.519304990768376, 38.29735946655279], [-0.519582986831608, 38.29735946655279], [-0.519582986831608, 38.29624938964843], [-0.519860982894841, 38.29624938964843], [-0.519860982894841, 38.294582366943295], [-0.520138978958073, 38.294582366943295], [-0.520138978958073, 38.292915344238395], [-0.520416975021305, 38.292915344238395], [-0.520416975021305, 38.29069519042969], [-0.520695984363556, 38.29069519042969], [-0.520695984363556, 38.289859771728516], [-0.520971000194549, 38.289859771728516], [-0.520971000194549, 38.288749694824325], [-0.520695984363556, 38.288749694824325], [-0.520695984363556, 38.28819274902338], [-0.520416975021305, 38.28819274902338], [-0.520416975021305, 38.28791809082037], [-0.520138978958073, 38.28791809082037], [-0.520138978958073, 38.284305572509766], [-0.519860982894841, 38.284305572509766], [-0.519860982894841, 38.28291702270519], [-0.520138978958073, 38.28291702270519], [-0.520138978958073, 38.28180694580084], [-0.519860982894841, 38.28180694580084], [-0.519860982894841, 38.27875137329096], [-0.519582986831608, 38.27875137329096], [-0.519582986831608, 38.27736282348644], [-0.519860982894841, 38.27736282348644], [-0.519860982894841, 38.27492904663097], [-0.524648010730743, 38.27502059936529], [-0.535619020462036, 38.29974365234381], [-0.541576981544495, 38.305831909179744], [-0.543029010295868, 38.306484222412166], [-0.550487995147648, 38.30326843261713], [-0.567975997924748, 38.301795959472656], [-0.576847016811257, 38.30600738525396], [-0.600836992263794, 38.324737548828175], [-0.611721992492619, 38.33460235595703], [-0.612856984138432, 38.33731842041021], [-0.62353199720377, 38.342899322509766], [-0.640402972698212, 38.344833374023544]]]]}}, {"type": "Feature", "properties": {"cpro": "03", "name_3": "Comtat", "provincia": "Alicante", "communidad_autonoma": "Comunidad Valenciana", "cmun": "003", "codigo_postal": "03003", "engtype_4": "Municipality", "geo_point_2d": [38.78715564110848, -0.512113229195399], "dc": "6", "id_2": 35, "id_3": 252, "id_0": 215, "id_1": 10, "iso": "ESP", "id_4": 6398, "type_4": "Municipality", "pais": "Spain", "ccn_4": 0, "municipio": "Agres", "codine": "03003", "nombre": "Agres", "pop": 565, "CodMunicipio": 3003}, "geometry": {"type": "Polygon", "coordinates": [[[-0.531462013721409, 38.76726150512695], [-0.545018017292023, 38.791049957275504], [-0.548201978206578, 38.805686950683594], [-0.535246014595032, 38.81039428710948], [-0.530771970748788, 38.810512542724716], [-0.525577008724213, 38.810615539550724], [-0.515770018100739, 38.80686569213878], [-0.479402005672398, 38.80468368530279], [-0.472755998372975, 38.79828643798828], [-0.47533801198, 38.784133911132805], [-0.494466990232411, 38.77305221557622], [-0.498055011033955, 38.77151489257806], [-0.507409989833832, 38.7552947998048], [-0.520811975002232, 38.75672912597662], [-0.525133013725224, 38.76022338867199], [-0.5257869958877, 38.76392364501953], [-0.531462013721409, 38.76726150512695]]]}}, {"type": "Feature", "properties": {"name_3": "Marina Alta", "provincia": "Alicante", "communidad_autonoma": "Comunidad Valenciana", "engtype_4": "Municipality", "geo_point_2d": [38.76756278290684, 0.163818745149158], "id_2": 35, "id_3": 253, "id_0": 215, "id_1": 10, "iso": "ESP", "id_4": 6438, "type_4": "Municipality", "pais": "Spain", "ccn_4": 0, "municipio": "Jávea", "codine": "03082", "nombre": "Jávea", "pop": 27604, "CodMunicipio": 3082}, "geometry": {"type": "MultiPolygon", "coordinates": [[[[0.118050001561699, 38.74072265625006], [0.116797000169811, 38.7491912841798], [0.123127996921539, 38.75665283203125], [0.123566001653728, 38.767719268798885], [0.12658399343502, 38.767009735107536], [0.1153249964118, 38.770591735839844], [0.114688999950943, 38.76921844482433], [0.110437996685505, 38.769618988037166], [0.108397997915745, 38.765827178955135], [0.105393998324985, 38.765827178955135], [0.102343000471706, 38.79336929321289], [0.103058002889156, 38.801364898681584], [0.105333000421524, 38.80365753173834], [0.106009997427577, 38.808116912841854], [0.122657001018638, 38.8072776794433], [0.129320994019622, 38.80329513549804], [0.155394002795219, 38.805782318115234], [0.165983006358147, 38.81533050537121], [0.166798993945122, 38.81786727905279], [0.166969999670982, 38.81847381591797], [0.167640000581741, 38.81847381591797], [0.167640000581741, 38.81819534301757], [0.16819399595272, 38.81819534301757], [0.16819399595272, 38.81791687011719], [0.168750002980346, 38.81791687011719], [0.168750002980346, 38.8176383972168], [0.169027999043521, 38.8176383972168], [0.169027999043521, 38.817359924316406], [0.169305995106811, 38.817359924316406], [0.169305995106811, 38.81708145141607], [0.169862002134437, 38.81708145141607], [0.169862002134437, 38.816806793213], [0.170415997505245, 38.816806793213], [0.170415997505245, 38.816528320312436], [0.17069399356842, 38.816528320312436], [0.17069399356842, 38.81624984741205], [0.170972004532871, 38.81624984741205], [0.170972004532871, 38.81597137451172], [0.171527996659336, 38.81597137451172], [0.171527996659336, 38.81569290161133], [0.173194006085396, 38.81569290161133], [0.173194006085396, 38.815139770507926], [0.173472002148742, 38.815139770507926], [0.173472002148742, 38.814861297607536], [0.173749998211861, 38.814861297607536], [0.173749998211861, 38.814582824707145], [0.174584001302833, 38.814582824707145], [0.174584001302833, 38.814304351806754], [0.175137996673641, 38.814304351806754], [0.175137996673641, 38.814025878906364], [0.176529005169925, 38.814025878906364], [0.176529005169925, 38.813751220703175], [0.177917003631705, 38.813751220703175], [0.177917003631705, 38.81347274780279], [0.178751006722507, 38.81347274780279], [0.178751006722507, 38.8131942749024], [0.179305002093315, 38.8131942749024], [0.179305002093315, 38.81291580200201], [0.179582998156604, 38.81291580200201], [0.179582998156604, 38.81263732910162], [0.180417001247406, 38.81263732910162], [0.180417001247406, 38.81236267089844], [0.180694997310695, 38.81236267089844], [0.180694997310695, 38.81216812133795], [0.180694997310695, 38.81208419799804], [0.183751001954192, 38.81208419799804], [0.183749005198536, 38.81180572509765], [0.184027001261711, 38.81180572509765], [0.184027001261711, 38.811527252197266], [0.184304997325, 38.811527252197266], [0.184304997325, 38.811355590820426], [0.184304997325, 38.811248779296875], [0.18458099663269, 38.811248779296875], [0.185416996479091, 38.811248779296875], [0.185416996479091, 38.810974121093864], [0.186249002814407, 38.810970306396484], [0.186249002814407, 38.810695648193466], [0.185973003506717, 38.810695648193466], [0.185973003506717, 38.81041717529308], [0.186249002814407, 38.81041717529308], [0.186249002814407, 38.8101425170899], [0.186526998877525, 38.810138702392514], [0.186526998877525, 38.80986022949213], [0.186674997210616, 38.80986022949213], [0.187638998031616, 38.80986022949213], [0.187638998031616, 38.8095817565918], [0.187916994094962, 38.8095817565918], [0.187916994094962, 38.80986022949213], [0.188471004366932, 38.80986022949213], [0.188471004366932, 38.8095817565918], [0.189026996493396, 38.8095817565918], [0.189026996493396, 38.80930709838873], [0.19013999402523, 38.80930709838873], [0.19013999402523, 38.808750152588004], [0.191248998045921, 38.808750152588004], [0.191248998045921, 38.808471679687614], [0.191528007388172, 38.808471679687614], [0.191528007388172, 38.80764007568365], [0.191248998045921, 38.80764007568365], [0.191248998045921, 38.80736160278325], [0.191528007388172, 38.80736160278325], [0.191528007388172, 38.80708312988287], [0.192083999514637, 38.80708312988287], [0.192083999514637, 38.80680465698248], [0.19347199797636, 38.80680465698248], [0.19347199797636, 38.80652618408209], [0.194306001067162, 38.80652618408209], [0.194306001067162, 38.806251525878906], [0.194583997130451, 38.806251525878906], [0.194583997130451, 38.805973052978516], [0.194861993193626, 38.805973052978516], [0.194861993193626, 38.80486297607433], [0.195416003465766, 38.80486297607433], [0.195416003465766, 38.805137634277344], [0.196805998683033, 38.805137634277344], [0.196805998683033, 38.80486297607433], [0.197916001081467, 38.80486297607433], [0.197916001081467, 38.80430603027355], [0.198193997144756, 38.80430603027355], [0.198193997144756, 38.8037490844726], [0.198750004172382, 38.8037490844726], [0.198750004172382, 38.80347061157221], [0.199305996298847, 38.80347061157221], [0.199305996298847, 38.8029174804688], [0.199584007263184, 38.8029174804688], [0.199584007263184, 38.802639007568416], [0.199860006570816, 38.802639007568416], [0.199860006570816, 38.80236053466808], [0.199584007263184, 38.80236053466808], [0.199584007263184, 38.80208206176769], [0.199305996298847, 38.80208206176769], [0.199305996298847, 38.80180740356445], [0.199028000235558, 38.80180740356445], [0.199028000235558, 38.801548004150504], [0.199028000235558, 38.80125045776372], [0.198750004172382, 38.80125045776372], [0.198750004172382, 38.80097198486334], [0.198193997144756, 38.80097198486334], [0.198193997144756, 38.80069351196295], [0.197638005018291, 38.80069351196295], [0.197638005018291, 38.80041503906256], [0.196801006793976, 38.80041503906256], [0.196250006556511, 38.80041503906256], [0.196250006556511, 38.80069351196295], [0.195971995592231, 38.80069351196295], [0.195971995592231, 38.80041503906256], [0.19513800740242, 38.80041503906256], [0.19513800740242, 38.80027770996105], [0.19513800740242, 38.800140380859375], [0.194861993193626, 38.800140380859375], [0.194861993193626, 38.80041503906256], [0.194028005003986, 38.80041503906256], [0.194028005003986, 38.800140380859375], [0.193194001913071, 38.800140380859375], [0.193194001913071, 38.799861907958984], [0.192918002605552, 38.799861907958984], [0.192918002605552, 38.79958343505859], [0.192640006542263, 38.79958343505859], [0.192640006542263, 38.7993049621582], [0.192083999514637, 38.7993049621582], [0.192083999514637, 38.79958343505859], [0.191248998045921, 38.79958343505859], [0.191248998045921, 38.799861907958984], [0.190438002347946, 38.799861907958984], [0.189860999584198, 38.799861907958984], [0.189860999584198, 38.79902648925781], [0.19013999402523, 38.79902648925781], [0.19013999402523, 38.7987518310548], [0.189860999584198, 38.7987518310548], [0.189860999584198, 38.7984733581544], [0.189583003521022, 38.7984733581544], [0.189583003521022, 38.79791641235363], [0.189304992556572, 38.79791641235363], [0.189304992556572, 38.79763793945324], [0.189026996493396, 38.79763793945324], [0.189026996493396, 38.79652786254888], [0.188749000430107, 38.79652786254888], [0.188749000430107, 38.79569625854492], [0.188471004366932, 38.79569625854492], [0.188471004366932, 38.79513931274414], [0.187916994094962, 38.79513931274414], [0.187916994094962, 38.79486083984381], [0.187361001968497, 38.79486083984381], [0.187361001968497, 38.79541778564453], [0.187638998031616, 38.79541778564453], [0.187626004219055, 38.79563140869146], [0.187604993581886, 38.79597091674816], [0.187361001968497, 38.79597091674816], [0.187361001968497, 38.796249389648494], [0.187083005905151, 38.796249389648494], [0.187083005905151, 38.79652786254888], [0.186804994940871, 38.79652786254888], [0.186804994940871, 38.796249389648494], [0.186526998877525, 38.796249389648494], [0.186526998877525, 38.79597091674816], [0.184027001261711, 38.79597091674816], [0.184027001261711, 38.79569625854492], [0.183194994926566, 38.79569625854492], [0.183194994926566, 38.79541778564453], [0.182916998863277, 38.79541778564453], [0.182916998863277, 38.79513931274414], [0.182639002800101, 38.79513931274414], [0.182639002800101, 38.79484939575207], [0.182639002800101, 38.79319381713867], [0.182361006736755, 38.79319381713867], [0.182361006736755, 38.79152679443371], [0.182639002800101, 38.79152679443371], [0.182639002800101, 38.790973663330135], [0.182916998863277, 38.790973663330135], [0.182916998863277, 38.790695190429744], [0.183316007256508, 38.790695190429744], [0.183473005890846, 38.790695190429744], [0.183473005890846, 38.78973770141596], [0.183473005890846, 38.788471221923885], [0.183678001165504, 38.788471221923885], [0.183716997504291, 38.78802871704101], [0.183751001954192, 38.787639617919865], [0.184027001261711, 38.787639617919865], [0.184027001261711, 38.78632736206055], [0.184027001261711, 38.785415649414176], [0.184176996350402, 38.785415649414176], [0.184304997325, 38.785415649414176], [0.184304997325, 38.78519821166992], [0.185139000415802, 38.785137176513786], [0.185139000415802, 38.78458404541021], [0.185416996479091, 38.78458404541021], [0.185416996479091, 38.78374862670904], [0.185695007443428, 38.78374862670904], [0.185695007443428, 38.78347396850586], [0.185973003506717, 38.78347396850586], [0.185973003506717, 38.78319549560547], [0.186249002814407, 38.78319549560547], [0.186249002814407, 38.78291702270508], [0.186526998877525, 38.78291702270508], [0.186526998877525, 38.7823600769043], [0.186804994940871, 38.7823600769043], [0.186804994940871, 38.78192138671881], [0.186804994940871, 38.781806945800895], [0.187083005905151, 38.781806945800895], [0.187083005905151, 38.781528472900334], [0.187361001968497, 38.781528472900334], [0.187361001968497, 38.78125], [0.187916994094962, 38.78125], [0.187916994094962, 38.7809715270996], [0.188195005059242, 38.7809715270996], [0.188195005059242, 38.78069305419922], [0.188471004366932, 38.78069305419922], [0.188471004366932, 38.78041839599615], [0.189026996493396, 38.78041839599615], [0.189026996493396, 38.78013992309582], [0.189304992556572, 38.78013992309582], [0.189304992556572, 38.779582977295036], [0.189583003521022, 38.779582977295036], [0.189583003521022, 38.779304504394645], [0.189860999584198, 38.779304504394645], [0.189860999584198, 38.77847290039068], [0.19013999402523, 38.77847290039068], [0.19013999402523, 38.77791595458989], [0.190418004989681, 38.77791595458989], [0.190418004989681, 38.77763748168951], [0.190693005919456, 38.77763748168951], [0.190693005919456, 38.77736282348633], [0.190971001982803, 38.77736282348633], [0.190971001982803, 38.77680587768555], [0.191248998045921, 38.77680587768555], [0.191248998045921, 38.77624893188476], [0.191528007388172, 38.77624893188476], [0.191528007388172, 38.775970458984375], [0.191806003451461, 38.775970458984375], [0.191806003451461, 38.775695800781364], [0.192083999514637, 38.775695800781364], [0.192083999514637, 38.77430725097662], [0.191248998045921, 38.77430725097662], [0.191248998045921, 38.77458190917969], [0.190681993961391, 38.77458190917969], [0.189860999584198, 38.77458190917969], [0.189860999584198, 38.77430725097662], [0.189583003521022, 38.77430725097662], [0.189583003521022, 38.77402877807623], [0.189304992556572, 38.77402877807623], [0.189304992556572, 38.773193359375114], [0.189583003521022, 38.773193359375114], [0.189583003521022, 38.77291488647472], [0.189860999584198, 38.77291488647472], [0.189860999584198, 38.77264022827154], [0.190693005919456, 38.77264022827154], [0.190693005919456, 38.77236175537115], [0.190971001982803, 38.77236175537115], [0.190971001982803, 38.77180480957036], [0.191528007388172, 38.77180480957036], [0.191528007388172, 38.77152633666998], [0.192361995577926, 38.77152633666998], [0.192361995577926, 38.771667480468864], [0.192361995577926, 38.77180480957036], [0.192640006542263, 38.77180480957036], [0.192640006542263, 38.77208328247076], [0.192918002605552, 38.77208328247076], [0.192918002605552, 38.77225112915039], [0.192918002605552, 38.77264022827154], [0.193194001913071, 38.77264022827154], [0.193194001913071, 38.773193359375114], [0.19347199797636, 38.773193359375114], [0.19347199797636, 38.7734718322755], [0.193749994039536, 38.7734718322755], [0.193749994039536, 38.773750305175895], [0.194028005003986, 38.773750305175895], [0.194028005003986, 38.77458190917969], [0.194306001067162, 38.77458190917969], [0.194306001067162, 38.77402877807623], [0.194583997130451, 38.77402877807623], [0.194583997130451, 38.7734718322755], [0.194861993193626, 38.7734718322755], [0.194861993193626, 38.77291488647472], [0.19513800740242, 38.77291488647472], [0.19513800740242, 38.77264022827154], [0.195416003465766, 38.77264022827154], [0.195416003465766, 38.77208328247076], [0.195693999528942, 38.77208328247076], [0.195693999528942, 38.77180480957036], [0.196528002619857, 38.77180480957036], [0.196528002619857, 38.77152633666998], [0.196805998683033, 38.77152633666998], [0.196805998683033, 38.7712516784668], [0.197362005710602, 38.7712516784668], [0.197362005710602, 38.770694732666016], [0.197638005018291, 38.770694732666016], [0.197638005018291, 38.770416259765625], [0.198193997144756, 38.770416259765625], [0.198193997144756, 38.77013778686523], [0.199028000235558, 38.77013778686523], [0.199028000235558, 38.769859313964844], [0.199584007263184, 38.769859313964844], [0.199584007263184, 38.76958465576183], [0.200138002634162, 38.76958465576183], [0.200138002634162, 38.76930618286144], [0.200415998697281, 38.76930618286144], [0.200415998697281, 38.769027709961044], [0.200693994760627, 38.769027709961044], [0.200693994760627, 38.76847076416009], [0.200972005724907, 38.76847076416009], [0.200972005724907, 38.76819610595709], [0.201250001788253, 38.76819610595709], [0.201250001788253, 38.7679176330567], [0.201527997851372, 38.7679176330567], [0.201527997851372, 38.76763916015631], [0.201805993914718, 38.76763916015631], [0.201805993914718, 38.767360687255966], [0.202081993222237, 38.767360687255966], [0.202081993222237, 38.76708221435558], [0.202360004186687, 38.76708221435558], [0.202360004186687, 38.76680374145519], [0.202638000249863, 38.76680374145519], [0.202638000249863, 38.76652908325195], [0.202915996313152, 38.76652908325195], [0.202915996313152, 38.76625061035162], [0.203194007277432, 38.76625061035162], [0.203194007277432, 38.76597213745123], [0.203472003340778, 38.76597213745123], [0.203472003340778, 38.76574707031261], [0.203750997781867, 38.76569366455083], [0.203750997781867, 38.76554489135742], [0.203750997781867, 38.76541519165045], [0.203924000263328, 38.76541519165045], [0.204028993844986, 38.76541519165045], [0.204028993844986, 38.765140533447266], [0.204294994473457, 38.765140533447266], [0.204582005739212, 38.765140533447266], [0.204582005739212, 38.764862060546875], [0.204860001802558, 38.764862060546875], [0.204860001802558, 38.76472091674816], [0.204860001802558, 38.764305114746094], [0.205138996243591, 38.764305114746094], [0.205138996243591, 38.764026641845696], [0.205695003271217, 38.764026641845696], [0.205695003271217, 38.76374816894531], [0.206175997853336, 38.76374816894531], [0.206250995397681, 38.76374816894531], [0.206250995397681, 38.7634735107423], [0.206529006362018, 38.7634735107423], [0.206529006362018, 38.76319503784191], [0.206805005669651, 38.76319503784191], [0.206805005669651, 38.76291656494152], [0.207083001732826, 38.76291656494152], [0.207083001732826, 38.76263809204112], [0.207360997796115, 38.76263809204112], [0.207360997796115, 38.76235961914056], [0.207917004823742, 38.76235961914056], [0.207917004823742, 38.76208496093756], [0.208419993519783, 38.76208496093756], [0.208472996950206, 38.761806488037166], [0.208796992897987, 38.761806488037166], [0.209027007222176, 38.761806488037166], [0.209027007222176, 38.761634826660156], [0.209027007222176, 38.761528015136776], [0.209172993898449, 38.761528015136776], [0.209305003285522, 38.761528015136776], [0.209305003285522, 38.761249542236385], [0.20954899489891, 38.761249542236385], [0.209860995411987, 38.761249542236385], [0.209860995411987, 38.76097106933605], [0.210139006376266, 38.76097106933605], [0.210139006376266, 38.760814666748104], [0.210139006376266, 38.76069259643566], [0.210302993655318, 38.76069259643566], [0.211248993873596, 38.76069259643566], [0.211248993873596, 38.76097106933605], [0.211527004838047, 38.76097106933605], [0.211527004838047, 38.761249542236385], [0.212639003992138, 38.761249542236385], [0.212639003992138, 38.761528015136776], [0.213194996118602, 38.761528015136776], [0.213194996118602, 38.761806488037166], [0.213470995426292, 38.761806488037166], [0.213470995426292, 38.76208496093756], [0.215416997671127, 38.76208496093756], [0.215416997671127, 38.76235961914056], [0.216527000069618, 38.76235961914056], [0.216527000069618, 38.76208496093756], [0.216804996132907, 38.76208496093756], [0.216804996132907, 38.761806488037166], [0.217083007097187, 38.761806488037166], [0.217083007097187, 38.761528015136776], [0.218192994594688, 38.761528015136776], [0.218192994594688, 38.761249542236385], [0.21875, 38.761249542236385], [0.21875, 38.76097106933605], [0.219027996063346, 38.76097106933605], [0.219027996063346, 38.76069259643566], [0.219971001148224, 38.76069259643566], [0.220415994524956, 38.76069259643566], [0.220415994524956, 38.76097106933605], [0.220694005489406, 38.76097106933605], [0.220694005489406, 38.761528015136776], [0.220418006181774, 38.761528015136776], [0.220418006181774, 38.76178359985357], [0.220415994524956, 38.76208496093756], [0.220139995217437, 38.76208496093756], [0.220139995217437, 38.76291656494152], [0.220415994524956, 38.76291656494152], [0.220415994524956, 38.76319503784191], [0.220139995217437, 38.76319503784191], [0.220139995217437, 38.7634735107423], [0.220415994524956, 38.7634735107423], [0.220415994524956, 38.764026641845696], [0.221527993679047, 38.764026641845696], [0.221527993679047, 38.76374816894531], [0.22194899618637, 38.76374816894531], [0.222361996769962, 38.76374816894531], [0.222361996769962, 38.764026641845696], [0.223749995231742, 38.764026641845696], [0.223749995231742, 38.764305114746094], [0.224379003048057, 38.764305114746094], [0.225416004657802, 38.764305114746094], [0.225416004657802, 38.764026641845696], [0.225694000720978, 38.764026641845696], [0.225694000720978, 38.76374816894531], [0.225137993693352, 38.76374816894531], [0.225137993693352, 38.7634735107423], [0.224861994385833, 38.7634735107423], [0.224861994385833, 38.76319503784191], [0.224583998322544, 38.76319503784191], [0.224583998322544, 38.76291656494152], [0.224306002259368, 38.76291656494152], [0.224306002259368, 38.76263809204112], [0.224028006196022, 38.76263809204112], [0.224028006196022, 38.76235961914056], [0.223749995231742, 38.76235961914056], [0.223749995231742, 38.76208496093756], [0.223636001348609, 38.76208496093756], [0.223471999168453, 38.76208496093756], [0.223471999168453, 38.761806488037166], [0.223749995231742, 38.761806488037166], [0.223749995231742, 38.761528015136776], [0.225137993693352, 38.761528015136776], [0.225137993693352, 38.76069259643566], [0.224028006196022, 38.76069259643566], [0.224028006196022, 38.76041793823242], [0.223749995231742, 38.76041793823242], [0.223749995231742, 38.76013946533203], [0.223471999168453, 38.76013946533203], [0.223471999168453, 38.7598609924317], [0.223194003105277, 38.7598609924317], [0.223194003105277, 38.759304046630916], [0.222639992833138, 38.759304046630916], [0.222639992833138, 38.75916671752941], [0.222639992833138, 38.75902938842768], [0.222361996769962, 38.75902938842768], [0.222361996769962, 38.75847244262695], [0.222084000706673, 38.75847244262695], [0.222084000706673, 38.757915496826165], [0.221806004643497, 38.757915496826165], [0.221806004643497, 38.757637023925774], [0.222084000706673, 38.757637023925774], [0.222084000706673, 38.75736236572277], [0.222361996769962, 38.75736236572277], [0.222361996769962, 38.75708389282238], [0.222639992833138, 38.75708389282238], [0.222639992833138, 38.75680541992199], [0.222916007041931, 38.75680541992199], [0.222916007041931, 38.75652694702159], [0.223561003804264, 38.75652694702159], [0.224028006196022, 38.75652694702159], [0.224028006196022, 38.75624847412121], [0.223870992660522, 38.75624847412121], [0.223749995231742, 38.75624847412121], [0.223749995231742, 38.755973815918026], [0.224028006196022, 38.755973815918026], [0.224028006196022, 38.755695343017635], [0.22448800504219, 38.755695343017635], [0.224861994385833, 38.755695343017635], [0.224861994385833, 38.755416870117244], [0.225971996784267, 38.755416870117244], [0.225971996784267, 38.755138397216854], [0.226249992847443, 38.755138397216854], [0.226249992847443, 38.75458145141613], [0.226528003811893, 38.75458145141613], [0.226528003811893, 38.75430679321289], [0.227083995938358, 38.75430679321289], [0.227083995938358, 38.75374984741211], [0.225416004657802, 38.75374984741211], [0.225416004657802, 38.753471374511776], [0.225137993693352, 38.753471374511776], [0.225137993693352, 38.752918243408146], [0.224583998322544, 38.752918243408146], [0.224583998322544, 38.752639770507756], [0.224306002259368, 38.752639770507756], [0.224306002259368, 38.75100326538097], [0.224306002259368, 38.75069427490246], [0.224583998322544, 38.75069427490246], [0.224583998322544, 38.74979400634765], [0.224583998322544, 38.74930572509771], [0.22469599545002, 38.74930572509771], [0.224861994385833, 38.74930572509771], [0.224861994385833, 38.74902725219732], [0.225694000720978, 38.74902725219732], [0.225694000720978, 38.748748779296925], [0.226528003811893, 38.748748779296925], [0.226528003811893, 38.74847412109375], [0.226249992847443, 38.74847412109375], [0.226249992847443, 38.74791717529297], [0.226528003811893, 38.74791717529297], [0.226528003811893, 38.74736022949219], [0.226805999875069, 38.74736022949219], [0.226805999875069, 38.74708175659185], [0.226528003811893, 38.74708175659185], [0.226528003811893, 38.746807098388786], [0.226805999875069, 38.746807098388786], [0.226805999875069, 38.746528625488224], [0.227638006210327, 38.746528625488224], [0.227638006210327, 38.746250152587834], [0.228193998336792, 38.746250152587834], [0.228193998336792, 38.7459716796875], [0.228750005364418, 38.7459716796875], [0.228750005364418, 38.74569320678711], [0.229585006833133, 38.74569320678711], [0.229585006833133, 38.7459716796875], [0.229859992861748, 38.7459716796875], [0.229859992861748, 38.746250152587834], [0.233473002910728, 38.746250152587834], [0.233473002910728, 38.74569320678711], [0.233750998973903, 38.74569320678711], [0.233750998973903, 38.74541854858404], [0.233195006847438, 38.74541854858404], [0.233195006847438, 38.74514007568371], [0.232916995883102, 38.74514007568371], [0.232916995883102, 38.74430465698253], [0.232638999819812, 38.74430465698253], [0.232638999819812, 38.74402618408214], [0.232916995883102, 38.74402618408214], [0.232916995883102, 38.74319458007818], [0.232638999819812, 38.74319458007818], [0.232638999819812, 38.74152755737305], [0.232361003756637, 38.74152755737305], [0.232361003756637, 38.740970611572266], [0.232081994414443, 38.740970611572266], [0.232081994414443, 38.740695953369254], [0.232361003756637, 38.740695953369254], [0.232361003756637, 38.740417480468864], [0.232916995883102, 38.740417480468864], [0.232916995883102, 38.740695953369254], [0.234304994344711, 38.740695953369254], [0.234304994344711, 38.740970611572266], [0.234583005309162, 38.740970611572266], [0.234583005309162, 38.740695953369254], [0.234861001372337, 38.740695953369254], [0.234861001372337, 38.740417480468864], [0.234583005309162, 38.740417480468864], [0.234583005309162, 38.73958206176758], [0.234861001372337, 38.73958206176758], [0.234861001372337, 38.73930740356451], [0.233750998973903, 38.73930740356451], [0.233750998973903, 38.738471984863395], [0.234304994344711, 38.738471984863395], [0.234304994344711, 38.73791503906261], [0.234861001372337, 38.73791503906261], [0.234861001372337, 38.73708343505865], [0.234583005309162, 38.73708343505865], [0.234583005309162, 38.73652648925787], [0.232916995883102, 38.73652648925787], [0.232916995883102, 38.73625183105469], [0.232638999819812, 38.73625183105469], [0.232638999819812, 38.735137939453125], [0.232361003756637, 38.735137939453125], [0.232361003756637, 38.73458480834972], [0.232081994414443, 38.73458480834972], [0.232081994414443, 38.73374938964838], [0.231803998351097, 38.73374938964838], [0.231803998351097, 38.73291778564459], [0.232081994414443, 38.73291778564459], [0.232081994414443, 38.732360839843864], [0.231528997421378, 38.732360839843864], [0.231528997421378, 38.73208236694347], [0.231376007199287, 38.73208236694347], [0.231251001358032, 38.73208236694347], [0.231245994567871, 38.732360839843864], [0.230973005294857, 38.732360839843864], [0.230973005294857, 38.7326393127442], [0.229305997490883, 38.7326393127442], [0.229305997490883, 38.732360839843864], [0.228981003165245, 38.732360839843864], [0.228750005364418, 38.732360839843864], [0.228750005364418, 38.7326393127442], [0.228193998336792, 38.7326393127442], [0.228193998336792, 38.73291778564459], [0.227916002273673, 38.73291778564459], [0.227916002273673, 38.732711791992244], [0.227916002273673, 38.7326393127442], [0.227083995938358, 38.7326393127442], [0.227083995938358, 38.73291778564459], [0.226805999875069, 38.73291778564459], [0.226805999875069, 38.733081817626896], [0.226805999875069, 38.73319625854498], [0.226528003811893, 38.73319625854498], [0.226528003811893, 38.73291778564459], [0.226249992847443, 38.73291778564459], [0.226249992847443, 38.7326393127442], [0.225971996784267, 38.7326393127442], [0.225971996784267, 38.732360839843864], [0.225137993693352, 38.732360839843864], [0.225137993693352, 38.73208236694347], [0.224861994385833, 38.73208236694347], [0.224861994385833, 38.731529235839844], [0.224306002259368, 38.731529235839844], [0.224306002259368, 38.731803894043075], [0.223749995231742, 38.731803894043075], [0.223749995231742, 38.731269836425724], [0.223749995231742, 38.73097229003912], [0.223194003105277, 38.73097229003912], [0.223194003105277, 38.73069381713873], [0.222916007041931, 38.73069381713873], [0.222916007041931, 38.73041534423834], [0.222361996769962, 38.73041534423834], [0.222361996769962, 38.73069381713873], [0.220972001552582, 38.73069381713873], [0.220972001552582, 38.73041534423834], [0.219861999154148, 38.73041534423834], [0.219861999154148, 38.73052978515625], [0.219861999154148, 38.73069381713873], [0.219584003090972, 38.73069381713873], [0.219584003090972, 38.73097229003912], [0.21875, 38.73097229003912], [0.21875, 38.73041534423834], [0.218192994594688, 38.73041534423834], [0.218192994594688, 38.72977828979498], [0.218192994594688, 38.729583740234375], [0.217917993664741, 38.729583740234375], [0.217917993664741, 38.729305267333984], [0.217083007097187, 38.729305267333984], [0.217083007097187, 38.72847366333019], [0.217362001538277, 38.72847366333019], [0.217362001538277, 38.72791671752941], [0.217639997601623, 38.72791671752941], [0.217639997601623, 38.72763824462902], [0.217917993664741, 38.72763824462902], [0.217917993664741, 38.72735977172846], [0.218471005558968, 38.72735977172846], [0.218471005558968, 38.72680664062506], [0.219027996063346, 38.72680664062506], [0.219027996063346, 38.726249694824276], [0.21875, 38.726249694824276], [0.21875, 38.72597122192394], [0.218471005558968, 38.72597122192394], [0.218471005558968, 38.726249694824276], [0.215694993734473, 38.726249694824276], [0.215694993734473, 38.726528167724666], [0.215416997671127, 38.726528167724666], [0.215416997671127, 38.72680664062506], [0.215139001608009, 38.72680664062506], [0.215139001608009, 38.72708511352545], [0.214861005544662, 38.72708511352545], [0.214861005544662, 38.72735977172846], [0.214304998517036, 38.72735977172846], [0.214304998517036, 38.72763824462902], [0.214027002453918, 38.72763824462902], [0.214027002453918, 38.7281951904298], [0.213749006390572, 38.7281951904298], [0.213749006390572, 38.729583740234375], [0.213470995426292, 38.729583740234375], [0.213473007082939, 38.730140686035156], [0.213194996118602, 38.730140686035156], [0.213194996118602, 38.731529235839844], [0.212917000055313, 38.731529235839844], [0.212917000055313, 38.732360839843864], [0.212599992752018, 38.732360839843864], [0.211805000901222, 38.732360839843864], [0.211805000901222, 38.731529235839844], [0.210417002439613, 38.731529235839844], [0.210417002439613, 38.731803894043075], [0.209860995411987, 38.731803894043075], [0.209860995411987, 38.73208236694347], [0.207360997796115, 38.73208236694347], [0.207360997796115, 38.732360839843864], [0.206250995397681, 38.732360839843864], [0.206250995397681, 38.732192993164176], [0.206250995397681, 38.73208236694347], [0.205417007207927, 38.73208236694347], [0.205417007207927, 38.731803894043075], [0.204860001802558, 38.731803894043075], [0.204860001802558, 38.73146820068354], [0.204860001802558, 38.73097229003912], [0.204307004809436, 38.73097229003912], [0.204307004809436, 38.73125076293951], [0.202915996313152, 38.73125076293951], [0.202915996313152, 38.731529235839844], [0.202638000249863, 38.731529235839844], [0.202638000249863, 38.731803894043075], [0.202360004186687, 38.731803894043075], [0.202360004186687, 38.731529235839844], [0.202081993222237, 38.731529235839844], [0.202081993222237, 38.73114776611328], [0.202081993222237, 38.73097229003912], [0.201527997851372, 38.73097229003912], [0.201527997851372, 38.73041534423834], [0.200972005724907, 38.73041534423834], [0.200972005724907, 38.730140686035156], [0.200693994760627, 38.730140686035156], [0.200693994760627, 38.729862213134766], [0.199860006570816, 38.729862213134766], [0.199860006570816, 38.729583740234375], [0.199584007263184, 38.729583740234375], [0.199584007263184, 38.729026794433594], [0.199305996298847, 38.729026794433594], [0.199305996298847, 38.7287483215332], [0.197362005710602, 38.7287483215332], [0.197362005710602, 38.7281951904298], [0.197638005018291, 38.7281951904298], [0.197638005018291, 38.72791671752941], [0.198193997144756, 38.72791671752941], [0.198193997144756, 38.72735977172846], [0.198471993207932, 38.72735977172846], [0.198471993207932, 38.72680664062506], [0.198750004172382, 38.72680664062506], [0.198750004172382, 38.726528167724666], [0.199028000235558, 38.726528167724666], [0.199028000235558, 38.726249694824276], [0.199305996298847, 38.726249694824276], [0.199305996298847, 38.72597122192394], [0.199584007263184, 38.72597122192394], [0.199584007263184, 38.725692749023544], [0.199860006570816, 38.725692749023544], [0.199860006570816, 38.72541809082031], [0.199584007263184, 38.72541809082031], [0.199584007263184, 38.72513961791992], [0.199028000235558, 38.72513961791992], [0.199028000235558, 38.72500991821295], [0.199028000235558, 38.72486114501959], [0.197735995054302, 38.72486114501959], [0.197362005710602, 38.72486114501959], [0.197362005710602, 38.725692749023544], [0.197083994746322, 38.725692749023544], [0.197083994746322, 38.72541809082031], [0.196805998683033, 38.72541809082031], [0.196805998683033, 38.72513961791992], [0.196250006556511, 38.72513961791992], [0.196250006556511, 38.72499084472656], [0.196250006556511, 38.72486114501959], [0.195693999528942, 38.72486114501959], [0.195693999528942, 38.72465515136719], [0.195693999528942, 38.7245826721192], [0.194958001375312, 38.7245826721192], [0.194306001067162, 38.7245826721192], [0.194306001067162, 38.72486114501959], [0.194028005003986, 38.72486114501959], [0.194028005003986, 38.7245826721192], [0.193194001913071, 38.7245826721192], [0.193194001913071, 38.72440719604498], [0.193194001913071, 38.72430419921881], [0.192918002605552, 38.72430419921881], [0.192918002605552, 38.7245826721192], [0.192083999514637, 38.7245826721192], [0.192083999514637, 38.72430419921881], [0.191806003451461, 38.72430419921881], [0.191806003451461, 38.72402954101557], [0.191528007388172, 38.72402954101557], [0.191528007388172, 38.723751068115234], [0.189860999584198, 38.723751068115234], [0.189860999584198, 38.723472595214844], [0.189304992556572, 38.723472595214844], [0.189304992556572, 38.72319412231445], [0.188749000430107, 38.72319412231445], [0.188749000430107, 38.72291564941406], [0.188195005059242, 38.72291564941406], [0.188195005059242, 38.72263717651367], [0.187638998031616, 38.72263717651367], [0.187638998031616, 38.72208404541027], [0.187083005905151, 38.72208404541027], [0.187083005905151, 38.72180557250988], [0.186804994940871, 38.72180557250988], [0.186804994940871, 38.72208404541027], [0.186249002814407, 38.72208404541027], [0.186249002814407, 38.72152709960949], [0.185973003506717, 38.72152709960949], [0.185973003506717, 38.72136306762701], [0.185973003506717, 38.7212486267091], [0.185820996761379, 38.7212486267091], [0.185695007443428, 38.7212486267091], [0.185695007443428, 38.720695495605526], [0.185416996479091, 38.720695495605526], [0.185416996479091, 38.720417022705135], [0.185139000415802, 38.720417022705135], [0.185139000415802, 38.720138549804744], [0.184304997325, 38.720138549804744], [0.184304997325, 38.720256805420036], [0.184304997325, 38.720695495605526], [0.184027001261711, 38.720695495605526], [0.184027001261711, 38.720973968505916], [0.183473005890846, 38.720973968505916], [0.183473005890846, 38.7212486267091], [0.182639002800101, 38.7212486267091], [0.182639002800101, 38.720973968505916], [0.182916998863277, 38.720973968505916], [0.182916998863277, 38.72074127197277], [0.182361006736755, 38.720695495605526], [0.182361006736755, 38.719860076904354], [0.182082995772475, 38.719860076904354], [0.182082995772475, 38.71958160400402], [0.181804999709186, 38.71958160400402], [0.181804999709186, 38.71930694580078], [0.181527003646011, 38.71930694580078], [0.181527003646011, 38.718471527099666], [0.181251004338321, 38.718471527099666], [0.181251004338321, 38.71708297729492], [0.180694997310695, 38.71708297729492], [0.180694997310695, 38.71680450439453], [0.180417001247406, 38.71680450439453], [0.180417001247406, 38.71625137329113], [0.180095002055282, 38.71625137329113], [0.179392993450278, 38.71683883667003], [0.161327004432792, 38.73111343383795], [0.155533000826836, 38.73930358886718], [0.132614001631794, 38.74362182617199], [0.122943997383061, 38.742675781250114], [0.118050001561699, 38.74072265625006]]], [[[0.231803998351097, 38.75736236572277], [0.231803998351097, 38.75624847412121], [0.232081994414443, 38.75624847412121], [0.232081994414443, 38.755973815918026], [0.231803998351097, 38.755973815918026], [0.231803998351097, 38.75374984741211], [0.231528997421378, 38.75374984741211], [0.231528997421378, 38.753471374511776], [0.231251001358032, 38.753471374511776], [0.231251001358032, 38.75319290161138], [0.228193998336792, 38.75319290161138], [0.228193998336792, 38.7540283203125], [0.227916002273673, 38.7540283203125], [0.227916002273673, 38.755416870117244], [0.228193998336792, 38.755416870117244], [0.228193998336792, 38.75624847412121], [0.228471994400138, 38.75624847412121], [0.228471994400138, 38.75680541992199], [0.228750005364418, 38.75680541992199], [0.228750005364418, 38.75708389282238], [0.231251001358032, 38.75708389282238], [0.231251001358032, 38.75736236572277], [0.231803998351097, 38.75736236572277]]]]}}, {"type": "Feature", "properties": {"cpro": "03", "name_3": "Baix Segura", "provincia": "Alicante", "communidad_autonoma": "Comunidad Valenciana", "cmun": "034", "codigo_postal": "03034", "engtype_4": "Municipality", "geo_point_2d": [38.07494629519915, -0.740670173411047], "dc": "5", "id_2": 35, "id_3": 251, "id_0": 215, "id_1": 10, "iso": "ESP", "id_4": 6376, "type_4": "Municipality", "pais": "Spain", "ccn_4": 0, "municipio": "Benijófar", "codine": "03034", "nombre": "Benijófar", "pop": 3322, "CodMunicipio": 3034}, "geometry": {"type": "Polygon", "coordinates": [[[-0.753044009208679, 38.08343505859381], [-0.7496439814567, 38.08202743530279], [-0.748326003551483, 38.08369827270508], [-0.744771003723088, 38.0829315185548], [-0.738734006881657, 38.08609771728521], [-0.736864984035492, 38.084243774414176], [-0.735071003436985, 38.08618927001964], [-0.726668000221252, 38.073368072509766], [-0.728177011013031, 38.066547393798885], [-0.742416977882385, 38.063812255859425], [-0.745235979557037, 38.064453125000114], [-0.757493019104004, 38.08148574829113], [-0.756891012191772, 38.082878112793026], [-0.753044009208679, 38.08343505859381]]]}}, {"type": "Feature", "properties": {"cpro": "03", "name_3": "Marina Baixa", "provincia": "Alicante", "communidad_autonoma": "Comunidad Valenciana", "cmun": "112", "codigo_postal": "03112", "engtype_4": "Municipality", "geo_point_2d": [38.57135170048549, -0.339472438926034], "dc": "7", "id_2": 35, "id_3": 254, "id_0": 215, "id_1": 10, "iso": "ESP", "id_4": 6469, "type_4": "Municipality", "pais": "Spain", "ccn_4": 0, "municipio": "Relleu", "codine": "03112", "nombre": "Relleu", "pop": 1160, "CodMunicipio": 3112}, "geometry": {"type": "Polygon", "coordinates": [[[-0.394488006830159, 38.532745361328125], [-0.39978700876236, 38.540718078613395], [-0.394715994596424, 38.55276870727545], [-0.395916998386383, 38.55416488647472], [-0.393853008747101, 38.55924606323248], [-0.396970003843251, 38.5628395080567], [-0.402987003326359, 38.56494522094732], [-0.408789992332458, 38.5737037658692], [-0.399224013090134, 38.5792121887207], [-0.39112401008606, 38.58707046508795], [-0.375988990068379, 38.59101104736334], [-0.377974003553334, 38.59703063964844], [-0.36531999707222, 38.60084533691406], [-0.363599002361298, 38.60486984252941], [-0.358153998851776, 38.6055908203125], [-0.349514007568359, 38.612262725830135], [-0.344031006097737, 38.61775970458996], [-0.332984000444412, 38.621761322021484], [-0.328507006168365, 38.61855316162104], [-0.323783010244369, 38.61904525756836], [-0.315840005874634, 38.611522674560604], [-0.310833007097187, 38.603206634521484], [-0.30527800321579, 38.60467529296875], [-0.298891991376877, 38.60442733764654], [-0.296157002449036, 38.60297775268566], [-0.292986989021244, 38.5965805053712], [-0.295269012451115, 38.59578323364258], [-0.292391985654774, 38.592231750488224], [-0.286707997321969, 38.58954238891607], [-0.278005987405777, 38.58985137939459], [-0.275676995515823, 38.587150573730526], [-0.270990997552758, 38.58538436889654], [-0.271331012248993, 38.580028533935604], [-0.268444985151291, 38.578628540039176], [-0.269975006580353, 38.57461929321289], [-0.272691011428833, 38.57165527343749], [-0.27963799238205, 38.56943893432611], [-0.281049013137761, 38.56676864624018], [-0.284592986106816, 38.564949035644474], [-0.286217987537384, 38.550140380859375], [-0.298218011856079, 38.54401016235363], [-0.297720998525563, 38.54199218750006], [-0.301934987306595, 38.54093551635748], [-0.308108985423985, 38.54278945922851], [-0.323983013629913, 38.538196563720696], [-0.329784005880299, 38.53209686279308], [-0.337316006421986, 38.52750778198242], [-0.342409998178482, 38.527805328369254], [-0.340303987264633, 38.524559020996094], [-0.345115005970001, 38.528137207031186], [-0.355563014745655, 38.52911376953125], [-0.361905992031041, 38.53696823120128], [-0.366685003042221, 38.538013458251946], [-0.37235298752779, 38.53581619262707], [-0.377837002277317, 38.53643417358393], [-0.380921006202698, 38.536773681640625], [-0.380679011344853, 38.53519058227545], [-0.38931900262827, 38.53645706176758], [-0.394488006830159, 38.532745361328125]]]}}, {"type": "Feature", "properties": {"cpro": "03", "name_3": "Alt Vinalopo", "provincia": "Alicante", "communidad_autonoma": "Comunidad Valenciana", "cmun": "116", "codigo_postal": "03116", "engtype_4": "Municipality", "geo_point_2d": [38.50786969153788, -0.9104187683864531], "dc": "4", "id_2": 35, "id_3": 250, "id_0": 215, "id_1": 10, "iso": "ESP", "id_4": 6368, "type_4": "Municipality", "pais": "Spain", "ccn_4": 0, "municipio": "Salinas", "codine": "03116", "nombre": "Salinas", "pop": 1601, "CodMunicipio": 3116}, "geometry": {"type": "Polygon", "coordinates": [[[-0.85571300983429, 38.513061523437614], [-0.849346995353642, 38.50964736938482], [-0.874219000339451, 38.47533798217779], [-0.897055983543396, 38.47167205810558], [-0.9149129986763, 38.4748649597168], [-0.932191014289799, 38.48189163208002], [-0.948108971118927, 38.4788932800293], [-0.952332019805908, 38.48396682739269], [-0.958324015140477, 38.486515045166016], [-0.985625982284546, 38.50574874877929], [-0.979817986488342, 38.510414123535156], [-0.967891991138458, 38.515686035156364], [-0.95948600769043, 38.51728820800781], [-0.950273990631103, 38.52261734008794], [-0.947704970836526, 38.525814056396484], [-0.924172997474613, 38.53722763061523], [-0.905969977378845, 38.548961639404354], [-0.896907985210419, 38.551681518554744], [-0.88851797580719, 38.545024871826115], [-0.872422993183136, 38.53720855712896], [-0.866137027740479, 38.53871536254894], [-0.867411017417851, 38.529315948486385], [-0.85571300983429, 38.513061523437614]]]}}, {"type": "Feature", "properties": {"cpro": "03", "name_3": "Alcoia", "provincia": "Alicante", "communidad_autonoma": "Comunidad Valenciana", "cmun": "096", "codigo_postal": "03096", "engtype_4": "Municipality", "geo_point_2d": [38.633291803744946, -0.661069307835732], "dc": "8", "id_2": 35, "id_3": 249, "id_0": 215, "id_1": 10, "iso": "ESP", "id_4": 6361, "type_4": "Municipality", "pais": "Spain", "ccn_4": 0, "municipio": "Onil", "codine": "03096", "nombre": "Onil", "pop": 7507, "CodMunicipio": 3096}, "geometry": {"type": "Polygon", "coordinates": [[[-0.618614017963409, 38.611331939697315], [-0.633437991142159, 38.60755157470703], [-0.675763010978699, 38.60969543457037], [-0.685976028442383, 38.60775375366222], [-0.707777976989746, 38.608589172363395], [-0.732529997825566, 38.5960693359375], [-0.725418984889927, 38.612899780273494], [-0.717842996120453, 38.62511062622082], [-0.712949991226196, 38.63018035888666], [-0.694711983203888, 38.64014053344738], [-0.690065026283207, 38.64891433715832], [-0.678367972373849, 38.658123016357365], [-0.67603200674057, 38.657150268554744], [-0.666355013847351, 38.659740447998104], [-0.658951997756958, 38.66717147827154], [-0.647812008857727, 38.67010879516613], [-0.647700011730137, 38.66685485839844], [-0.645424008369446, 38.66483688354492], [-0.641034007072449, 38.66583633422857], [-0.634356021881047, 38.67000961303711], [-0.634032011032048, 38.663795471191406], [-0.6302490234375, 38.66319274902344], [-0.622911989688873, 38.665813446044915], [-0.613560974597874, 38.65703582763683], [-0.606545984744969, 38.657512664795036], [-0.603161990642548, 38.65219116210943], [-0.610988020896855, 38.648708343505916], [-0.613300979137421, 38.633369445800895], [-0.619587004184666, 38.61664199829107], [-0.618614017963409, 38.611331939697315]]]}}, {"type": "Feature", "properties": {"name_3": "Alacanti", "provincia": "Alicante", "communidad_autonoma": "Comunidad Valenciana", "engtype_4": "Municipality", "geo_point_2d": [38.60492893948834, -0.41125672185668205], "id_2": 35, "id_3": 248, "id_0": 215, "id_1": 10, "iso": "ESP", "id_4": 6355, "type_4": "Municipality", "pais": "Spain", "ccn_4": 0, "municipio": "Torremanzanas", "codine": "03132", "nombre": "Torremanza", "pop": 661, "CodMunicipio": 3132}, "geometry": {"type": "Polygon", "coordinates": [[[-0.349514007568359, 38.612262725830135], [-0.358153998851776, 38.6055908203125], [-0.363599002361298, 38.60486984252941], [-0.36531999707222, 38.60084533691406], [-0.377974003553334, 38.59703063964844], [-0.375988990068379, 38.59101104736334], [-0.39112401008606, 38.58707046508795], [-0.399224013090134, 38.5792121887207], [-0.408789992332458, 38.5737037658692], [-0.414245992898941, 38.57193374633789], [-0.432646006345749, 38.578330993652344], [-0.43914100527752, 38.57836532592785], [-0.445490986108723, 38.58124160766613], [-0.4425989985466, 38.58897018432623], [-0.447396010160446, 38.593502044677734], [-0.444153010845071, 38.601482391357365], [-0.449277013540268, 38.609489440918026], [-0.452928006649017, 38.61175918579113], [-0.45575800538063, 38.609664916992244], [-0.458761990070343, 38.61465454101568], [-0.451878994703236, 38.61930465698248], [-0.449232995510101, 38.62234497070324], [-0.449672996997776, 38.62488555908203], [-0.444763988256398, 38.62594985961914], [-0.437258988618737, 38.627716064453125], [-0.428624987602177, 38.63597869873052], [-0.427255988121033, 38.63417053222667], [-0.420242995023671, 38.63457870483404], [-0.417286992073002, 38.63791656494146], [-0.412238001823368, 38.634235382080185], [-0.407775998115539, 38.63566207885742], [-0.406937003135624, 38.634704589843864], [-0.409626007080021, 38.633068084716854], [-0.406859993934575, 38.63016891479497], [-0.40016999840725, 38.62839889526367], [-0.385922998189812, 38.6161994934082], [-0.363550990819874, 38.617816925048885], [-0.353830993175507, 38.614776611328125], [-0.351561009883881, 38.615325927734375], [-0.349514007568359, 38.612262725830135]]]}}, {"type": "Feature", "properties": {"cpro": "03", "name_3": "Baix Segura", "provincia": "Alicante", "communidad_autonoma": "Comunidad Valenciana", "cmun": "133", "codigo_postal": "03133", "engtype_4": "Municipality", "geo_point_2d": [38.000107271896894, -0.704472185807909], "dc": "9", "id_2": 35, "id_3": 251, "id_0": 215, "id_1": 10, "iso": "ESP", "id_4": 6397, "type_4": "Municipality", "pais": "Spain", "ccn_4": 0, "municipio": "Torrevieja", "codine": "03133", "nombre": "Torrevieja", "pop": 83337, "CodMunicipio": 3133}, "geometry": {"type": "Polygon", "coordinates": [[[-0.757712006568852, 37.973461151123104], [-0.761810004711037, 38.00563049316411], [-0.749924004077798, 38.01037597656256], [-0.74238699674595, 38.017314910888665], [-0.74972099065775, 38.020683288574276], [-0.74201101064682, 38.01774978637701], [-0.738785982131958, 38.020751953125114], [-0.736285984516144, 38.01976776123052], [-0.730852007865792, 38.02425765991222], [-0.717441976070404, 38.03052139282232], [-0.723760008811894, 38.03255462646496], [-0.719263017177525, 38.04092025756836], [-0.712647020816803, 38.04665756225586], [-0.693192005157471, 38.04819488525402], [-0.673676013946533, 38.04630661010742], [-0.666916012763977, 38.034233093261776], [-0.651248991489354, 38.02986907958989], [-0.651248991489354, 38.02930450439459], [-0.6509730219841, 38.02930450439459], [-0.6509730219841, 38.029026031494254], [-0.651251018047333, 38.029026031494254], [-0.651251018047333, 38.028472900390625], [-0.651526987552586, 38.028472900390625], [-0.651526987552586, 38.028194427490234], [-0.651804983615818, 38.028194427490234], [-0.651804983615818, 38.02736282348627], [-0.652082979678994, 38.02736282348627], [-0.652082979678994, 38.026527404785156], [-0.652360975742226, 38.026527404785156], [-0.652360975742226, 38.02541732788097], [-0.65291702747345, 38.02541732788097], [-0.65291702747345, 38.02513885498058], [-0.653195023536682, 38.02513885498058], [-0.653195023536682, 38.02486038208019], [-0.653473019599915, 38.02486038208019], [-0.653473019599915, 38.02402877807623], [-0.653195023536682, 38.02402877807623], [-0.653195023536682, 38.02375030517584], [-0.65291702747345, 38.02375030517584], [-0.65291702747345, 38.02264022827148], [-0.653473019599915, 38.02264022827148], [-0.653473019599915, 38.022361755371094], [-0.653748989105225, 38.022361755371094], [-0.653748989105225, 38.02152633666998], [-0.653470993041992, 38.02152633666998], [-0.653473019599915, 38.0212516784669], [-0.653195023536682, 38.0212516784669], [-0.653195023536682, 38.01847076416027], [-0.653473019599915, 38.01847076416027], [-0.653473019599915, 38.01569366455078], [-0.653195023536682, 38.01569366455078], [-0.653195023536682, 38.01347351074224], [-0.65291702747345, 38.01347351074224], [-0.65291702747345, 38.01235961914074], [-0.652360975742226, 38.01235961914074], [-0.652360975742226, 38.010971069335994], [-0.652638971805572, 38.010971069335994], [-0.652638971805572, 38.00875091552746], [-0.65291702747345, 38.00875091552746], [-0.65291702747345, 38.00847244262707], [-0.652638971805572, 38.00847244262707], [-0.652638971805572, 38.008193969726506], [-0.652360975742226, 38.008193969726506], [-0.652360975742226, 38.007915496826115], [-0.65122598409647, 38.007915496826115], [-0.650138974189758, 38.007915496826115], [-0.650138974189758, 38.007362365722706], [-0.649860978126526, 38.007362365722706], [-0.649860978126526, 38.00708389282232], [-0.649582982063293, 38.00708389282232], [-0.649582982063293, 38.00643920898449], [-0.649582982063293, 38.00624847412121], [-0.649371027946472, 38.00624847412121], [-0.648195028305054, 38.00624847412121], [-0.648195028305054, 38.00597381591797], [-0.647638976573944, 38.00597381591797], [-0.647638976573944, 38.005416870117244], [-0.647360980510712, 38.005416870117244], [-0.647360980510712, 38.005138397216854], [-0.647082984447366, 38.005138397216854], [-0.647082984447366, 38.00419235229498], [-0.647082984447366, 38.00402832031249], [-0.647360980510712, 38.00402832031249], [-0.647360980510712, 38.00103759765631], [-0.647360980510712, 38.000137329101676], [-0.647360980510712, 37.99986267089844], [-0.647360980510712, 37.99958419799805], [-0.647916972637177, 37.99958419799805], [-0.647916972637177, 37.99930572509771], [-0.648195028305054, 37.99930572509771], [-0.648195028305054, 37.99902725219732], [-0.649582982063293, 37.99902725219732], [-0.649582982063293, 37.99874877929693], [-0.650695025920754, 37.99874877929693], [-0.650695025920754, 37.99847412109369], [-0.651251018047333, 37.99847412109369], [-0.651251018047333, 37.99819564819336], [-0.651526987552586, 37.99819564819336], [-0.651526987552586, 37.99791717529296], [-0.651804983615818, 37.99791717529296], [-0.651804983615818, 37.99763870239258], [-0.652082979678994, 37.99763870239258], [-0.652082979678994, 37.99736022949219], [-0.652360975742226, 37.99736022949219], [-0.652360975742226, 37.9970817565918], [-0.652638971805572, 37.9970817565918], [-0.652638971805572, 37.99652862548839], [-0.65291702747345, 37.99652862548839], [-0.65291702747345, 37.99569320678722], [-0.653195023536682, 37.99569320678722], [-0.653195023536682, 37.99514007568365], [-0.653473019599915, 37.99514007568365], [-0.653473019599915, 37.99458312988287], [-0.653748989105225, 37.99458312988287], [-0.653748989105225, 37.99430465698248], [-0.653470993041992, 37.99430465698248], [-0.653473019599915, 37.993473052978516], [-0.653195023536682, 37.993473052978516], [-0.653195023536682, 37.99319458007812], [-0.653748989105225, 37.99319458007812], [-0.653748989105225, 37.992660522460994], [-0.653748989105225, 37.99208450317377], [-0.654026985168457, 37.99208450317377], [-0.654026985168457, 37.99180603027344], [-0.654304981231689, 37.99180603027344], [-0.654304981231689, 37.991249084472656], [-0.654026985168457, 37.991249084472656], [-0.654026985168457, 37.99013900756847], [-0.653748989105225, 37.99013900756847], [-0.653748989105225, 37.98986053466808], [-0.654026985168457, 37.98986053466808], [-0.654026985168457, 37.98875045776372], [-0.654582977294922, 37.98875045776372], [-0.654582977294922, 37.98847198486334], [-0.654860973358154, 37.98847198486334], [-0.654860973358154, 37.98708343505859], [-0.654703974723816, 37.98708343505859], [-0.654582977294922, 37.98708343505859], [-0.654582977294922, 37.98652648925787], [-0.654752016067505, 37.98652648925787], [-0.654860973358154, 37.98652648925787], [-0.654860973358154, 37.98535156249999], [-0.654860973358154, 37.984859466552734], [-0.655695974826756, 37.984859466552734], [-0.655695974826756, 37.98458480834972], [-0.65597099065775, 37.98458480834972], [-0.65597099065775, 37.98374938964855], [-0.655695974826756, 37.98374938964855], [-0.655695974826756, 37.983161926269645], [-0.655695974826756, 37.98291778564459], [-0.65597099065775, 37.98291778564459], [-0.65597099065775, 37.98263931274419], [-0.65736198425293, 37.98263931274419], [-0.65736198425293, 37.9823608398438], [-0.657639980316162, 37.9823608398438], [-0.657639980316162, 37.98291778564459], [-0.658194005489349, 37.98291778564459], [-0.658194005489349, 37.98319625854498], [-0.659305989742279, 37.98319625854498], [-0.659305989742279, 37.98347091674816], [-0.659977972507477, 37.98347091674816], [-0.660139977931919, 37.98347091674816], [-0.660139977931919, 37.983345031738395], [-0.660139977931919, 37.98319625854498], [-0.66033399105072, 37.98319625854498], [-0.660971999168339, 37.98319625854498], [-0.660971999168339, 37.98291778564459], [-0.661249995231572, 37.98291778564459], [-0.661249995231572, 37.982490539550774], [-0.661249995231572, 37.982082366943416], [-0.661527991294804, 37.982082366943416], [-0.661527991294804, 37.981803894043026], [-0.66180598735798, 37.981803894043026], [-0.66180598735798, 37.981529235839844], [-0.662083983421212, 37.981529235839844], [-0.662083983421212, 37.98125076293945], [-0.662361979484558, 37.98125076293945], [-0.662361979484558, 37.98097229003906], [-0.662638008594513, 37.98097229003906], [-0.662638008594513, 37.98041534423828], [-0.662916004657745, 37.98041534423828], [-0.662916004657745, 37.98014068603527], [-0.663194000720978, 37.98014068603527], [-0.663194000720978, 37.97930526733393], [-0.66347199678421, 37.97930526733393], [-0.66347199678421, 37.979026794433594], [-0.663194000720978, 37.979026794433594], [-0.663194000720978, 37.9781951904298], [-0.663749992847443, 37.9781951904298], [-0.663749992847443, 37.9779167175294], [-0.664027988910675, 37.9779167175294], [-0.664027988910675, 37.97763824462902], [-0.664305984973907, 37.97763824462902], [-0.664305984973907, 37.97735977172863], [-0.66458398103714, 37.97735977172863], [-0.66458398103714, 37.97708511352545], [-0.664860010147038, 37.97708511352545], [-0.664860010147038, 37.97680664062506], [-0.66513800621027, 37.97680664062506], [-0.66513800621027, 37.976528167724666], [-0.665416002273503, 37.976528167724666], [-0.665416002273503, 37.97624969482427], [-0.665693998336735, 37.97624969482427], [-0.665693998336735, 37.975971221923885], [-0.665971994399968, 37.975971221923885], [-0.665971994399968, 37.975692749023494], [-0.666527986526432, 37.975692749023494], [-0.666527986526432, 37.97541809082031], [-0.66708397865284, 37.97541809082031], [-0.66708397865284, 37.97513961791992], [-0.667638003826141, 37.97513961791992], [-0.667638003826141, 37.97541809082031], [-0.667915999889374, 37.97541809082031], [-0.667915999889374, 37.97644042968756], [-0.667915999889374, 37.97708511352545], [-0.668193995952606, 37.97708511352545], [-0.668193995952606, 37.97735977172863], [-0.669306993484497, 37.97735977172863], [-0.669306993484497, 37.97708511352545], [-0.670138001441899, 37.97708511352545], [-0.670138001441899, 37.97680664062506], [-0.670417010784092, 37.97680664062506], [-0.670417010784092, 37.976684570312614], [-0.670417010784092, 37.976528167724666], [-0.670787990093231, 37.976528167724666], [-0.670973002910557, 37.976528167724666], [-0.670973002910557, 37.97624969482427], [-0.671528995036965, 37.97624969482427], [-0.671528995036965, 37.975971221923885], [-0.671805024147034, 37.975971221923885], [-0.671805024147034, 37.975692749023494], [-0.672083020210266, 37.975692749023494], [-0.672083020210266, 37.97541809082031], [-0.672639012336731, 37.97541809082031], [-0.672639012336731, 37.97513961791992], [-0.673473000526428, 37.97513961791992], [-0.673473000526428, 37.97486114501953], [-0.674028992652893, 37.97486114501953], [-0.674028992652893, 37.974582672119126], [-0.674861013889256, 37.974582672119126], [-0.674861013889256, 37.97430419921875], [-0.676119029521885, 37.97430419921875], [-0.676250994205418, 37.97430419921875], [-0.676250994205418, 37.97402954101574], [-0.676805019378662, 37.97402954101574], [-0.676805019378662, 37.97375106811535], [-0.677083015441894, 37.97375106811535], [-0.677083015441894, 37.97347259521495], [-0.677361011505127, 37.97347259521495], [-0.677361011505127, 37.973194122314396], [-0.677639007568359, 37.973194122314396], [-0.677639007568359, 37.97263717651367], [-0.677917003631592, 37.97263717651367], [-0.677917003631592, 37.972915649414], [-0.678029000759068, 37.972915649414], [-0.678749024868011, 37.972915649414], [-0.678749024868011, 37.973194122314396], [-0.679027020931244, 37.973194122314396], [-0.679027020931244, 37.97347259521495], [-0.679875016212463, 37.97347259521495], [-0.680139005184117, 37.97347259521495], [-0.680139005184117, 37.97375106811535], [-0.680417001247349, 37.97375106811535], [-0.680417001247349, 37.97402954101574], [-0.680971026420536, 37.97402954101574], [-0.680971026420536, 37.97375106811535], [-0.682083010673523, 37.97375106811535], [-0.682083010673523, 37.97347259521495], [-0.682361006736755, 37.97347259521495], [-0.682361006736755, 37.973194122314396], [-0.684584021568241, 37.973194122314396], [-0.684584021568241, 37.972915649414], [-0.684862017631474, 37.972915649414], [-0.684862017631474, 37.97263717651367], [-0.685693979263249, 37.97263717651367], [-0.685693979263249, 37.972362518310604], [-0.685971975326481, 37.972362518310604], [-0.685971975326481, 37.97208404541021], [-0.686249971389714, 37.97208404541021], [-0.686249971389714, 37.97180557250987], [-0.687084019184112, 37.97180557250987], [-0.687084019184112, 37.97208404541021], [-0.68819397687912, 37.97208404541021], [-0.68819397687912, 37.972362518310604], [-0.688750028610229, 37.972362518310604], [-0.688750028610229, 37.97263717651367], [-0.689028024673462, 37.97263717651367], [-0.689028024673462, 37.972915649414], [-0.689306020736637, 37.972915649414], [-0.689306020736637, 37.97347259521495], [-0.689028024673462, 37.97347259521495], [-0.689028024673462, 37.974582672119126], [-0.689306020736637, 37.974582672119126], [-0.689306020736637, 37.974716186523494], [-0.689306020736637, 37.97486114501953], [-0.689862012863102, 37.97486114501953], [-0.689862012863102, 37.974582672119126], [-0.690137982368469, 37.974582672119126], [-0.690137982368469, 37.97430419921875], [-0.690415978431702, 37.97430419921875], [-0.690415978431702, 37.97402954101574], [-0.690693974494934, 37.97402954101574], [-0.690693974494934, 37.97387313842779], [-0.690693974494934, 37.97375106811535], [-0.690896987914982, 37.97375106811535], [-0.691528022289276, 37.97375106811535], [-0.691528022289276, 37.97347259521495], [-0.691806018352509, 37.97347259521495], [-0.691806018352509, 37.97320175170893], [-0.69263797998417, 37.973194122314396], [-0.69263797998417, 37.972915649414], [-0.692915976047402, 37.972915649414], [-0.692915976047402, 37.97263717651367], [-0.693193972110748, 37.97263717651367], [-0.693193972110748, 37.972362518310604], [-0.693193972110748, 37.97208404541021], [-0.692915976047402, 37.97208404541021], [-0.692915976047402, 37.97180557250987], [-0.692359983920994, 37.97180557250987], [-0.692359983920994, 37.97152709960949], [-0.691806018352509, 37.97152709960949], [-0.691806018352509, 37.9712486267091], [-0.691528022289276, 37.9712486267091], [-0.691528022289276, 37.97097396850586], [-0.69125002622593, 37.97097396850586], [-0.69125002622593, 37.970695495605526], [-0.69097197055811, 37.970695495605526], [-0.69097197055811, 37.970417022705135], [-0.690693974494934, 37.970417022705135], [-0.690693974494934, 37.97013854980474], [-0.690415978431702, 37.97013854980474], [-0.690415978431702, 37.96958160400396], [-0.690137982368469, 37.96958160400396], [-0.690137982368469, 37.96930694580078], [-0.689862012863102, 37.96930694580078], [-0.689862012863102, 37.96902847290039], [-0.689306020736637, 37.96902847290039], [-0.689306020736637, 37.9684715270996], [-0.689028024673462, 37.9684715270996], [-0.689028024673462, 37.96819305419922], [-0.688471972942352, 37.96819305419922], [-0.688471972942352, 37.96791839599621], [-0.68819397687912, 37.96791839599621], [-0.68819397687912, 37.96763992309582], [-0.687915980815887, 37.96763992309582], [-0.687915980815887, 37.96625137329107], [-0.68819397687912, 37.96625137329107], [-0.68819397687912, 37.966526031494084], [-0.688750028610229, 37.966526031494084], [-0.688750028610229, 37.96680450439447], [-0.689028024673462, 37.96680450439447], [-0.689028024673462, 37.96708297729503], [-0.689306020736637, 37.96708297729503], [-0.689306020736637, 37.967361450195426], [-0.689862012863102, 37.967361450195426], [-0.689862012863102, 37.96763992309582], [-0.690415978431702, 37.96763992309582], [-0.690415978431702, 37.96791839599621], [-0.69097197055811, 37.96791839599621], [-0.69097197055811, 37.96819305419922], [-0.691528022289276, 37.96819305419922], [-0.691528022289276, 37.9684715270996], [-0.691806018352509, 37.9684715270996], [-0.691806018352509, 37.96875], [-0.692084014415741, 37.96875], [-0.692084014415741, 37.96930694580078], [-0.692359983920994, 37.96930694580078], [-0.692359983920994, 37.969860076904354], [-0.69263797998417, 37.969860076904354], [-0.69263797998417, 37.96958160400396], [-0.692915976047402, 37.96958160400396], [-0.692915976047402, 37.969860076904354], [-0.693193972110748, 37.969860076904354], [-0.693193972110748, 37.97013854980474], [-0.69541597366333, 37.97013854980474], [-0.69541597366333, 37.96958160400396], [-0.696250975131932, 37.96958160400396], [-0.696250975131932, 37.96930694580078], [-0.696557998657226, 37.96930694580078], [-0.696807026863098, 37.96930694580078], [-0.696807026863098, 37.96884155273443], [-0.696807026863098, 37.96875], [-0.69708198308939, 37.96875], [-0.69708198308939, 37.9684715270996], [-0.697359979152623, 37.9684715270996], [-0.697359979152623, 37.96819305419922], [-0.697638988494873, 37.96819305419922], [-0.697638988494873, 37.967361450195426], [-0.697916984558105, 37.967361450195426], [-0.697916984558105, 37.96708297729503], [-0.698194980621338, 37.96708297729503], [-0.698194980621338, 37.96680450439447], [-0.69847297668457, 37.96680450439447], [-0.69847297668457, 37.966526031494084], [-0.698750972747803, 37.966526031494084], [-0.698750972747803, 37.96541595458996], [-0.699029028415623, 37.96541595458996], [-0.699029028415623, 37.964660644531364], [-0.699029028415623, 37.964305877685604], [-0.69930499792099, 37.964305877685604], [-0.69930499792099, 37.964138031005916], [-0.699307024478856, 37.96374893188482], [-0.699582993984222, 37.96374893188482], [-0.699582993984222, 37.96361541748047], [-0.699582993984222, 37.96347045898443], [-0.699860990047455, 37.96347045898443], [-0.699860990047455, 37.963092803955014], [-0.699860990047455, 37.96263885498047], [-0.700138986110687, 37.96263885498047], [-0.700138986110687, 37.96236038208007], [-0.700250029563904, 37.96236038208007], [-0.70041698217392, 37.96236038208007], [-0.70041698217392, 37.96204757690435], [-0.70041698217392, 37.961807250976676], [-0.700543999671879, 37.961807250976676], [-0.700694978237095, 37.961807250976676], [-0.700694978237095, 37.961528778076286], [-0.700972974300328, 37.961528778076286], [-0.700972974300328, 37.96137237548834], [-0.700972974300328, 37.961002349853516], [-0.700972974300328, 37.960693359375114], [-0.701137006282806, 37.960693359375114], [-0.70125097036356, 37.960693359375114], [-0.70125097036356, 37.960414886474545], [-0.701526999473515, 37.960414886474545], [-0.701526999473515, 37.95995712280279], [-0.701526999473515, 37.959026336670036], [-0.701804995536747, 37.959026336670036], [-0.701804995536747, 37.9587516784668], [-0.70208299159998, 37.9587516784668], [-0.70208299159998, 37.95791625976568], [-0.702360987663155, 37.95791625976568], [-0.702360987663155, 37.9573593139649], [-0.702638983726388, 37.9573593139649], [-0.702638983726388, 37.95652770996094], [-0.702916979789734, 37.95652770996094], [-0.702916979789734, 37.95597076416015], [-0.703194975852966, 37.95597076416015], [-0.703194975852966, 37.95319366455083], [-0.702916979789734, 37.95319366455083], [-0.702916979789734, 37.952362060546875], [-0.703194975852966, 37.952362060546875], [-0.703194975852966, 37.951805114746094], [-0.703472971916199, 37.951805114746094], [-0.703472971916199, 37.95152664184575], [-0.703194975852966, 37.95152664184575], [-0.703194975852966, 37.94985961914062], [-0.703472971916199, 37.94985961914062], [-0.703472971916199, 37.94930648803722], [-0.703751027584076, 37.94930648803722], [-0.703751027584076, 37.948749542236435], [-0.704026997089386, 37.948749542236435], [-0.704026997089386, 37.94763946533209], [-0.704156994819641, 37.94763946533209], [-0.704304993152618, 37.94763946533209], [-0.704304993152618, 37.946170806884766], [-0.704304993152618, 37.94597244262695], [-0.704582989215851, 37.94597244262695], [-0.704582989215851, 37.94513702392584], [-0.704410016536656, 37.94513702392584], [-0.704304993152618, 37.94513702392584], [-0.704304993152618, 37.94486236572277], [-0.704437017440739, 37.94486236572277], [-0.704582989215851, 37.94486236572277], [-0.704582989215851, 37.94342041015631], [-0.704582989215851, 37.9429168701173], [-0.704304993152618, 37.9429168701173], [-0.704304993152618, 37.94208526611334], [-0.704582989215851, 37.94208145141613], [-0.704582989215851, 37.94152832031256], [-0.704774022102356, 37.94153976440424], [-0.705527007579803, 37.941593170166016], [-0.705619990825596, 37.94154357910162], [-0.757712006568852, 37.973461151123104]]]}}, {"type": "Feature", "properties": {"cpro": "03", "name_3": "Marina Alta", "provincia": "Alicante", "communidad_autonoma": "Comunidad Valenciana", "cmun": "026", "codigo_postal": "03026", "engtype_4": "Municipality", "geo_point_2d": [38.817631344465234, -0.011597003680486], "dc": "3", "id_2": 35, "id_3": 253, "id_0": 215, "id_1": 10, "iso": "ESP", "id_4": 6424, "type_4": "Municipality", "pais": "Spain", "ccn_4": 0, "municipio": "Beniarbeig", "codine": "03026", "nombre": "Beniarbeig", "pop": 2092, "CodMunicipio": 3026}, "geometry": {"type": "Polygon", "coordinates": [[[0.003907000180334, 38.80921173095708], [0.0, 38.80857849121094], [-0.009204998612347, 38.8070907592774], [-0.006339999847114, 38.798782348632926], [-0.006484000477883, 38.79151535034179], [-0.008786000311318, 38.786846160888786], [-0.015199000015855, 38.79198837280285], [-0.013880000449717, 38.79387664794922], [-0.017110999673548, 38.8002815246582], [-0.012097000144365, 38.8037223815918], [-0.013549000024796, 38.80701065063482], [-0.016735000535846, 38.80704879760753], [-0.018980000168085, 38.81147384643549], [-0.016953999176508, 38.82000732421875], [-0.022293999791088, 38.825099945068416], [-0.034207001328411, 38.82694244384771], [-0.034612998366356, 38.83017730712896], [-0.019229000434279, 38.838920593261776], [-0.014696000143886, 38.831356048583984], [-0.007616999559104, 38.82769775390631], [0.0, 38.828266143798764], [0.005704999901354, 38.828689575195426], [0.006004000082612, 38.82538223266613], [0.00926500000071, 38.821857452392635], [0.0, 38.81715774536144], [-0.000913999800048, 38.8166961669923], [0.0, 38.813076019287166], [0.000240000372344, 38.812126159668075], [0.003907000180334, 38.80921173095708]]]}}, {"type": "Feature", "properties": {"name_3": "Marina Alta", "provincia": "Alicante", "communidad_autonoma": "Comunidad Valenciana", "engtype_4": "Municipality", "geo_point_2d": [38.85066143503119, -0.004703234257082], "id_2": 35, "id_3": 253, "id_0": 215, "id_1": 10, "iso": "ESP", "id_4": 6435, "type_4": "Municipality", "pais": "Spain", "ccn_4": 0, "municipio": "El Verger", "codine": "03138", "nombre": "El Verger", "pop": 4640, "CodMunicipio": 3138}, "geometry": {"type": "Polygon", "coordinates": [[[0.020601000636816, 38.84431838989258], [0.023408999666572, 38.8415260314942], [0.021439999342022, 38.83884048461919], [0.017658999189734, 38.84148025512695], [0.01194100081932, 38.83834838867193], [0.011270999908561, 38.83940887451183], [0.0, 38.83751678466791], [-0.000980000127925, 38.837352752685604], [-0.019229000434279, 38.838920593261776], [-0.022995999082923, 38.845001220703125], [-0.017947999760395, 38.85386276245117], [-0.022032000124398, 38.86864852905285], [-0.004532999359014, 38.86578750610363], [0.0, 38.86427307128906], [0.004604000132645, 38.86273193359375], [0.005539000034332, 38.8573112487793], [0.003819999983591, 38.8526115417481], [0.020601000636816, 38.84431838989258]]]}}, {"type": "Feature", "properties": {"cpro": "03", "name_3": "Comtat", "provincia": "Alicante", "communidad_autonoma": "Comunidad Valenciana", "cmun": "020", "codigo_postal": "03020", "engtype_4": "Municipality", "geo_point_2d": [38.744072950175244, -0.33309510195310804], "dc": "4", "id_2": 35, "id_3": 252, "id_0": 215, "id_1": 10, "iso": "ESP", "id_4": 6403, "type_4": "Municipality", "pais": "Spain", "ccn_4": 0, "municipio": "Balones", "codine": "03020", "nombre": "Balones", "pop": 131, "CodMunicipio": 3020}, "geometry": {"type": "Polygon", "coordinates": [[[-0.350234001874867, 38.73229598999035], [-0.359362006187439, 38.74927902221691], [-0.353605002164784, 38.74848937988281], [-0.333294004201889, 38.756687164306754], [-0.332001000642776, 38.75923538208008], [-0.325181990861836, 38.766166687011825], [-0.313549011945668, 38.76832580566406], [-0.314862012863159, 38.766750335693416], [-0.31357899308199, 38.765388488769645], [-0.316707998514175, 38.76321029663097], [-0.313941001892033, 38.747135162353565], [-0.311338990926686, 38.745990753173885], [-0.314339995384159, 38.745098114013615], [-0.312274992465973, 38.74280929565424], [-0.311655014753342, 38.73996353149414], [-0.316143006086236, 38.74055480957037], [-0.318563997745457, 38.73827362060558], [-0.318044006824493, 38.73372650146496], [-0.324030995368958, 38.732357025146484], [-0.328117996454239, 38.72945785522455], [-0.331402003765049, 38.729930877685604], [-0.333003997802734, 38.72613906860357], [-0.337096989154816, 38.72520446777344], [-0.337516993284225, 38.722293853759815], [-0.341432005167007, 38.72122955322265], [-0.343019008636475, 38.722770690918026], [-0.345111012458801, 38.722484588623104], [-0.350234001874867, 38.73229598999035]]]}}, {"type": "Feature", "properties": {"cpro": "03", "name_3": "Alacanti", "provincia": "Alicante", "communidad_autonoma": "Comunidad Valenciana", "cmun": "046", "codigo_postal": "03046", "engtype_4": "Municipality", "geo_point_2d": [38.50122581508473, -0.41850373792931705], "dc": "9", "id_2": 35, "id_3": 248, "id_0": 215, "id_1": 10, "iso": "ESP", "id_4": 6349, "type_4": "Municipality", "pais": "Spain", "ccn_4": 0, "municipio": "Busot", "codine": "03046", "nombre": "Busot", "pop": 2978, "CodMunicipio": 3046}, "geometry": {"type": "Polygon", "coordinates": [[[-0.384142994880619, 38.515583038330135], [-0.382153987884521, 38.51292419433593], [-0.387317985296249, 38.5080680847168], [-0.392904013395253, 38.49178314208989], [-0.392401009797993, 38.48793411254894], [-0.402534008026066, 38.47738647460949], [-0.405620008706933, 38.47703170776373], [-0.406818985939026, 38.47489547729492], [-0.410465002059937, 38.47356796264654], [-0.411166995763722, 38.47092437744134], [-0.423891991376877, 38.468631744384815], [-0.425244987010956, 38.464057922363224], [-0.432208001613617, 38.45674896240246], [-0.443794995546341, 38.463535308838004], [-0.442301988601685, 38.464889526367244], [-0.441753000020924, 38.474914550781364], [-0.445271998643761, 38.475547790527344], [-0.450673997402191, 38.48095703125006], [-0.453352004289627, 38.494125366210994], [-0.448675006628036, 38.496402740478516], [-0.44563901424408, 38.500865936279354], [-0.448098003864175, 38.50521087646496], [-0.440322011709213, 38.50916671752924], [-0.438423007726669, 38.51198196411144], [-0.439630985259953, 38.51185607910162], [-0.437386006116867, 38.51403045654291], [-0.43536901473999, 38.51366043090826], [-0.43305400013918, 38.51718902587896], [-0.434673994779587, 38.523223876953125], [-0.430721998214722, 38.5260124206543], [-0.432518005371037, 38.52614974975586], [-0.431896001100483, 38.53363418579101], [-0.428640991449356, 38.53320312500005], [-0.42154398560524, 38.539279937744254], [-0.39978700876236, 38.540718078613395], [-0.394488006830159, 38.532745361328125], [-0.39527499675745, 38.52779769897472], [-0.384142994880619, 38.515583038330135]]]}}, {"type": "Feature", "properties": {"name_3": "Alt Vinalopo", "provincia": "Alicante", "communidad_autonoma": "Comunidad Valenciana", "engtype_4": "Municipality", "geo_point_2d": [38.70372609633634, -0.801748947896015], "id_2": 35, "id_3": 250, "id_0": 215, "id_1": 10, "iso": "ESP", "id_4": 6367, "type_4": "Municipality", "pais": "Spain", "ccn_4": 0, "municipio": "Campo de Mirra", "codine": "03051", "nombre": "Campo de M", "pop": 415, "CodMunicipio": 3051}, "geometry": {"type": "Polygon", "coordinates": [[[-0.76769000291813, 38.67995452880871], [-0.770174026489144, 38.67545318603515], [-0.776371002197266, 38.67131042480474], [-0.778264999389592, 38.671768188476506], [-0.796934008598271, 38.66193389892584], [-0.805401027202493, 38.66469573974621], [-0.794219017028752, 38.671405792236385], [-0.796489000320435, 38.677177429199276], [-0.804484009742737, 38.6859970092774], [-0.807716012000924, 38.68445205688471], [-0.816685020923501, 38.706687927246094], [-0.842592000961247, 38.732276916503906], [-0.83749300241459, 38.73653030395508], [-0.834558010101318, 38.732463836670036], [-0.830160975456238, 38.732517242431584], [-0.82405298948288, 38.73631668090832], [-0.817351996898651, 38.73798370361328], [-0.808425009250641, 38.737655639648494], [-0.806573987007141, 38.73534774780285], [-0.800994992256164, 38.73719787597656], [-0.800270020961705, 38.72969818115246], [-0.796482026576882, 38.722309112548885], [-0.790992021560669, 38.71839523315424], [-0.786191999912262, 38.703987121582145], [-0.787190020084381, 38.696895599365234], [-0.785391986370087, 38.69374465942394], [-0.776519000530243, 38.69621658325207], [-0.76769000291813, 38.67995452880871]]]}}, {"type": "Feature", "properties": {"cpro": "03", "name_3": "Baix Segura", "provincia": "Alicante", "communidad_autonoma": "Comunidad Valenciana", "cmun": "120", "codigo_postal": "03120", "engtype_4": "Municipality", "geo_point_2d": [37.97495043614596, -0.803089894196918], "dc": "3", "id_2": 35, "id_3": 251, "id_0": 215, "id_1": 10, "iso": "ESP", "id_4": 6396, "type_4": "Municipality", "pais": "Spain", "ccn_4": 0, "municipio": "San Miguel de Salinas", "codine": "03120", "nombre": "San Miguel", "pop": 6034, "CodMunicipio": 3120}, "geometry": {"type": "Polygon", "coordinates": [[[-0.810338973999023, 38.022377014160156], [-0.807591021060944, 38.01597213745117], [-0.797771990299225, 38.008361816406364], [-0.781349003314915, 38.000106811523494], [-0.774807989597321, 37.99953460693365], [-0.761810004711037, 38.00563049316411], [-0.757712006568852, 37.973461151123104], [-0.770671010017338, 37.94390106201183], [-0.789744973182678, 37.935485839843864], [-0.808827996253967, 37.93193054199219], [-0.844807028770447, 37.95204162597662], [-0.840225994586888, 37.99420928955084], [-0.827710986137333, 38.02084350585937], [-0.810338973999023, 38.022377014160156]]]}}, {"type": "Feature", "properties": {"name_3": "Marina Alta", "provincia": "Alicante", "communidad_autonoma": "Comunidad Valenciana", "engtype_4": "Municipality", "geo_point_2d": [38.72444665611362, 0.14883337289426102], "id_2": 35, "id_3": 253, "id_0": 215, "id_1": 10, "iso": "ESP", "id_4": 6429, "type_4": "Municipality", "pais": "Spain", "ccn_4": 0, "municipio": "Benitachell", "codine": "03042", "nombre": "Benitachel", "pop": 4276, "CodMunicipio": 3042}, "geometry": {"type": "Polygon", "coordinates": [[[0.118050001561699, 38.74072265625006], [0.122943997383061, 38.742675781250114], [0.132614001631794, 38.74362182617199], [0.155533000826836, 38.73930358886718], [0.161327004432792, 38.73111343383795], [0.179392993450278, 38.71683883667003], [0.180095002055282, 38.71625137329113], [0.179582998156604, 38.71625137329113], [0.179582998156604, 38.71597290039074], [0.179305002093315, 38.71597290039074], [0.179305002093315, 38.71569442749035], [0.179029002785796, 38.71569442749035], [0.179029002785796, 38.71541595458996], [0.17847299575817, 38.71541595458996], [0.17847299575817, 38.714862823486385], [0.178194999694881, 38.714862823486385], [0.178194999694881, 38.714584350585994], [0.177917003631705, 38.714584350585994], [0.177917003631705, 38.714305877685604], [0.177082002163047, 38.714305877685604], [0.177082002163047, 38.71347045898443], [0.176807001233101, 38.71347045898443], [0.176807001233101, 38.71374893188482], [0.176529005169925, 38.71374893188482], [0.176529005169925, 38.71347045898443], [0.175971999764442, 38.71347045898443], [0.175971999764442, 38.71319580078125], [0.175415992736816, 38.71319580078125], [0.175415992736816, 38.71291732788086], [0.175137996673641, 38.71291732788086], [0.175137996673641, 38.71263885498047], [0.174860000610352, 38.71263885498047], [0.174860000610352, 38.71291732788086], [0.174584001302833, 38.71291732788086], [0.174582004547176, 38.71263885498047], [0.174027994275207, 38.71263885498047], [0.174027994275207, 38.71236038208008], [0.173749998211861, 38.71236038208008], [0.173749998211861, 38.712081909179744], [0.173194006085396, 38.712081909179744], [0.173194006085396, 38.71236038208008], [0.172406002879256, 38.71236038208008], [0.171527996659336, 38.71236038208008], [0.171527996659336, 38.71263885498047], [0.171250000596046, 38.71263885498047], [0.171250000596046, 38.71236038208008], [0.17069399356842, 38.71236038208008], [0.17069399356842, 38.712081909179744], [0.170415997505245, 38.712081909179744], [0.170415997505245, 38.711807250976676], [0.170138001441956, 38.711807250976676], [0.170138001441956, 38.711528778076115], [0.169027999043521, 38.711528778076115], [0.169027999043521, 38.711250305175724], [0.168750002980346, 38.711250305175724], [0.168750002980346, 38.71110534667968], [0.168750002980346, 38.71097183227539], [0.16819399595272, 38.71097183227539], [0.16819399595272, 38.71078491210943], [0.16819399595272, 38.71041488647461], [0.167362004518566, 38.71041488647461], [0.167362004518566, 38.709304809570426], [0.167640000581741, 38.709304809570426], [0.167640000581741, 38.70819473266607], [0.167362004518566, 38.70819473266607], [0.167362004518566, 38.70763778686529], [0.16680599749094, 38.70763778686529], [0.16680599749094, 38.70708465576172], [0.166250005364475, 38.70708465576172], [0.166250005364475, 38.70680618286133], [0.165971994400024, 38.70680618286133], [0.165971994400024, 38.705970764160156], [0.165693998336849, 38.705970764160156], [0.165693998336849, 38.705417633056754], [0.165415003895816, 38.705417633056754], [0.165415003895816, 38.70458221435547], [0.164862006902752, 38.70458221435547], [0.164862006902752, 38.70402908325201], [0.164581000804844, 38.70402908325201], [0.164305999875126, 38.70402908325201], [0.164305999875126, 38.703750610351676], [0.163748994469756, 38.703750610351676], [0.163712993264198, 38.7029647827149], [0.163646996021328, 38.702915191650504], [0.16347099840641, 38.702915191650504], [0.16347099840641, 38.70275497436518], [0.16347099840641, 38.70264053344732], [0.163337007165012, 38.70264053344732], [0.163195997476691, 38.70264053344732], [0.163195997476691, 38.70251846313488], [0.163195997476691, 38.70236206054693], [0.162918001413345, 38.70236206054693], [0.162918001413345, 38.70208358764654], [0.162639006972256, 38.70208358764654], [0.162639006972256, 38.70180511474615], [0.162357002496663, 38.70180511474615], [0.161805003881511, 38.70180511474615], [0.161805003881511, 38.70124816894537], [0.161703005433083, 38.70124816894537], [0.161526992917061, 38.70124816894537], [0.161526992917061, 38.70109939575195], [0.161526992917061, 38.70097351074219], [0.161381006240958, 38.70097351074219], [0.161248996853885, 38.70097351074219], [0.161248996853885, 38.700862884521484], [0.161248996853885, 38.7006950378418], [0.160972997546196, 38.7006950378418], [0.160971000790596, 38.700416564941406], [0.160726994276047, 38.700416564941406], [0.160417005419731, 38.700416564941406], [0.160417005419731, 38.70015335083007], [0.15930500626564, 38.700138092041016], [0.15930500626564, 38.699584960937614], [0.15902699530136, 38.699584960937614], [0.15902699530136, 38.69930648803722], [0.158748999238014, 38.69930648803722], [0.158748999238014, 38.69902801513683], [0.158472999930382, 38.69902801513683], [0.158472999930382, 38.69874954223627], [0.158195003867206, 38.69874954223627], [0.158195003867206, 38.69902801513683], [0.157083004713115, 38.69902801513683], [0.157083004713115, 38.69874954223627], [0.157361000776291, 38.69874954223627], [0.157361000776291, 38.69847106933588], [0.156804993748665, 38.69847106933588], [0.156804993748665, 38.69819259643555], [0.156526997685489, 38.69819259643555], [0.156526997685489, 38.69791793823248], [0.155743002891597, 38.698066711425895], [0.150820001959914, 38.70584869384777], [0.139445006847495, 38.716018676757756], [0.136162996292057, 38.72744750976574], [0.117320999503136, 38.73295211791992], [0.11342199891817, 38.73712921142589], [0.114087000489292, 38.73922729492198], [0.118050001561699, 38.74072265625006]]]}}, {"type": "Feature", "properties": {"cpro": "03", "name_3": "Marina Alta", "provincia": "Alicante", "communidad_autonoma": "Comunidad Valenciana", "cmun": "040", "codigo_postal": "03040", "engtype_4": "Municipality", "geo_point_2d": [38.82902276820037, -0.035722796405480005], "dc": "0", "id_2": 35, "id_3": 253, "id_0": 215, "id_1": 10, "iso": "ESP", "id_4": 6427, "type_4": "Municipality", "pais": "Spain", "ccn_4": 0, "municipio": "Benimeli", "codine": "03040", "nombre": "Benimeli", "pop": 418, "CodMunicipio": 3040}, "geometry": {"type": "Polygon", "coordinates": [[[-0.042913001030627, 38.80718231201166], [-0.044945999979916, 38.8075408935548], [-0.047102998942137, 38.82448577880871], [-0.041620999574661, 38.82889938354492], [-0.035762000828981, 38.83050537109375], [-0.040924001485109, 38.839328765869084], [-0.028500000014844, 38.845329284667905], [-0.022995999082923, 38.845001220703125], [-0.019229000434279, 38.838920593261776], [-0.034612998366356, 38.83017730712896], [-0.034207001328411, 38.82694244384771], [-0.040251001715603, 38.821681976318416], [-0.037186000496035, 38.80894470214844], [-0.040226001292467, 38.8067245483399], [-0.042913001030627, 38.80718231201166]]]}}, {"type": "Feature", "properties": {"cpro": "03", "name_3": "Alacanti", "provincia": "Alicante", "communidad_autonoma": "Comunidad Valenciana", "cmun": "002", "codigo_postal": "03002", "engtype_4": "Municipality", "geo_point_2d": [38.442380461862044, -0.64147618134183], "dc": "0", "id_2": 35, "id_3": 248, "id_0": 215, "id_1": 10, "iso": "ESP", "id_4": 6346, "type_4": "Municipality", "pais": "Spain", "ccn_4": 0, "municipio": "Agost", "codine": "03002", "nombre": "Agost", "pop": 4758, "CodMunicipio": 3002}, "geometry": {"type": "Polygon", "coordinates": [[[-0.636241018772068, 38.396415710449276], [-0.646317005157414, 38.40171813964844], [-0.663554012775364, 38.407245635986385], [-0.67595499753952, 38.41759872436535], [-0.686860024929047, 38.42401504516607], [-0.705693006515446, 38.45217514038086], [-0.668482005596104, 38.46584701538097], [-0.66566002368927, 38.46953201293945], [-0.662644982337952, 38.47056961059576], [-0.658685982227269, 38.475662231445426], [-0.655979990959167, 38.48350143432623], [-0.653243005275726, 38.48587036132818], [-0.655502021312714, 38.49403381347656], [-0.653845012187958, 38.49524307250971], [-0.648678004741612, 38.49658203125005], [-0.643043994903564, 38.495944976806754], [-0.635432004928589, 38.49803543090826], [-0.631372988223973, 38.50229644775396], [-0.630335986614227, 38.49369812011724], [-0.626684010028839, 38.489280700683594], [-0.626078009605408, 38.48541259765619], [-0.621421992778721, 38.48233795166027], [-0.619624018669128, 38.47848510742193], [-0.614696025848389, 38.476360321044865], [-0.593895018100739, 38.46045303344732], [-0.591361999511719, 38.456268310546875], [-0.596620023250523, 38.44599533081065], [-0.60229301452631, 38.44282150268555], [-0.607854008674565, 38.434711456298885], [-0.61058497428894, 38.42830276489258], [-0.608716011047363, 38.42351150512707], [-0.605800986289978, 38.42130661010748], [-0.604888975620213, 38.417293548583984], [-0.596301019191742, 38.40895462036138], [-0.584860026836338, 38.40177154541021], [-0.579024970531464, 38.4012908935548], [-0.577395975589752, 38.398998260498104], [-0.577814996242523, 38.397743225097656], [-0.597765028476715, 38.39903640747076], [-0.613146007061005, 38.39714431762707], [-0.624616980552616, 38.399631500244254], [-0.636241018772068, 38.396415710449276]]]}}, {"type": "Feature", "properties": {"cpro": "03", "name_3": "Comtat", "provincia": "Alicante", "communidad_autonoma": "Comunidad Valenciana", "cmun": "073", "codigo_postal": "03073", "engtype_4": "Municipality", "geo_point_2d": [38.72219879460931, -0.373903629911083], "dc": "1", "id_2": 35, "id_3": 252, "id_0": 215, "id_1": 10, "iso": "ESP", "id_4": 6414, "type_4": "Municipality", "pais": "Spain", "ccn_4": 0, "municipio": "Gorga", "codine": "03073", "nombre": "Gorga", "pop": 249, "CodMunicipio": 3073}, "geometry": {"type": "Polygon", "coordinates": [[[-0.37407198548317, 38.711425781250114], [-0.37848898768425, 38.71614837646496], [-0.383080989122334, 38.71569442749035], [-0.381300985813141, 38.71756362915045], [-0.385533988475686, 38.7190895080567], [-0.388958990573883, 38.71761703491222], [-0.388031989335957, 38.71999359130871], [-0.392724007368031, 38.7209091186524], [-0.394724994897842, 38.71962738037121], [-0.395691990852356, 38.72218322753906], [-0.399399995803776, 38.717914581298885], [-0.40004301071167, 38.722747802734375], [-0.402911990880966, 38.72289276123047], [-0.406125992536431, 38.72625350952148], [-0.407990008592606, 38.723655700683594], [-0.409272998571396, 38.7234840393067], [-0.41050198674202, 38.72639465332037], [-0.409779012203103, 38.72953414916997], [-0.405743002891539, 38.73140716552746], [-0.397251009941101, 38.73529815673828], [-0.389717996120453, 38.73054504394531], [-0.382604986429158, 38.732250213623104], [-0.375124990940037, 38.73042678833008], [-0.369677990674973, 38.72592163085949], [-0.352625012397766, 38.72862243652344], [-0.350234001874867, 38.73229598999035], [-0.345111012458801, 38.722484588623104], [-0.343019008636475, 38.722770690918026], [-0.341432005167007, 38.72122955322265], [-0.347734004259109, 38.71561813354498], [-0.346632987260818, 38.714313507080135], [-0.350392013788223, 38.71184921264654], [-0.352854996919518, 38.712760925293075], [-0.359613001346588, 38.70877075195307], [-0.365352004766464, 38.70874404907232], [-0.369767010211888, 38.709106445312614], [-0.371024996042252, 38.711791992187614], [-0.37407198548317, 38.711425781250114]]]}}, {"type": "Feature", "properties": {"cpro": "03", "name_3": "Marina Baixa", "provincia": "Alicante", "communidad_autonoma": "Comunidad Valenciana", "cmun": "124", "codigo_postal": "03124", "engtype_4": "Municipality", "geo_point_2d": [38.618013929160036, -0.278678733469003], "dc": "6", "id_2": 35, "id_3": 254, "id_0": 215, "id_1": 10, "iso": "ESP", "id_4": 6470, "type_4": "Municipality", "pais": "Spain", "ccn_4": 0, "municipio": "Sella", "codine": "03124", "nombre": "Sella", "pop": 580, "CodMunicipio": 3124}, "geometry": {"type": "Polygon", "coordinates": [[[-0.233205005526429, 38.6023330688476], [-0.241120994090977, 38.59471893310547], [-0.240899994969311, 38.59150314331065], [-0.250185012817383, 38.5957870483399], [-0.25752401351923, 38.590904235839844], [-0.265758007764759, 38.58869171142584], [-0.270990997552758, 38.58538436889654], [-0.275676995515823, 38.587150573730526], [-0.278005987405777, 38.58985137939459], [-0.286707997321969, 38.58954238891607], [-0.292391985654774, 38.592231750488224], [-0.295269012451115, 38.59578323364258], [-0.292986989021244, 38.5965805053712], [-0.296157002449036, 38.60297775268566], [-0.298891991376877, 38.60442733764654], [-0.30527800321579, 38.60467529296875], [-0.310833007097187, 38.603206634521484], [-0.315840005874634, 38.611522674560604], [-0.323783010244369, 38.61904525756836], [-0.328507006168365, 38.61855316162104], [-0.332984000444412, 38.621761322021484], [-0.331535995006448, 38.62391662597656], [-0.333768010139408, 38.63034820556652], [-0.329450994729996, 38.63741302490246], [-0.324313998222294, 38.63718414306652], [-0.316520988941193, 38.64158630371105], [-0.312108993530217, 38.64128494262707], [-0.309341996908188, 38.642780303955135], [-0.308279991149902, 38.643573760986435], [-0.302933007478714, 38.6406135559082], [-0.303606003522759, 38.63951492309576], [-0.299160987138634, 38.6410026550293], [-0.293035000562668, 38.6405029296875], [-0.289788991212845, 38.64191436767584], [-0.290001004934311, 38.64355850219732], [-0.27822700142849, 38.64354705810547], [-0.27316099405283, 38.64084243774419], [-0.246989995241108, 38.63907623291021], [-0.237391993403435, 38.633903503418026], [-0.235482007265034, 38.62287521362305], [-0.236849993467331, 38.61628723144531], [-0.229561001062393, 38.61798477172857], [-0.237373992800656, 38.615219116210994], [-0.23104499280447, 38.60656356811529], [-0.233205005526429, 38.6023330688476]]]}}, {"type": "Feature", "properties": {"name_3": "Marina Alta", "provincia": "Alicante", "communidad_autonoma": "Comunidad Valenciana", "engtype_4": "Municipality", "geo_point_2d": [38.78828820136403, -0.253542045018743], "id_2": 35, "id_3": 253, "id_0": 215, "id_1": 10, "iso": "ESP", "id_4": 6440, "type_4": "Municipality", "pais": "Spain", "ccn_4": 0, "municipio": "La Vall d'Alcalà", "codine": "03134", "nombre": "La Vall d'", "pop": 167, "CodMunicipio": 3134}, "geometry": {"type": "Polygon", "coordinates": [[[-0.286985993385201, 38.76625442504894], [-0.291949987411499, 38.772232055664176], [-0.283500999212208, 38.782882690429744], [-0.286680996417942, 38.79252624511718], [-0.285625010728836, 38.80574417114269], [-0.282364010810852, 38.807327270507926], [-0.280362993478718, 38.80489349365229], [-0.276093989610558, 38.805702209472656], [-0.274758994579315, 38.80420303344738], [-0.264586985111237, 38.80821609497082], [-0.252609997987747, 38.80949401855469], [-0.248795002698841, 38.80599975585949], [-0.240404993295613, 38.80648422241222], [-0.235660001635495, 38.80502319335943], [-0.226124003529492, 38.80036544799816], [-0.213210999965554, 38.791080474853516], [-0.211459994316101, 38.79257202148443], [-0.210710003972054, 38.78997039794933], [-0.21297599375248, 38.79028320312506], [-0.208921000361443, 38.78125], [-0.210805997252464, 38.77538299560547], [-0.206974998116493, 38.775356292724666], [-0.199796006083488, 38.77085113525396], [-0.209280997514725, 38.77307510375982], [-0.212551996111756, 38.77352523803705], [-0.214985996484756, 38.774974822998104], [-0.220516994595528, 38.77493286132824], [-0.225170999765396, 38.77743530273432], [-0.229849994182587, 38.77880096435547], [-0.234303995966854, 38.77801513671875], [-0.241125002503338, 38.77697753906256], [-0.244642004370689, 38.775543212890625], [-0.255053013563099, 38.775241851806584], [-0.255544990301132, 38.775283813476676], [-0.280880004167557, 38.7642822265625], [-0.286985993385201, 38.76625442504894]]]}}, {"type": "Feature", "properties": {"cpro": "03", "name_3": "Baix Segura", "provincia": "Alicante", "communidad_autonoma": "Comunidad Valenciana", "cmun": "061", "codigo_postal": "03061", "engtype_4": "Municipality", "geo_point_2d": [38.10983093809728, -0.7629998423640251], "dc": "2", "id_2": 35, "id_3": 251, "id_0": 215, "id_1": 10, "iso": "ESP", "id_4": 6381, "type_4": "Municipality", "pais": "Spain", "ccn_4": 0, "municipio": "Daya Nueva", "codine": "03061", "nombre": "Daya Nueva", "pop": 1737, "CodMunicipio": 3061}, "geometry": {"type": "Polygon", "coordinates": [[[-0.742061018943787, 38.11019515991211], [-0.749208986759186, 38.098041534423885], [-0.75315397977829, 38.09806442260748], [-0.761792004108429, 38.09827423095703], [-0.774964988231659, 38.09925460815441], [-0.778450012207031, 38.10096740722662], [-0.779269993305149, 38.105499267578125], [-0.776033997535706, 38.11441802978527], [-0.777469992637634, 38.114845275878906], [-0.780389010906219, 38.125774383545036], [-0.752207994461003, 38.11775207519537], [-0.742061018943787, 38.11019515991211]]]}}, {"type": "Feature", "properties": {"name_3": "Marina Baixa", "provincia": "Alicante", "communidad_autonoma": "Comunidad Valenciana", "engtype_4": "Municipality", "geo_point_2d": [38.60111174927027, -0.120074112477348], "id_2": 35, "id_3": 254, "id_0": 215, "id_1": 10, "iso": "ESP", "id_4": 6466, "type_4": "Municipality", "pais": "Spain", "ccn_4": 0, "municipio": "La Nucia", "codine": "03094", "nombre": "La Nucia", "pop": 18603, "CodMunicipio": 3094}, "geometry": {"type": "Polygon", "coordinates": [[[-0.080025002360287, 38.596122741699276], [-0.100823998451233, 38.602138519287166], [-0.109191000461578, 38.60595703124994], [-0.113614998757782, 38.604732513427734], [-0.121244996786118, 38.59879302978521], [-0.116526998579502, 38.57840728759771], [-0.119589999318066, 38.56897735595703], [-0.132569998502731, 38.56724929809576], [-0.133778005838394, 38.5706520080567], [-0.140274003147965, 38.576374053955135], [-0.160119995474815, 38.58625030517584], [-0.164887994527817, 38.59019470214844], [-0.173066005110741, 38.60121154785156], [-0.16686899960041, 38.59995269775396], [-0.165215998888016, 38.59732818603527], [-0.154800996184292, 38.5930747985841], [-0.151889994740486, 38.594921112060604], [-0.147145003080368, 38.5947265625], [-0.141201004385948, 38.59178924560558], [-0.141543000936508, 38.59357070922857], [-0.134290993213654, 38.60361099243164], [-0.135269001126233, 38.61135482788097], [-0.133083000779095, 38.61839294433594], [-0.134815007448196, 38.62187576293957], [-0.131007000803891, 38.62005233764654], [-0.126324996352196, 38.62024307250982], [-0.118147999048233, 38.62453460693365], [-0.112567998468762, 38.62961578369135], [-0.106867998838425, 38.62828826904297], [-0.106959000229836, 38.629776000976676], [-0.105382002889996, 38.62954711914068], [-0.097217999398708, 38.62720108032238], [-0.096607998013496, 38.624713897705185], [-0.0930159986018, 38.62495040893555], [-0.08746399730444, 38.621063232421875], [-0.081050001084748, 38.62011337280285], [-0.078028000891209, 38.60628890991211], [-0.084022000432014, 38.60627746582037], [-0.084806002676487, 38.60363006591808], [-0.080025002360287, 38.596122741699276]]]}}, {"type": "Feature", "properties": {"cpro": "03", "name_3": "Baix Segura", "provincia": "Alicante", "communidad_autonoma": "Comunidad Valenciana", "cmun": "024", "codigo_postal": "03024", "engtype_4": "Municipality", "geo_point_2d": [38.0737157533479, -0.8318930543831541], "dc": "7", "id_2": 35, "id_3": 251, "id_0": 215, "id_1": 10, "iso": "ESP", "id_4": 6374, "type_4": "Municipality", "pais": "Spain", "ccn_4": 0, "municipio": "Benejúzar", "codine": "03024", "nombre": "Benejúzar", "pop": 5402, "CodMunicipio": 3024}, "geometry": {"type": "Polygon", "coordinates": [[[-0.837517976760807, 38.05413055419933], [-0.840116024017334, 38.06773757934576], [-0.848874986171665, 38.08082199096679], [-0.848582983016968, 38.08294296264654], [-0.841738998889809, 38.08812713623046], [-0.844933986663818, 38.09389877319347], [-0.834999978542271, 38.09979629516613], [-0.828330993652344, 38.096267700195426], [-0.825024008750859, 38.09624099731445], [-0.824158012866974, 38.09391021728521], [-0.822764992713871, 38.09434509277349], [-0.8209530115127, 38.08742523193365], [-0.823671996593418, 38.086101531982536], [-0.831089019775391, 38.08545303344732], [-0.830003976821842, 38.08240509033203], [-0.828419983386936, 38.07780838012701], [-0.822206974029541, 38.07282638549805], [-0.819921016693058, 38.07266616821294], [-0.816362977027836, 38.06353378295904], [-0.814996004104557, 38.06003189086914], [-0.817528009414673, 38.05576324462896], [-0.828821003436985, 38.047653198242294], [-0.831521987915039, 38.05035400390619], [-0.835321009159031, 38.05021286010753], [-0.837517976760807, 38.05413055419933]]]}}, {"type": "Feature", "properties": {"cpro": "03", "name_3": "Comtat", "provincia": "Alicante", "communidad_autonoma": "Comunidad Valenciana", "cmun": "022", "codigo_postal": "03022", "engtype_4": "Municipality", "geo_point_2d": [38.695915673066885, -0.337795611816922], "dc": "6", "id_2": 35, "id_3": 252, "id_0": 215, "id_1": 10, "iso": "ESP", "id_4": 6404, "type_4": "Municipality", "pais": "Spain", "ccn_4": 0, "municipio": "Benasau", "codine": "03022", "nombre": "Benasau", "pop": 151, "CodMunicipio": 3022}, "geometry": {"type": "Polygon", "coordinates": [[[-0.309073001146317, 38.682838439941406], [-0.3211530148983, 38.68652343750006], [-0.324806004762593, 38.686569213867244], [-0.332253992557526, 38.68320846557622], [-0.342014014720917, 38.684143066406364], [-0.34799399971962, 38.68592453002941], [-0.349269986152592, 38.68465042114257], [-0.354781001806202, 38.685478210449325], [-0.35454198718071, 38.691337585449276], [-0.356999009847527, 38.69110488891612], [-0.357055991888046, 38.69828414916998], [-0.359995990991592, 38.702098846435604], [-0.359416991472244, 38.70409774780268], [-0.365352004766464, 38.70874404907232], [-0.359613001346588, 38.70877075195307], [-0.352854996919518, 38.712760925293075], [-0.350392013788223, 38.71184921264654], [-0.346632987260818, 38.714313507080135], [-0.330978006124496, 38.70019149780279], [-0.329183995723724, 38.69684982299799], [-0.320028990507126, 38.695091247558594], [-0.307137995958328, 38.699768066406364], [-0.309073001146317, 38.682838439941406]]]}}, {"type": "Feature", "properties": {"cpro": "03", "name_3": "Baix Segura", "provincia": "Alicante", "communidad_autonoma": "Comunidad Valenciana", "cmun": "099", "codigo_postal": "03099", "engtype_4": "Municipality", "geo_point_2d": [38.066786498740655, -0.909207337236631], "dc": "3", "id_2": 35, "id_3": 251, "id_0": 215, "id_1": 10, "iso": "ESP", "id_4": 6389, "type_4": "Municipality", "pais": "Spain", "ccn_4": 0, "municipio": "Orihuela", "codine": "03099", "nombre": "Orihuela", "pop": 77414, "CodMunicipio": 3099}, "geometry": {"type": "MultiPolygon", "coordinates": [[[[-0.956773996353149, 38.155048370361385], [-0.961926996707916, 38.1548309326173], [-0.966544985771122, 38.15171051025396], [-0.973131000995636, 38.15245437622082], [-0.985764980316105, 38.17027282714855], [-0.988104999065285, 38.169834136963004], [-0.992157995700836, 38.17310333251959], [-1.00127899646759, 38.17395019531244], [-1.004798054695073, 38.17215347290039], [-0.999347984790802, 38.18361663818371], [-0.988690972328186, 38.19958877563488], [-0.976198971271401, 38.24081039428711], [-0.967746019363346, 38.25588226318365], [-0.967348992824498, 38.2721939086914], [-0.97169101238245, 38.29072189331066], [-0.984225988388061, 38.307086944580135], [-0.989009976386967, 38.3205680847168], [-0.979568004608154, 38.32414627075189], [-0.977183997631073, 38.327167510986435], [-0.971395015716553, 38.32964324951171], [-0.95691800117487, 38.297306060791016], [-0.948611974716187, 38.28364562988281], [-0.962366998195591, 38.257366180420036], [-0.954371988773346, 38.25804519653325], [-0.943930983543339, 38.255466461181754], [-0.940809011459294, 38.251888275146484], [-0.940217971801758, 38.242462158203125], [-0.942689001560211, 38.24078369140631], [-0.946332991123199, 38.24080276489252], [-0.948190987110138, 38.23526763916021], [-0.942517995834294, 38.230167388916016], [-0.941365003585758, 38.220470428466854], [-0.935010015964508, 38.21692276000988], [-0.930513978004399, 38.21075057983404], [-0.923283994197845, 38.2076034545899], [-0.916330993175507, 38.20112228393549], [-0.893674015998727, 38.16624069213867], [-0.894837975502014, 38.16586303710943], [-0.895678997039738, 38.165618896484375], [-0.910802006721497, 38.1592750549317], [-0.918762981891632, 38.15860748291021], [-0.930459022521859, 38.155036926269645], [-0.938440978527069, 38.17346191406255], [-0.94351601600647, 38.17160034179698], [-0.945111989974919, 38.170909881591854], [-0.949962019920349, 38.168056488037166], [-0.947180986404419, 38.15892028808594], [-0.946063995361271, 38.1552467346192], [-0.950887024402505, 38.1574592590332], [-0.956773996353149, 38.155048370361385]]], [[[-0.813838005065861, 38.04264450073242], [-0.815612971782684, 38.038082122802734], [-0.810338973999023, 38.022377014160156], [-0.827710986137333, 38.02084350585937], [-0.840225994586888, 37.99420928955084], [-0.844807028770447, 37.95204162597662], [-0.808827996253967, 37.93193054199219], [-0.789744973182678, 37.935485839843864], [-0.770671010017338, 37.94390106201183], [-0.757712006568852, 37.973461151123104], [-0.705619990825596, 37.94154357910162], [-0.705694973468781, 37.941249847412166], [-0.706248998641911, 37.941249847412166], [-0.706248998641911, 37.94152832031256], [-0.710417985916081, 37.94152832031256], [-0.710417985916081, 37.941249847412166], [-0.711250007152501, 37.941249847412166], [-0.711250007152501, 37.940971374511776], [-0.711528003215733, 37.940971374511776], [-0.711528003215733, 37.94069290161138], [-0.711805999278965, 37.94069290161138], [-0.711805999278965, 37.94013977050781], [-0.712361991405373, 37.94013977050781], [-0.712361991405373, 37.93958282470703], [-0.712916016578674, 37.93958282470703], [-0.712916016578674, 37.93930435180664], [-0.713540017604828, 37.93930435180664], [-0.714028000831604, 37.93930435180664], [-0.714028000831604, 37.93902969360363], [-0.714861989021301, 37.93902587890624], [-0.714861989021301, 37.93875122070324], [-0.715694010257664, 37.93875122070324], [-0.715694010257664, 37.93847274780285], [-0.715972006320897, 37.93847274780285], [-0.715972006320897, 37.937915802001896], [-0.716527998447361, 37.937915802001896], [-0.716527998447361, 37.937637329101555], [-0.717083990573826, 37.937637329101555], [-0.717083990573826, 37.937084197998104], [-0.717361986637002, 37.937084197998104], [-0.717361986637002, 37.93680572509777], [-0.71763801574707, 37.93680572509777], [-0.71763801574707, 37.93597412109375], [-0.717916011810303, 37.93597412109375], [-0.717916011810303, 37.93547439575195], [-0.717916011810303, 37.93375015258789], [-0.718194007873535, 37.93375015258789], [-0.718194007873535, 37.9329185485841], [-0.718472003936768, 37.9329185485841], [-0.718472003936768, 37.931804656982365], [-0.71875, 37.931804656982365], [-0.71875, 37.93125152587896], [-0.719027996063232, 37.93125152587896], [-0.719027996063232, 37.93069458007818], [-0.71875, 37.93069458007818], [-0.71875, 37.93041610717785], [-0.719027996063232, 37.93041610717785], [-0.719027996063232, 37.93013763427745], [-0.719583988189697, 37.93013763427745], [-0.719583988189697, 37.92986297607422], [-0.71981501579279, 37.92986297607422], [-0.72041600942606, 37.92986297607422], [-0.72041600942606, 37.92958450317383], [-0.720694005489293, 37.92958450317383], [-0.720694005489293, 37.929027557373104], [-0.72041600942606, 37.929027557373104], [-0.72041600942606, 37.92874908447271], [-0.720135986804962, 37.92874908447271], [-0.719305992126465, 37.92874908447271], [-0.719305992126465, 37.92819595336914], [-0.719027996063232, 37.92819595336914], [-0.719027996063232, 37.92791748046875], [-0.719583988189697, 37.92791748046875], [-0.719583988189697, 37.92763900756836], [-0.719860017299652, 37.92763900756836], [-0.719860017299652, 37.92736053466797], [-0.720138013362828, 37.92736053466797], [-0.720138013362828, 37.92708206176758], [-0.720614016056061, 37.92708206176758], [-0.721249997615757, 37.92708206176758], [-0.721249997615757, 37.92680740356457], [-0.72152799367899, 37.92680740356457], [-0.72152799367899, 37.926250457763786], [-0.721249997615757, 37.926250457763786], [-0.721249997615757, 37.925971984863395], [-0.720972001552525, 37.925971984863395], [-0.720972001552525, 37.92584228515625], [-0.720972001552525, 37.925693511963004], [-0.720694005489293, 37.925693511963004], [-0.720694005489293, 37.92541503906244], [-0.720972001552525, 37.92541503906244], [-0.720972001552525, 37.92430496215826], [-0.721414029598236, 37.92430496215826], [-0.72152799367899, 37.92430496215826], [-0.72152799367899, 37.92402648925792], [-0.721805989742222, 37.92402648925792], [-0.721805989742222, 37.923194885253906], [-0.72152799367899, 37.923194885253906], [-0.72152799367899, 37.92291641235357], [-0.720972001552525, 37.92291641235357], [-0.720972001552525, 37.92208480834955], [-0.721249997615757, 37.92208480834955], [-0.721249997615757, 37.92180633544922], [-0.72152799367899, 37.92180633544922], [-0.72152799367899, 37.92097091674805], [-0.722084999084359, 37.92097091674805], [-0.722084999084359, 37.920696258545036], [-0.722360014915466, 37.920696258545036], [-0.722360014915466, 37.920139312744254], [-0.722096025943699, 37.920139312744254], [-0.722084999084359, 37.919860839843864], [-0.721805989742222, 37.919860839843864], [-0.721805989742222, 37.919303894043075], [-0.72152799367899, 37.919303894043075], [-0.72152799367899, 37.91875076293951], [-0.721249997615757, 37.91875076293951], [-0.721249997615757, 37.91847229003912], [-0.720972001552525, 37.91847229003912], [-0.720972001552525, 37.91819381713873], [-0.72041600942606, 37.91819381713873], [-0.72041600942606, 37.91791534423834], [-0.720138013362828, 37.91791534423834], [-0.720138013362828, 37.917083740234375], [-0.719860017299652, 37.917083740234375], [-0.719860017299652, 37.916805267333984], [-0.720138013362828, 37.916805267333984], [-0.720138013362828, 37.91624832153326], [-0.719860017299652, 37.91624832153326], [-0.719860017299652, 37.91597366333002], [-0.719583988189697, 37.91597366333002], [-0.719583988189697, 37.915138244628906], [-0.719305992126465, 37.915138244628906], [-0.719305992126465, 37.914585113525504], [-0.719583988189697, 37.914585113525504], [-0.719583988189697, 37.914306640625114], [-0.719305992126465, 37.914306640625114], [-0.719305992126465, 37.91347122192394], [-0.719027996063232, 37.91347122192394], [-0.719027996063232, 37.911529541015625], [-0.719583988189697, 37.911529541015625], [-0.719583988189697, 37.911251068115234], [-0.719860017299652, 37.911251068115234], [-0.719860017299652, 37.910972595214844], [-0.72041600942606, 37.910972595214844], [-0.72041600942606, 37.91069412231445], [-0.720694005489293, 37.91069412231445], [-0.720694005489293, 37.91041564941406], [-0.720972001552525, 37.91041564941406], [-0.720972001552525, 37.91013717651373], [-0.72152799367899, 37.91013717651373], [-0.72152799367899, 37.90986251831066], [-0.722084999084359, 37.90986251831066], [-0.722084999084359, 37.91013717651373], [-0.722916007041931, 37.91013717651373], [-0.722916007041931, 37.91041564941406], [-0.724029004573822, 37.91041564941406], [-0.724029004573822, 37.91069412231445], [-0.724861025810185, 37.91069412231445], [-0.724861025810185, 37.910972595214844], [-0.725695013999882, 37.910972595214844], [-0.725695013999882, 37.91069412231445], [-0.726526975631657, 37.91069412231445], [-0.726526975631657, 37.910972595214844], [-0.726804971694889, 37.910972595214844], [-0.726804971694889, 37.911251068115234], [-0.727083027362823, 37.911251068115234], [-0.727083027362823, 37.91180419921881], [-0.727361023426056, 37.91180419921881], [-0.727361023426056, 37.9120826721192], [-0.727639019489288, 37.9120826721192], [-0.727639019489288, 37.91263961791998], [-0.727917015552521, 37.91263961791998], [-0.727917015552521, 37.91291809082037], [-0.728195011615753, 37.91291809082037], [-0.728195011615753, 37.913192749023544], [-0.729583024978638, 37.913192749023544], [-0.729583024978638, 37.91291809082037], [-0.729861021041813, 37.91291809082037], [-0.729861021041813, 37.91263961791998], [-0.730973005294743, 37.91263961791998], [-0.730973005294743, 37.91236114501959], [-0.731805026531106, 37.91236114501959], [-0.731805026531106, 37.9120826721192], [-0.732361018657684, 37.9120826721192], [-0.732361018657684, 37.911251068115234], [-0.732917010784149, 37.911251068115234], [-0.732917010784149, 37.910972595214844], [-0.733195006847382, 37.910972595214844], [-0.733195006847382, 37.91069412231445], [-0.733748972415924, 37.91069412231445], [-0.733748972415924, 37.91041564941406], [-0.734027028083801, 37.91041564941406], [-0.734027028083801, 37.91013717651373], [-0.734305024147034, 37.91013717651373], [-0.734305024147034, 37.90986251831066], [-0.734861016273499, 37.90986251831066], [-0.734861016273499, 37.9095840454101], [-0.735139012336674, 37.9095840454101], [-0.735139012336674, 37.90930557250971], [-0.735417008399907, 37.90930557250971], [-0.735417008399907, 37.908748626708984], [-0.735970973968506, 37.908748626708984], [-0.735970973968506, 37.908473968505916], [-0.736527025699559, 37.908473968505916], [-0.736527025699559, 37.908748626708984], [-0.73708397150034, 37.908748626708984], [-0.73708397150034, 37.908473968505916], [-0.737640023231506, 37.908473968505916], [-0.737640023231506, 37.908748626708984], [-0.737918019294739, 37.908748626708984], [-0.737918019294739, 37.90892410278314], [-0.737918019294739, 37.909027099609375], [-0.738471984863281, 37.909027099609375], [-0.738471984863281, 37.90930557250971], [-0.740693986415863, 37.90930557250971], [-0.740693986415863, 37.909027099609375], [-0.740971982479095, 37.909027099609375], [-0.740971982479095, 37.908748626708984], [-0.741249978542271, 37.908748626708984], [-0.741249978542271, 37.908473968505916], [-0.741527974605503, 37.908473968505916], [-0.741527974605503, 37.90791702270519], [-0.741805970668736, 37.90791702270519], [-0.741805970668736, 37.9076385498048], [-0.74208402633667, 37.9076385498048], [-0.74208402633667, 37.90680694580084], [-0.742362022399902, 37.90680694580084], [-0.742362022399902, 37.90652847290045], [-0.742637991905156, 37.90652847290045], [-0.742637991905156, 37.905971527099666], [-0.742915987968331, 37.905971527099666], [-0.742915987968331, 37.905326843261776], [-0.742915987968331, 37.9051399230957], [-0.743030011653843, 37.9051399230957], [-0.743749976158142, 37.9051399230957], [-0.743749976158142, 37.90486145019531], [-0.744027972221374, 37.90486145019531], [-0.744027972221374, 37.90402603149414], [-0.744584023952484, 37.90402603149414], [-0.744584023952484, 37.90375137329113], [-0.74486202001566, 37.90375137329113], [-0.74486202001566, 37.90319442749018], [-0.745137989521027, 37.90319442749018], [-0.745137989521027, 37.90291595458979], [-0.745415985584259, 37.90291595458979], [-0.745415985584259, 37.90263748168945], [-0.745693981647491, 37.90263748168945], [-0.745693981647491, 37.902362823486385], [-0.745971977710724, 37.902362823486385], [-0.745971977710724, 37.9002418518067], [-0.745971977710724, 37.899581909179744], [-0.746249973773956, 37.899581909179744], [-0.746249973773956, 37.89930725097656], [-0.74652802944172, 37.89930725097656], [-0.74652802944172, 37.89902877807617], [-0.746806025504952, 37.89902877807617], [-0.746806025504952, 37.89875030517578], [-0.747915983200016, 37.89875030517578], [-0.747915983200016, 37.89847183227539], [-0.749956011772156, 37.89847183227539], [-0.750137984752655, 37.89847183227539], [-0.750137984752655, 37.898330688476506], [-0.750137984752655, 37.898193359375], [-0.750316023826542, 37.898193359375], [-0.750415980815887, 37.898193359375], [-0.750415980815887, 37.89736175537121], [-0.750554978847447, 37.89736175537121], [-0.750694990158081, 37.89736175537121], [-0.750694990158081, 37.89708328247082], [-0.750972986221257, 37.89708328247082], [-0.750972986221257, 37.894748687744254], [-0.750972986221257, 37.89347076416021], [-0.751250982284489, 37.89347076416021], [-0.751250982284489, 37.89301300048828], [-0.751250982284489, 37.89236068725586], [-0.751353025436288, 37.89236068725586], [-0.751528978347721, 37.89236068725586], [-0.751528978347721, 37.89127731323248], [-0.751528978347721, 37.88986206054693], [-0.751806974410954, 37.88986206054693], [-0.751806974410954, 37.88958740234375], [-0.768513023853245, 37.89764404296881], [-0.782867014408112, 37.902008056640625], [-0.78670901060093, 37.90965270996094], [-0.791590988636017, 37.9144554138183], [-0.800948977470398, 37.91622161865246], [-0.809575974941197, 37.911693572998104], [-0.811448991298676, 37.91509246826183], [-0.821404993534031, 37.918613433838004], [-0.829967021942082, 37.92404174804699], [-0.836961984634343, 37.92488861083984], [-0.840915977954865, 37.928043365478516], [-0.844285011291504, 37.92845535278326], [-0.847397983074188, 37.93057250976557], [-0.847929000854492, 37.93355941772461], [-0.862399995326996, 37.940792083740234], [-0.867408990859985, 37.95431518554693], [-0.874354004859811, 37.952899932861385], [-0.889984011650085, 37.95391464233409], [-0.905912995338383, 37.94799423217785], [-0.919941008090973, 37.94587326049816], [-0.921250998973846, 37.944534301757805], [-0.934114992618561, 37.96892929077154], [-0.958993971347809, 37.999053955078125], [-0.965950012207031, 38.01272964477539], [-0.981873989105111, 38.02931594848633], [-0.998552978038731, 38.051460266113395], [-1.006536960601806, 38.055011749267685], [-1.010344982147103, 38.05958175659191], [-1.022176027297973, 38.075237274169865], [-1.030261993408146, 38.09711456298828], [-1.030534029006901, 38.115882873535206], [-1.036584973335266, 38.13743209838867], [-1.008731007575932, 38.166870117187614], [-1.005296945571843, 38.16097259521479], [-1.004464983940011, 38.151340484619084], [-0.996047973632699, 38.146171569824276], [-0.996208012104034, 38.14155960083019], [-0.982680976390725, 38.131351470947266], [-0.972867012023869, 38.13647079467768], [-0.965968012809753, 38.13714599609375], [-0.958980023860932, 38.139781951904354], [-0.947726011276245, 38.13137817382824], [-0.941729009151459, 38.123088836670036], [-0.932590007781926, 38.12441635131847], [-0.932512998580933, 38.13118362426758], [-0.931375026702881, 38.130287170410156], [-0.918241024017277, 38.10553741455078], [-0.907795011997166, 38.11023330688482], [-0.905278980731907, 38.10649490356457], [-0.908047974109593, 38.103797912597656], [-0.906457006931248, 38.101802825927734], [-0.904698014259282, 38.10330581665039], [-0.901956021785679, 38.09990310668945], [-0.899859011173248, 38.09984970092768], [-0.900624990463257, 38.10293579101574], [-0.897707998752594, 38.10367584228521], [-0.894307017326355, 38.10178375244146], [-0.891157984733525, 38.103416442871094], [-0.895318984985352, 38.108634948730526], [-0.893428027629852, 38.11180114746094], [-0.886820018291473, 38.10632705688471], [-0.882943987846318, 38.106727600097706], [-0.876756012439671, 38.10422515869146], [-0.873090982437077, 38.10508728027338], [-0.855234026908875, 38.111312866210994], [-0.854174017906075, 38.11436080932617], [-0.846773982048035, 38.121273040771484], [-0.839223027229195, 38.12554168701172], [-0.832284986972752, 38.12599945068365], [-0.826608002185765, 38.12860488891613], [-0.815653979778233, 38.13056564331055], [-0.812068998813629, 38.13069534301769], [-0.810736000537872, 38.128280639648494], [-0.814446985721531, 38.12707901000988], [-0.827432990074158, 38.10456848144531], [-0.825024008750859, 38.09624099731445], [-0.828330993652344, 38.096267700195426], [-0.834999978542271, 38.09979629516613], [-0.844933986663818, 38.09389877319347], [-0.841738998889809, 38.08812713623046], [-0.848582983016968, 38.08294296264654], [-0.848874986171665, 38.08082199096679], [-0.840116024017334, 38.06773757934576], [-0.837517976760807, 38.05413055419933], [-0.839850008487645, 38.05430603027355], [-0.8418989777565, 38.05751037597662], [-0.852648973464852, 38.059337615966854], [-0.858264982700348, 38.06766510009777], [-0.860935986041966, 38.067138671874936], [-0.8624129891395, 38.070400238037166], [-0.864995002746582, 38.069835662841854], [-0.868215978145599, 38.07155990600597], [-0.870194017887115, 38.069404602050895], [-0.874795973300934, 38.07339096069336], [-0.879617989063263, 38.074993133545036], [-0.881753981113434, 38.067344665527344], [-0.880780994892064, 38.06112670898443], [-0.88678598403925, 38.06158828735357], [-0.88859099149704, 38.05751037597662], [-0.881035983562413, 38.05463027954113], [-0.874366998672485, 38.05630111694347], [-0.85890299081791, 38.046161651611385], [-0.854964971542358, 38.038608551025504], [-0.854498028755131, 38.03035354614263], [-0.849793970584869, 38.02958679199219], [-0.844592988491058, 38.02552413940429], [-0.843207001686096, 38.02104568481457], [-0.841123998165131, 38.021404266357536], [-0.840031981468144, 38.019855499267635], [-0.833114981651249, 38.023349761963], [-0.82506000995636, 38.03844451904302], [-0.825538992881775, 38.04075241088867], [-0.834924995899144, 38.0482063293457], [-0.835321009159031, 38.05021286010753], [-0.831521987915039, 38.05035400390619], [-0.828821003436985, 38.047653198242294], [-0.817528009414673, 38.05576324462896], [-0.813838005065861, 38.04264450073242]], [[-0.893912971019745, 38.073024749755916], [-0.90753298997879, 38.07305908203125], [-0.909502029418832, 38.07197952270519], [-0.911494016647339, 38.06647109985345], [-0.907314002513829, 38.06591796875006], [-0.908217012882176, 38.06425857543951], [-0.905018985271454, 38.06086730957031], [-0.902468979358616, 38.06081390380871], [-0.902091026306039, 38.05408477783209], [-0.899267017841339, 38.053627014160156], [-0.896522998809814, 38.04636764526373], [-0.892885029315892, 38.046440124511776], [-0.890646994113922, 38.04468536376953], [-0.884642004966736, 38.04502868652343], [-0.892526984214783, 38.05497741699219], [-0.889586985111237, 38.060890197753906], [-0.891018986701965, 38.065013885498104], [-0.893105983734131, 38.06455612182611], [-0.893912971019745, 38.073024749755916]], [[-0.856432974338475, 38.10348129272461], [-0.855421006679535, 38.099433898925774], [-0.85417598485941, 38.09952545166027], [-0.850903987884465, 38.09905624389659], [-0.842494010925293, 38.10165405273432], [-0.843739986419678, 38.10424804687506], [-0.84653198719019, 38.10506439208996], [-0.843082010746002, 38.1072349548341], [-0.838352024555206, 38.10753631591808], [-0.840049982070866, 38.11099243164074], [-0.846095025539398, 38.114921569824276], [-0.848495006561222, 38.114742279052734], [-0.848738014697972, 38.11342239379883], [-0.852082014083805, 38.11379241943365], [-0.852578997612, 38.10538482666021], [-0.855935990810337, 38.105228424072266], [-0.856432974338475, 38.10348129272461]]], [[[-0.819921016693058, 38.07266616821294], [-0.822206974029541, 38.07282638549805], [-0.828419983386936, 38.07780838012701], [-0.830003976821842, 38.08240509033203], [-0.831089019775391, 38.08545303344732], [-0.823671996593418, 38.086101531982536], [-0.819921016693058, 38.07266616821294]]]]}}, {"type": "Feature", "properties": {"cpro": "03", "name_3": "Baix Segura", "provincia": "Alicante", "communidad_autonoma": "Comunidad Valenciana", "cmun": "074", "codigo_postal": "03074", "engtype_4": "Municipality", "geo_point_2d": [38.15492071906149, -0.8933653979024171], "dc": "6", "id_2": 35, "id_3": 251, "id_0": 215, "id_1": 10, "iso": "ESP", "id_4": 6385, "type_4": "Municipality", "pais": "Spain", "ccn_4": 0, "municipio": "Granja de Rocamora", "codine": "03074", "nombre": "Granja de ", "pop": 2580, "CodMunicipio": 3074}, "geometry": {"type": "MultiPolygon", "coordinates": [[[[-0.94351601600647, 38.17160034179698], [-0.929118990898132, 38.14656066894537], [-0.927946984767857, 38.144546508789176], [-0.929201006889286, 38.14339065551758], [-0.945111989974919, 38.170909881591854], [-0.94351601600647, 38.17160034179698]]], [[[-0.894837975502014, 38.16586303710943], [-0.895660996437016, 38.150371551513786], [-0.897279024124146, 38.150012969970646], [-0.897010028362217, 38.15264129638672], [-0.895678997039738, 38.165618896484375], [-0.894837975502014, 38.16586303710943]]], [[[-0.861554026603642, 38.14916229248047], [-0.858337998390198, 38.154193878173935], [-0.860414028167725, 38.154132843017635], [-0.869612991809845, 38.146686553955135], [-0.870344996452332, 38.14782333374029], [-0.864704012870675, 38.154209136962834], [-0.887458980083465, 38.152233123779354], [-0.88783198595047, 38.15116119384771], [-0.879188001155853, 38.15116500854492], [-0.879821002483368, 38.14919281005859], [-0.892682015895844, 38.14919281005859], [-0.893894970417023, 38.15579986572277], [-0.889864981174469, 38.1562232971192], [-0.889379978179875, 38.15768432617199], [-0.876923978328705, 38.157829284668026], [-0.876751005649567, 38.15902328491211], [-0.889614999294281, 38.158615112304744], [-0.889896988868713, 38.16111755371105], [-0.875820994377136, 38.161231994628906], [-0.87573200464243, 38.16234970092785], [-0.880850970745087, 38.16287231445324], [-0.849075973033848, 38.1645126342774], [-0.843845009803715, 38.16307449340826], [-0.845444977283478, 38.15989685058593], [-0.8482710123061, 38.15535354614252], [-0.861554026603642, 38.14916229248047]]], [[[-0.956773996353149, 38.155048370361385], [-0.950887024402505, 38.1574592590332], [-0.946063995361271, 38.1552467346192], [-0.943965017795563, 38.15442657470709], [-0.939948976039886, 38.14102935791021], [-0.941380977630615, 38.13954925537115], [-0.949257016181946, 38.140678405761776], [-0.956773996353149, 38.155048370361385]]], [[[-0.931928992271423, 38.141357421875], [-0.935497999191284, 38.15159225463867], [-0.931263983249607, 38.143203735351676], [-0.931928992271423, 38.141357421875]]], [[[-0.881691992282754, 38.14451599121105], [-0.88679301738739, 38.143642425537166], [-0.88761401176447, 38.144882202148494], [-0.885457992553654, 38.146881103515625], [-0.881138980388585, 38.14688491821295], [-0.881336987018528, 38.14532089233404], [-0.884066998958588, 38.14524459838861], [-0.881691992282754, 38.14451599121105]]]]}}, {"type": "Feature", "properties": {"name_3": "Vinalopo Mitja", "provincia": "Alicante", "communidad_autonoma": "Comunidad Valenciana", "engtype_4": "Municipality", "geo_point_2d": [38.4127080466132, -1.028968813351666], "id_2": 35, "id_3": 255, "id_0": 215, "id_1": 10, "iso": "ESP", "id_4": 6483, "type_4": "Municipality", "pais": "Spain", "ccn_4": 0, "municipio": "Pinoso", "codine": "03105", "nombre": "Pinoso", "pop": 7966, "CodMunicipio": 3105}, "geometry": {"type": "Polygon", "coordinates": [[[-1.094082951545715, 38.438331604003906], [-1.081730008125305, 38.441864013671925], [-1.068063974380493, 38.45035171508795], [-1.041723966598454, 38.4697380065918], [-1.013854980468693, 38.49708557128906], [-1.002863049507084, 38.500682830810604], [-0.984360992908364, 38.47004318237316], [-0.982331991195679, 38.4605941772462], [-0.976729989051819, 38.454387664795036], [-0.973914980888367, 38.44806671142578], [-0.9809809923172, 38.42850112915039], [-0.981013000011387, 38.41376876831066], [-0.984775006771088, 38.403236389160156], [-0.981971979141179, 38.39368057250982], [-0.966955006122589, 38.38253402709961], [-0.963504016399383, 38.37165451049805], [-0.967978000640756, 38.36841583251958], [-0.967381000518799, 38.3623504638673], [-0.970468997955322, 38.359493255615234], [-0.972678005695343, 38.35997390747082], [-0.974241018295288, 38.355998992919865], [-0.97747099399561, 38.353477478027344], [-0.972126007080078, 38.35144805908209], [-0.973541975021362, 38.34868621826171], [-0.975588023662453, 38.34919357299805], [-0.979192018508911, 38.34590911865239], [-0.980581998825016, 38.346923828125114], [-0.97961300611496, 38.34965515136719], [-0.98200398683548, 38.350070953369254], [-0.98215901851654, 38.35154724121093], [-0.979744970798492, 38.35273361206066], [-0.978281974792424, 38.35839462280279], [-0.98122501373291, 38.362480163574276], [-0.97955197095871, 38.3642196655274], [-0.975308001041356, 38.364910125732536], [-0.977423012256509, 38.36709213256836], [-0.981527984142303, 38.3656387329101], [-0.982994973659515, 38.36347579956055], [-0.98842000961298, 38.363082885742244], [-1.001445055007935, 38.35382461547857], [-1.003240942955017, 38.35431671142584], [-1.002259016036987, 38.356288909912166], [-1.004073023796025, 38.356891632080135], [-1.003564953803902, 38.357971191406364], [-1.010962963104248, 38.356906890869254], [-1.018372058868351, 38.35254669189459], [-1.018095970153809, 38.355026245117244], [-1.020411968231201, 38.35540008544921], [-1.0271719694137, 38.34954833984381], [-1.026708960533142, 38.354389190673885], [-1.023262977600097, 38.35609817504888], [-1.026136994361877, 38.35566711425792], [-1.025385022163334, 38.357192993164176], [-1.031574964523259, 38.358066558838], [-1.058380007743779, 38.3459854125976], [-1.084408044815007, 38.34651565551758], [-1.088083982467595, 38.36773300170904], [-1.086730003356934, 38.398292541503906], [-1.088320970535278, 38.40353775024414], [-1.084954977035522, 38.42911148071289], [-1.076017975807133, 38.43168640136719], [-1.094082951545715, 38.438331604003906]]]}}, {"type": "Feature", "properties": {"cpro": "03", "name_3": "Comtat", "provincia": "Alicante", "communidad_autonoma": "Comunidad Valenciana", "cmun": "016", "codigo_postal": "03016", "engtype_4": "Municipality", "geo_point_2d": [38.76426498394316, -0.35768591049222004], "dc": "5", "id_2": 35, "id_3": 252, "id_0": 215, "id_1": 10, "iso": "ESP", "id_4": 6402, "type_4": "Municipality", "pais": "Spain", "ccn_4": 0, "municipio": "Almudaina", "codine": "03016", "nombre": "Almudaina", "pop": 113, "CodMunicipio": 3016}, "geometry": {"type": "Polygon", "coordinates": [[[-0.359362006187439, 38.74927902221691], [-0.361476987600327, 38.75060653686535], [-0.367680996656304, 38.754619598388786], [-0.369632005691528, 38.760097503662166], [-0.382158011198044, 38.76588058471691], [-0.377128005027771, 38.778141021728516], [-0.358799010515156, 38.777690887451286], [-0.345203995704537, 38.773380279541016], [-0.343708992004395, 38.77022933959972], [-0.332001000642776, 38.75923538208008], [-0.333294004201889, 38.756687164306754], [-0.353605002164784, 38.74848937988281], [-0.359362006187439, 38.74927902221691]]]}}, {"type": "Feature", "properties": {"name_3": "Marina Alta", "provincia": "Alicante", "communidad_autonoma": "Comunidad Valenciana", "engtype_4": "Municipality", "geo_point_2d": [38.746792997475644, -0.11578234171673701], "id_2": 35, "id_3": 253, "id_0": 215, "id_1": 10, "iso": "ESP", "id_4": 6430, "type_4": "Municipality", "pais": "Spain", "ccn_4": 0, "municipio": "Binigembla", "codine": "03029", "nombre": "Binigembla", "pop": 490, "CodMunicipio": 3029}, "geometry": {"type": "Polygon", "coordinates": [[[-0.081211999058723, 38.75629806518566], [-0.079332001507225, 38.753871917724545], [-0.080780997872353, 38.75188446044922], [-0.084179997444096, 38.75206756591791], [-0.086213000118676, 38.74821853637695], [-0.096566997468472, 38.739158630371094], [-0.097585000097695, 38.730472564697266], [-0.120705001056194, 38.72386550903325], [-0.123369000852108, 38.72447204589844], [-0.127143993973732, 38.72821044921886], [-0.138091996312141, 38.72702407836914], [-0.143159002065659, 38.73755264282232], [-0.141041994094792, 38.74450683593756], [-0.14376999437809, 38.75482940673834], [-0.141586005687714, 38.7599449157716], [-0.136282995343208, 38.763679504394645], [-0.131380006670952, 38.76480484008789], [-0.100500002503395, 38.76443099975586], [-0.096096999943143, 38.765464782714844], [-0.089790999889374, 38.763488769531364], [-0.085225999355316, 38.75690460205083], [-0.081211999058723, 38.75629806518566]]]}}, {"type": "Feature", "properties": {"cpro": "03", "name_3": "Marina Alta", "provincia": "Alicante", "communidad_autonoma": "Comunidad Valenciana", "cmun": "125", "codigo_postal": "03125", "engtype_4": "Municipality", "geo_point_2d": [38.73428763457397, 0.04444237498673], "dc": "9", "id_2": 35, "id_3": 253, "id_0": 215, "id_1": 10, "iso": "ESP", "id_4": 6451, "type_4": "Municipality", "pais": "Spain", "ccn_4": 0, "municipio": "Senija", "codine": "03125", "nombre": "Senija", "pop": 584, "CodMunicipio": 3125}, "geometry": {"type": "Polygon", "coordinates": [[[0.054942999035119, 38.74980926513672], [0.050909001380262, 38.74531936645508], [0.054499000310898, 38.7412681579591], [0.052659999579305, 38.7380828857423], [0.05536700040102, 38.72253799438488], [0.053206998854876, 38.720680236816456], [0.050974998623133, 38.722019195556584], [0.050340000540018, 38.72085571289068], [0.044842001050768, 38.72083663940441], [0.041661001742, 38.72335433959955], [0.033829998225031, 38.72422409057623], [0.03060000017291, 38.729152679443416], [0.033773001283464, 38.73453903198248], [0.029811000451559, 38.73419189453125], [0.031263001263198, 38.73719787597656], [0.036462001502571, 38.7377662658692], [0.038536000996885, 38.7394256591798], [0.040833000093755, 38.74396133422846], [0.040585000067892, 38.75007629394537], [0.054942999035119, 38.74980926513672]]]}}, {"type": "Feature", "properties": {"cpro": "03", "name_3": "Comtat", "provincia": "Alicante", "communidad_autonoma": "Comunidad Valenciana", "cmun": "007", "codigo_postal": "03007", "engtype_4": "Municipality", "geo_point_2d": [38.793072295666015, -0.40128029808577304], "dc": "3", "id_2": 35, "id_3": 252, "id_0": 215, "id_1": 10, "iso": "ESP", "id_4": 6399, "type_4": "Municipality", "pais": "Spain", "ccn_4": 0, "municipio": "Alcocer de Planes", "codine": "03007", "nombre": "Alcocer de", "pop": 230, "CodMunicipio": 3007}, "geometry": {"type": "MultiPolygon", "coordinates": [[[[-0.384483009576741, 38.78915405273443], [-0.389310002326965, 38.78972244262707], [-0.40310800075531, 38.78602600097656], [-0.410192012786865, 38.787815093994254], [-0.415535986423379, 38.787391662597656], [-0.418184995651245, 38.79916381835949], [-0.415699988603478, 38.800369262695305], [-0.414481014013234, 38.798793792724666], [-0.409763008356038, 38.799312591552734], [-0.397884011268559, 38.80431747436529], [-0.387766987085342, 38.80612182617193], [-0.384483009576741, 38.78915405273443]]], [[[-0.405288994312286, 38.766216278076286], [-0.412607997655755, 38.7636337280274], [-0.421101987361908, 38.763317108154354], [-0.417598992586079, 38.76536560058605], [-0.412582010030746, 38.76591110229492], [-0.41301101446146, 38.767795562744084], [-0.410773009061813, 38.7681999206543], [-0.408087998628616, 38.768688201904354], [-0.405288994312286, 38.766216278076286]]]]}}, {"type": "Feature", "properties": {"cpro": "03", "name_3": "Vinalopo", "provincia": "Alicante", "communidad_autonoma": "Comunidad Valenciana", "cmun": "059", "codigo_postal": "03059", "engtype_4": "Municipality", "geo_point_2d": [38.23460390016746, -0.8140998463159731], "dc": "1", "id_2": 35, "id_3": 256, "id_0": 215, "id_1": 10, "iso": "ESP", "id_4": 6485, "type_4": "Municipality", "pais": "Spain", "ccn_4": 0, "municipio": "Crevillent", "codine": "03059", "nombre": "Crevillent", "pop": 28952, "CodMunicipio": 3059}, "geometry": {"type": "Polygon", "coordinates": [[[-0.751820027828217, 38.16345596313482], [-0.755106985569, 38.164619445800774], [-0.760613024234772, 38.165172576904354], [-0.772557973861694, 38.17286300659191], [-0.785982012748718, 38.17621612548839], [-0.80137300491333, 38.172260284423885], [-0.805912971496468, 38.16629028320324], [-0.815616011619568, 38.16131591796886], [-0.814311981201172, 38.158721923828125], [-0.826593995094299, 38.15597915649414], [-0.834428012371063, 38.15847778320324], [-0.818154990673065, 38.16385269165045], [-0.820111989974976, 38.17013549804682], [-0.82463401556015, 38.184642791748104], [-0.830681025981903, 38.19651794433593], [-0.832154989242554, 38.19941329956048], [-0.835326015949192, 38.205638885498104], [-0.840583980083409, 38.20894241333002], [-0.854166984558105, 38.2223854064942], [-0.864167988300323, 38.23545074462896], [-0.870527029037419, 38.23837661743164], [-0.889213979244232, 38.25987625122064], [-0.895870983600616, 38.263988494873104], [-0.894478023052102, 38.2659263610841], [-0.885673999786377, 38.26962280273443], [-0.875308990478459, 38.277751922607536], [-0.865606009960118, 38.281578063964844], [-0.825416028499603, 38.29062271118163], [-0.802290022373199, 38.29320526123046], [-0.796095013618469, 38.28972625732416], [-0.781738996505737, 38.294879913330135], [-0.773239970207158, 38.28451919555664], [-0.77582198381424, 38.27819824218756], [-0.772993981838113, 38.27165603637707], [-0.772651970386505, 38.25069046020519], [-0.770027995109444, 38.24715423583996], [-0.76984798908228, 38.24296188354492], [-0.772414982318821, 38.242729187011776], [-0.772311985492649, 38.238971710205135], [-0.769559025764465, 38.23705291748058], [-0.772724986076355, 38.225055694580135], [-0.769079983234406, 38.219841003418026], [-0.768783986568451, 38.215709686279354], [-0.756208002567291, 38.18900680541998], [-0.751820027828217, 38.16345596313482]]]}}, {"type": "Feature", "properties": {"cpro": "03", "name_3": "Baix Segura", "provincia": "Alicante", "communidad_autonoma": "Comunidad Valenciana", "cmun": "012", "codigo_postal": "03012", "engtype_4": "Municipality", "geo_point_2d": [38.06413447450402, -0.7865987690231021], "dc": "8", "id_2": 35, "id_3": 251, "id_0": 215, "id_1": 10, "iso": "ESP", "id_4": 6372, "type_4": "Municipality", "pais": "Spain", "ccn_4": 0, "municipio": "Algorfa", "codine": "03012", "nombre": "Algorfa", "pop": 2935, "CodMunicipio": 3012}, "geometry": {"type": "Polygon", "coordinates": [[[-0.740511000156403, 38.046512603759815], [-0.741901993751469, 38.05912399291998], [-0.749472975730839, 38.05157470703131], [-0.765987992286682, 38.051448822021484], [-0.77098798751831, 38.05003738403332], [-0.77053701877594, 38.05662918090826], [-0.772713005542698, 38.06036376953131], [-0.779420971870366, 38.05984878540039], [-0.782604992389679, 38.05814361572277], [-0.78023898601532, 38.05197143554693], [-0.780843019485474, 38.04747772216808], [-0.790132999420166, 38.04621887207031], [-0.799813985824585, 38.04709625244152], [-0.81311297416687, 38.04442596435558], [-0.813838005065861, 38.04264450073242], [-0.817528009414673, 38.05576324462896], [-0.814996004104557, 38.06003189086914], [-0.816362977027836, 38.06353378295904], [-0.812431991100311, 38.07494354248058], [-0.812862992286625, 38.081169128418026], [-0.809587001800537, 38.085853576660156], [-0.810819983482361, 38.09035491943371], [-0.806207001209202, 38.089847564697315], [-0.806195974349976, 38.0917205810548], [-0.803597986698037, 38.092113494873104], [-0.802314996719247, 38.094161987304794], [-0.795285999774933, 38.09357833862305], [-0.792535006999913, 38.08077621459955], [-0.788405001163483, 38.077491760253906], [-0.78712397813797, 38.0723228454591], [-0.783572971820774, 38.06878662109381], [-0.781090974807739, 38.07013702392589], [-0.774677991867065, 38.06965637207031], [-0.772216022014618, 38.064365386962834], [-0.769303977489471, 38.06231689453136], [-0.761960029602051, 38.07033157348633], [-0.756467998027802, 38.07252502441406], [-0.751971006393433, 38.072296142578125], [-0.745887994766235, 38.064029693603516], [-0.739771008491459, 38.06053543090832], [-0.73575001955021, 38.050491333007926], [-0.736377000808659, 38.04676437377941], [-0.740511000156403, 38.046512603759815]]]}}, {"type": "Feature", "properties": {"cpro": "03", "name_3": "Baix Segura", "provincia": "Alicante", "communidad_autonoma": "Comunidad Valenciana", "cmun": "055", "codigo_postal": "03055", "engtype_4": "Municipality", "geo_point_2d": [38.15235217621652, -0.7975935722303621], "dc": "3", "id_2": 35, "id_3": 251, "id_0": 215, "id_1": 10, "iso": "ESP", "id_4": 6379, "type_4": "Municipality", "pais": "Spain", "ccn_4": 0, "municipio": "Catral", "codine": "03055", "nombre": "Catral", "pop": 8639, "CodMunicipio": 3055}, "geometry": {"type": "Polygon", "coordinates": [[[-0.794942021369877, 38.12968063354498], [-0.810736000537872, 38.128280639648494], [-0.812068998813629, 38.13069534301769], [-0.815653979778233, 38.13056564331055], [-0.829329013824463, 38.13800811767584], [-0.829391002655029, 38.147865295410156], [-0.834428012371063, 38.15847778320324], [-0.826593995094299, 38.15597915649414], [-0.814311981201172, 38.158721923828125], [-0.815616011619568, 38.16131591796886], [-0.805912971496468, 38.16629028320324], [-0.80137300491333, 38.172260284423885], [-0.785982012748718, 38.17621612548839], [-0.772557973861694, 38.17286300659191], [-0.760613024234772, 38.165172576904354], [-0.755106985569, 38.164619445800774], [-0.755824983119908, 38.16316223144537], [-0.768692970275822, 38.1584968566895], [-0.771427989005986, 38.15563964843744], [-0.771013021469116, 38.15126037597656], [-0.782150983810425, 38.14406204223644], [-0.786909997463169, 38.1372337341308], [-0.785507977008706, 38.13381958007818], [-0.794942021369877, 38.12968063354498]]]}}, {"type": "Feature", "properties": {"cpro": "03", "name_3": "Alcoia", "provincia": "Alicante", "communidad_autonoma": "Comunidad Valenciana", "cmun": "079", "codigo_postal": "03079", "engtype_4": "Municipality", "geo_point_2d": [38.624888081022135, -0.562861565206203], "dc": "7", "id_2": 35, "id_3": 249, "id_0": 215, "id_1": 10, "iso": "ESP", "id_4": 6360, "type_4": "Municipality", "pais": "Spain", "ccn_4": 0, "municipio": "Ibi", "codine": "03079", "nombre": "Ibi", "pop": 23489, "CodMunicipio": 3079}, "geometry": {"type": "Polygon", "coordinates": [[[-0.495557010173741, 38.62028503417969], [-0.510335028171426, 38.60874176025396], [-0.514559984207096, 38.6070671081543], [-0.53704601526249, 38.59893798828124], [-0.547285974025726, 38.597293853759766], [-0.564516007900238, 38.59122467041027], [-0.570905029773712, 38.59173583984381], [-0.574921011924744, 38.58979034423828], [-0.608906984329167, 38.590995788574276], [-0.616401016712189, 38.60251998901372], [-0.618614017963409, 38.611331939697315], [-0.619587004184666, 38.61664199829107], [-0.613300979137421, 38.633369445800895], [-0.610988020896855, 38.648708343505916], [-0.603161990642548, 38.65219116210943], [-0.599211990833226, 38.65109252929693], [-0.589622974395752, 38.65262603759771], [-0.58543902635563, 38.65819931030279], [-0.562852978706303, 38.65806961059582], [-0.55900597572321, 38.655601501464844], [-0.543653011321965, 38.659309387207145], [-0.524134993553048, 38.658210754394645], [-0.495557010173741, 38.62028503417969]]]}}, {"type": "Feature", "properties": {"cpro": "03", "name_3": "Comtat", "provincia": "Alicante", "communidad_autonoma": "Comunidad Valenciana", "cmun": "092", "codigo_postal": "03092", "engtype_4": "Municipality", "geo_point_2d": [38.78853827224015, -0.44576629442145604], "dc": "1", "id_2": 35, "id_3": 252, "id_0": 215, "id_1": 10, "iso": "ESP", "id_4": 6418, "type_4": "Municipality", "pais": "Spain", "ccn_4": 0, "municipio": "Muro de Alcoy", "codine": "03092", "nombre": "Muro de Al", "pop": 9324, "CodMunicipio": 3092}, "geometry": {"type": "Polygon", "coordinates": [[[-0.40310800075531, 38.78602600097656], [-0.402581989765167, 38.76561737060547], [-0.405288994312286, 38.766216278076286], [-0.408087998628616, 38.768688201904354], [-0.410773009061813, 38.7681999206543], [-0.41301101446146, 38.767795562744084], [-0.412582010030746, 38.76591110229492], [-0.417598992586079, 38.76536560058605], [-0.418336987495422, 38.76590347290039], [-0.417185992002487, 38.77133178710932], [-0.421238988637924, 38.771942138671875], [-0.423534005880299, 38.77473068237305], [-0.417762994766179, 38.77767562866222], [-0.420129001140538, 38.77817916870123], [-0.429349988698959, 38.77521133422863], [-0.430025011301041, 38.7718391418457], [-0.432393014430886, 38.768978118896484], [-0.435633987188339, 38.77043914794921], [-0.435346007347107, 38.768451690673885], [-0.437103986740112, 38.76791000366216], [-0.446873992681446, 38.766975402832024], [-0.447820007800999, 38.768535614013786], [-0.462767004966679, 38.75917434692394], [-0.494466990232411, 38.77305221557622], [-0.47533801198, 38.784133911132805], [-0.472755998372975, 38.79828643798828], [-0.479402005672398, 38.80468368530279], [-0.477481007575989, 38.80532455444347], [-0.474433988332748, 38.803890228271484], [-0.46181899309147, 38.807682037353516], [-0.461304008960724, 38.81049728393566], [-0.45988801121706, 38.81512451171881], [-0.453483998775482, 38.81731033325201], [-0.44893899559969, 38.81911468505865], [-0.447396010160446, 38.81972503662121], [-0.444245994090977, 38.82053375244135], [-0.44328498840332, 38.81911468505865], [-0.44021201133728, 38.82386016845709], [-0.435241997241974, 38.82543563842773], [-0.432182997465134, 38.82645797729497], [-0.431906998157501, 38.82306289672863], [-0.431318998336792, 38.81589508056646], [-0.428988009691125, 38.81254577636719], [-0.415699988603478, 38.800369262695305], [-0.418184995651245, 38.79916381835949], [-0.415535986423379, 38.787391662597656], [-0.410192012786865, 38.787815093994254], [-0.40310800075531, 38.78602600097656]]]}}, {"type": "Feature", "properties": {"name_3": "Vinalopo Mitja", "provincia": "Alicante", "communidad_autonoma": "Comunidad Valenciana", "engtype_4": "Municipality", "geo_point_2d": [38.35522525785182, -0.907635619488052], "id_2": 35, "id_3": 255, "id_0": 215, "id_1": 10, "iso": "ESP", "id_4": 6478, "type_4": "Municipality", "pais": "Spain", "ccn_4": 0, "municipio": "La Romana", "codine": "03114", "nombre": "La Romana", "pop": 2434, "CodMunicipio": 3114}, "geometry": {"type": "Polygon", "coordinates": [[[-0.832283020019474, 38.3572273254395], [-0.85577601194376, 38.35064697265631], [-0.873766005039158, 38.34781265258789], [-0.896938025951329, 38.34069061279297], [-0.925508975982609, 38.329372406005916], [-0.937489986419678, 38.33039474487315], [-0.942843973636627, 38.32880020141607], [-0.958481013774872, 38.3283576965332], [-0.971395015716553, 38.32964324951171], [-0.97547698020935, 38.336700439453125], [-0.97076100111002, 38.34537124633789], [-0.970468997955322, 38.359493255615234], [-0.967381000518799, 38.3623504638673], [-0.93800300359726, 38.362747192382926], [-0.925336003303414, 38.36548614501953], [-0.901638984680119, 38.3755340576173], [-0.881735980510655, 38.381404876708984], [-0.865710973739567, 38.38870239257824], [-0.849398970603886, 38.375137329101676], [-0.850513994693756, 38.37305068969732], [-0.840039014816284, 38.368839263916016], [-0.839025020599365, 38.363704681396534], [-0.840421974658966, 38.361392974853516], [-0.832283020019474, 38.3572273254395]]]}}, {"type": "Feature", "properties": {"cpro": "03", "name_3": "Marina Alta", "provincia": "Alicante", "communidad_autonoma": "Comunidad Valenciana", "cmun": "041", "codigo_postal": "03041", "engtype_4": "Municipality", "geo_point_2d": [38.692258620084004, 0.037878410054792006], "dc": "7", "id_2": 35, "id_3": 253, "id_0": 215, "id_1": 10, "iso": "ESP", "id_4": 6428, "type_4": "Municipality", "pais": "Spain", "ccn_4": 0, "municipio": "Benissa", "codine": "03041", "nombre": "Benissa", "pop": 11005, "CodMunicipio": 3041}, "geometry": {"type": "Polygon", "coordinates": [[[0.108511999249458, 38.67430496215832], [0.106804996728954, 38.67430496215832], [0.106804996728954, 38.67375183105474], [0.1027799993754, 38.67375183105474], [0.101805001497269, 38.67375183105474], [0.101805001497269, 38.673473358154354], [0.101526997983513, 38.673473358154354], [0.101526997983513, 38.67319488525396], [0.100694999098835, 38.67319488525396], [0.100694999098835, 38.67291641235357], [0.099861003458614, 38.67291641235357], [0.099861003458614, 38.67263793945318], [0.099582999944744, 38.67263793945318], [0.099582999944744, 38.67235946655279], [0.099304996430988, 38.67235946655279], [0.099304996430988, 38.6720848083496], [0.098751001060009, 38.6720848083496], [0.098751001060009, 38.671607971191406], [0.098751001060009, 38.67124938964844], [0.098472997546253, 38.67124938964844], [0.098472997546253, 38.67069625854503], [0.096251003444308, 38.67069625854503], [0.096251003444308, 38.670417785644645], [0.095972001552695, 38.670417785644645], [0.095972001552695, 38.670139312744084], [0.095693998038769, 38.670139312744084], [0.095693998038769, 38.66986083984369], [0.095137998461723, 38.66986083984369], [0.095137998461723, 38.6696510314942], [0.094584003090915, 38.66958236694336], [0.094584003090915, 38.66902923583989], [0.094305999577045, 38.66902923583989], [0.094305999577045, 38.668472290039176], [0.09402800351387, 38.668472290039176], [0.09402800351387, 38.667640686035206], [0.09375, 38.667640686035206], [0.09375, 38.667362213134815], [0.093194000422955, 38.667362213134815], [0.093194000422955, 38.66680526733404], [0.092638000845909, 38.66680526733404], [0.092638000845909, 38.66652679443365], [0.092359997332153, 38.66652679443365], [0.092359997332153, 38.66624832153326], [0.092083998024464, 38.66624832153326], [0.092083998024464, 38.66597366333007], [0.091250002384299, 38.66597366333007], [0.091250002384299, 38.66569519042968], [0.089861996471939, 38.66569519042968], [0.089861996471939, 38.6654167175293], [0.089584000408649, 38.6654167175293], [0.089584000408649, 38.665138244628906], [0.089305996894893, 38.665138244628906], [0.089305996894893, 38.6645851135255], [0.089028000831604, 38.6645851135255], [0.089028000831604, 38.66402816772472], [0.088749997317848, 38.66402816772472], [0.088749997317848, 38.66291809082036], [0.089305996894893, 38.66291809082036], [0.089305996894893, 38.66263961791998], [0.088472001254559, 38.66263961791998], [0.088472001254559, 38.661804199218864], [0.088193997740802, 38.661804199218864], [0.088193997740802, 38.661529541015625], [0.087640002369994, 38.661529541015625], [0.087640002369994, 38.66139221191412], [0.087640002369994, 38.661251068115284], [0.086805999279079, 38.661251068115284], [0.086805999279079, 38.6609725952149], [0.086528003215903, 38.6609725952149], [0.086528003215903, 38.65986251831055], [0.086249999702034, 38.65986251831055], [0.086249999702034, 38.65958404541015], [0.085972003638858, 38.65958404541015], [0.085972003638858, 38.65937805175781], [0.085972003638858, 38.659305572509766], [0.085139997303543, 38.659305572509766], [0.085083000361976, 38.659027099609375], [0.08491600304842, 38.659568786621094], [0.084025003016109, 38.662090301513786], [0.081908002495766, 38.66149520874029], [0.076214998960552, 38.665664672851506], [0.074909001588935, 38.670825958252], [0.068471997976303, 38.680751800537166], [0.050402998924312, 38.678844451904354], [0.049548998475132, 38.672760009765625], [0.046000000089464, 38.674995422363395], [0.044098999351263, 38.67432403564459], [0.039051000028905, 38.67810440063488], [0.038389999419451, 38.6744117736817], [0.044146999716759, 38.66733551025402], [0.040713001042718, 38.66381072998047], [0.030396999791265, 38.66312408447277], [0.016829000786061, 38.65493392944336], [0.000166999714565, 38.649345397949276], [0.0, 38.64920043945323], [-0.006629999727011, 38.6434364318847], [-0.044344998896065, 38.660995483398494], [-0.024398000910821, 38.678405761718864], [-0.021606000140309, 38.67700195312506], [-0.01212899945665, 38.67882156372076], [-0.012848999351263, 38.684974670410156], [-0.00692400010297, 38.69534683227539], [-0.008193000219705, 38.696361541748104], [-0.002502000192123, 38.70022201538097], [0.0, 38.70342254638666], [0.013524999842105, 38.72073364257823], [0.021093999967093, 38.72218322753906], [0.029811000451559, 38.73419189453125], [0.033773001283464, 38.73453903198248], [0.03060000017291, 38.729152679443416], [0.033829998225031, 38.72422409057623], [0.041661001742, 38.72335433959955], [0.044842001050768, 38.72083663940441], [0.050340000540018, 38.72085571289068], [0.050974998623133, 38.722019195556584], [0.053206998854876, 38.720680236816456], [0.05536700040102, 38.72253799438488], [0.052659999579305, 38.7380828857423], [0.054499000310898, 38.7412681579591], [0.050909001380262, 38.74531936645508], [0.054942999035119, 38.74980926513672], [0.064648002386093, 38.74486923217785], [0.068328998982849, 38.74858474731445], [0.077454000711498, 38.750034332275504], [0.07964900135994, 38.74488067626953], [0.088735997676963, 38.724296569824276], [0.08709999918932, 38.72395324707037], [0.088083997368813, 38.72252273559576], [0.085454002022857, 38.7199058532716], [0.085285998880977, 38.71363449096673], [0.082826003432388, 38.710994720458984], [0.082455001771507, 38.70073699951183], [0.080890998244286, 38.696189880371094], [0.078959003090915, 38.695304870605526], [0.081396996975059, 38.693241119384766], [0.085725001990909, 38.69737625122081], [0.094757996499595, 38.69755935668956], [0.107704997062797, 38.688373565673885], [0.105475999414978, 38.68279266357433], [0.1083599999547, 38.67476654052746], [0.108511999249458, 38.67430496215832]]]}}, {"type": "Feature", "properties": {"cpro": "03", "name_3": "Alcoia", "provincia": "Alicante", "communidad_autonoma": "Comunidad Valenciana", "cmun": "053", "codigo_postal": "03053", "engtype_4": "Municipality", "geo_point_2d": [38.56793715704944, -0.670547418537589], "dc": "5", "id_2": 35, "id_3": 249, "id_0": 215, "id_1": 10, "iso": "ESP", "id_4": 6359, "type_4": "Municipality", "pais": "Spain", "ccn_4": 0, "municipio": "Castalla", "codine": "03053", "nombre": "Castalla", "pop": 10124, "CodMunicipio": 3053}, "geometry": {"type": "Polygon", "coordinates": [[[-0.560424983501434, 38.57304763793957], [-0.573557972907963, 38.56618499755865], [-0.57668000459671, 38.56715011596674], [-0.579473972320557, 38.56563186645508], [-0.58907401561737, 38.56925201416021], [-0.590817987918797, 38.5675315856933], [-0.596664011478367, 38.566379547119084], [-0.605467975139561, 38.558418273925895], [-0.611606001853943, 38.55672073364258], [-0.632763028144836, 38.54385375976568], [-0.641533017158508, 38.534225463867294], [-0.647780001163426, 38.53079223632824], [-0.649298012256622, 38.526451110839844], [-0.660309016704559, 38.52477264404297], [-0.659819006919747, 38.51861953735357], [-0.654844999313241, 38.516681671142635], [-0.653751015663147, 38.511207580566406], [-0.631372988223973, 38.50229644775396], [-0.635432004928589, 38.49803543090826], [-0.643043994903564, 38.495944976806754], [-0.648678004741612, 38.49658203125005], [-0.653845012187958, 38.49524307250971], [-0.659429013729095, 38.50694274902355], [-0.668084979057255, 38.51265716552746], [-0.69793701171875, 38.52553939819347], [-0.716847002506256, 38.538368225097706], [-0.744103014469147, 38.55164718627941], [-0.749146997928506, 38.55178070068371], [-0.774385988712311, 38.575382232666016], [-0.732529997825566, 38.5960693359375], [-0.707777976989746, 38.608589172363395], [-0.685976028442383, 38.60775375366222], [-0.675763010978699, 38.60969543457037], [-0.633437991142159, 38.60755157470703], [-0.618614017963409, 38.611331939697315], [-0.616401016712189, 38.60251998901372], [-0.608906984329167, 38.590995788574276], [-0.574921011924744, 38.58979034423828], [-0.56725800037384, 38.586921691894524], [-0.557017982006016, 38.5869140625], [-0.558341979980469, 38.582389831543026], [-0.556600987911224, 38.578876495361385], [-0.560424983501434, 38.57304763793957]]]}}, {"type": "Feature", "properties": {"cpro": "03", "name_3": "Marina Alta", "provincia": "Alicante", "communidad_autonoma": "Comunidad Valenciana", "cmun": "085", "codigo_postal": "03085", "engtype_4": "Municipality", "geo_point_2d": [38.72941516742445, 0.007935706870722], "dc": "7", "id_2": 35, "id_3": 253, "id_0": 215, "id_1": 10, "iso": "ESP", "id_4": 6442, "type_4": "Municipality", "pais": "Spain", "ccn_4": 0, "municipio": "Llíber", "codine": "03085", "nombre": "Llíber", "pop": 935, "CodMunicipio": 3085}, "geometry": {"type": "Polygon", "coordinates": [[[0.006349999923259, 38.76930236816412], [0.03373799845582, 38.763603210449276], [0.040261000394935, 38.7556877136231], [0.040585000067892, 38.75007629394537], [0.040833000093755, 38.74396133422846], [0.038536000996885, 38.7394256591798], [0.036462001502571, 38.7377662658692], [0.031263001263198, 38.73719787597656], [0.029811000451559, 38.73419189453125], [0.021093999967093, 38.72218322753906], [0.013524999842105, 38.72073364257823], [0.0, 38.70342254638666], [-0.002502000192123, 38.70022201538097], [-0.008193000219705, 38.696361541748104], [-0.00692400010297, 38.69534683227539], [-0.012848999351263, 38.684974670410156], [-0.01212899945665, 38.67882156372076], [-0.021606000140309, 38.67700195312506], [-0.024398000910821, 38.678405761718864], [-0.03328400105238, 38.681999206543026], [-0.014759000390768, 38.706771850585994], [-0.00151799980074, 38.734233856201115], [0.0, 38.738998413085994], [0.004207999911273, 38.75221252441417], [0.004827999509928, 38.76155090332042], [0.003539999714235, 38.76345443725586], [0.006349999923259, 38.76930236816412]]]}}, {"type": "Feature", "properties": {"cpro": "03", "name_3": "Baix Segura", "provincia": "Alicante", "communidad_autonoma": "Comunidad Valenciana", "cmun": "049", "codigo_postal": "03049", "engtype_4": "Municipality", "geo_point_2d": [38.134105644988324, -0.8706525634744191], "dc": "4", "id_2": 35, "id_3": 251, "id_0": 215, "id_1": 10, "iso": "ESP", "id_4": 6378, "type_4": "Municipality", "pais": "Spain", "ccn_4": 0, "municipio": "Callosa de Segura", "codine": "03049", "nombre": "Callosa de", "pop": 19038, "CodMunicipio": 3049}, "geometry": {"type": "MultiPolygon", "coordinates": [[[[-0.931928992271423, 38.141357421875], [-0.934590995311737, 38.139625549316406], [-0.939948976039886, 38.14102935791021], [-0.943965017795563, 38.15442657470709], [-0.946063995361271, 38.1552467346192], [-0.947180986404419, 38.15892028808594], [-0.949962019920349, 38.168056488037166], [-0.945111989974919, 38.170909881591854], [-0.929201006889286, 38.14339065551758], [-0.927946984767857, 38.144546508789176], [-0.929118990898132, 38.14656066894537], [-0.94351601600647, 38.17160034179698], [-0.938440978527069, 38.17346191406255], [-0.930459022521859, 38.155036926269645], [-0.927845001220646, 38.145347595214844], [-0.92687600851059, 38.14145278930664], [-0.926217973232212, 38.138793945312614], [-0.930684983730259, 38.1393699645996], [-0.931928992271423, 38.141357421875]], [[-0.931928992271423, 38.141357421875], [-0.931263983249607, 38.143203735351676], [-0.935497999191284, 38.15159225463867], [-0.931928992271423, 38.141357421875]]], [[[-0.861554026603642, 38.14916229248047], [-0.8482710123061, 38.15535354614252], [-0.845444977283478, 38.15989685058593], [-0.834428012371063, 38.15847778320324], [-0.829391002655029, 38.147865295410156], [-0.829329013824463, 38.13800811767584], [-0.815653979778233, 38.13056564331055], [-0.826608002185765, 38.12860488891613], [-0.832284986972752, 38.12599945068365], [-0.839223027229195, 38.12554168701172], [-0.846773982048035, 38.121273040771484], [-0.854174017906075, 38.11436080932617], [-0.855234026908875, 38.111312866210994], [-0.873090982437077, 38.10508728027338], [-0.876756012439671, 38.10422515869146], [-0.882943987846318, 38.106727600097706], [-0.886820018291473, 38.10632705688471], [-0.893428027629852, 38.11180114746094], [-0.890793025493622, 38.1117897033692], [-0.891710996627751, 38.113136291503906], [-0.898999989032689, 38.1174774169923], [-0.900485992431584, 38.12138748168957], [-0.877543985843602, 38.13290786743164], [-0.874148011207524, 38.13863754272466], [-0.872627973556519, 38.13831329345703], [-0.870389997959137, 38.14195632934582], [-0.861554026603642, 38.14916229248047]]]]}}, {"type": "Feature", "properties": {"cpro": "03", "name_3": "Marina Baixa", "provincia": "Alicante", "communidad_autonoma": "Comunidad Valenciana", "cmun": "031", "codigo_postal": "03031", "engtype_4": "Municipality", "geo_point_2d": [38.55489621724053, -0.128415695555575], "dc": "9", "id_2": 35, "id_3": 254, "id_0": 215, "id_1": 10, "iso": "ESP", "id_4": 6457, "type_4": "Municipality", "pais": "Spain", "ccn_4": 0, "municipio": "Benidorm", "codine": "03031", "nombre": "Benidorm", "pop": 68721, "CodMunicipio": 3031}, "geometry": {"type": "MultiPolygon", "coordinates": [[[[-0.066527999937477, 38.54571914672857], [-0.066806003451291, 38.54569625854498], [-0.066806003451291, 38.54541778564459], [-0.067083999514523, 38.54541778564459], [-0.067083999514523, 38.5451393127442], [-0.067639999091568, 38.5451393127442], [-0.067639999091568, 38.54375076293945], [-0.068471997976303, 38.54375076293945], [-0.068471997976303, 38.543502807617244], [-0.068471997976303, 38.54319381713873], [-0.069027997553349, 38.54319381713873], [-0.069027997553349, 38.54291534423834], [-0.069306001067162, 38.54291534423834], [-0.069306001067162, 38.542362213134766], [-0.069583997130394, 38.542362213134766], [-0.069583997130394, 38.541805267333984], [-0.070972003042698, 38.541805267333984], [-0.070972003042698, 38.541526794433594], [-0.071528002619743, 38.541526794433594], [-0.071528002619743, 38.5412483215332], [-0.071805998682919, 38.5412483215332], [-0.071805998682919, 38.541526794433594], [-0.072916001081467, 38.541526794433594], [-0.072916001081467, 38.54097366333019], [-0.073193997144699, 38.54097366333019], [-0.073193997144699, 38.5406951904298], [-0.073472000658512, 38.5406951904298], [-0.073472000658512, 38.54013824462902], [-0.074028000235558, 38.54013824462902], [-0.074028000235558, 38.53985977172863], [-0.07430599629879, 38.53985977172863], [-0.07430599629879, 38.539028167724666], [-0.074583999812603, 38.539028167724666], [-0.074583999812603, 38.538749694824276], [-0.07430599629879, 38.538749694824276], [-0.07430599629879, 38.538471221923885], [-0.074583999812603, 38.538471221923885], [-0.074583999812603, 38.53819274902355], [-0.074859999120235, 38.53819274902355], [-0.074859999120235, 38.53791809082031], [-0.075415998697281, 38.53791809082031], [-0.075415998697281, 38.53763961791992], [-0.075694002211094, 38.53763961791992], [-0.075694002211094, 38.53736114501953], [-0.075971998274326, 38.53736114501953], [-0.075971998274326, 38.5370826721192], [-0.076806999742928, 38.5370826721192], [-0.076806999742928, 38.53680419921881], [-0.077082000672704, 38.53680419921881], [-0.077082000672704, 38.5370826721192], [-0.077915996312981, 38.5370826721192], [-0.077915996312981, 38.53680419921881], [-0.078194998204708, 38.53680419921881], [-0.078194998204708, 38.5370826721192], [-0.078433997928983, 38.5370826721192], [-0.079304002225399, 38.5370826721192], [-0.079304002225399, 38.53680419921881], [-0.079861000180188, 38.53680419921881], [-0.079861000180188, 38.536430358886776], [-0.079861000180188, 38.53541564941406], [-0.080695003271046, 38.53541564941406], [-0.080695003271046, 38.53513717651367], [-0.081251002848092, 38.53513717651367], [-0.081251002848092, 38.53486251831066], [-0.082360997796059, 38.53486251831066], [-0.082360997796059, 38.53458404541027], [-0.082916997373104, 38.53458404541027], [-0.082916997373104, 38.53430557250988], [-0.083195000886917, 38.53430557250988], [-0.083195000886917, 38.53402709960949], [-0.084026999771538, 38.53402709960949], [-0.084026999771538, 38.5337486267091], [-0.084305003285408, 38.5337486267091], [-0.084305003285408, 38.533195495605526], [-0.084582999348584, 38.533195495605526], [-0.084582999348584, 38.533473968505916], [-0.084861002862453, 38.533473968505916], [-0.084861002862453, 38.533195495605526], [-0.085694998502674, 38.533195495605526], [-0.085694998502674, 38.532917022705135], [-0.086249001324177, 38.532917022705135], [-0.086249001324177, 38.532360076904354], [-0.086811996996346, 38.532360076904354], [-0.087361000478268, 38.532360076904354], [-0.087361000478268, 38.53180694580078], [-0.0876389965415, 38.53180694580078], [-0.0876389965415, 38.53152847290039], [-0.087917000055313, 38.53152847290039], [-0.087917000055313, 38.53124237060547], [-0.087917000055313, 38.53097152709961], [-0.088186003267708, 38.53097152709961], [-0.088472999632359, 38.53097152709961], [-0.088472999632359, 38.530693054199276], [-0.087917000055313, 38.530693054199276], [-0.087917000055313, 38.53041839599621], [-0.088195003569012, 38.53041839599621], [-0.088195003569012, 38.530139923095646], [-0.088472999632359, 38.530139923095646], [-0.088472999632359, 38.52958297729492], [-0.088748998939991, 38.52958297729492], [-0.088748998939991, 38.52902603149414], [-0.089304998517036, 38.52902603149414], [-0.089304998517036, 38.52875137329113], [-0.089860998094082, 38.52875137329113], [-0.089860998094082, 38.52819442749035], [-0.090418003499451, 38.52819442749035], [-0.090418003499451, 38.52791595458996], [-0.090695999562683, 38.52791595458996], [-0.090695999562683, 38.52763748168957], [-0.091806001961231, 38.52763748168957], [-0.091806001961231, 38.527362823486385], [-0.092362001538277, 38.527362823486385], [-0.092362001538277, 38.52763748168957], [-0.093194000422898, 38.52763748168957], [-0.093194000422898, 38.527084350585994], [-0.09347199648613, 38.527084350585994], [-0.09347199648613, 38.52695083618164], [-0.09347199648613, 38.526805877685604], [-0.094028003513756, 38.526805877685604], [-0.094028003513756, 38.52652740478521], [-0.094861999154034, 38.52652740478521], [-0.094861999154034, 38.52597045898443], [-0.095140002667847, 38.52597045898443], [-0.095140002667847, 38.52569580078125], [-0.095693998038769, 38.52569580078125], [-0.095693998038769, 38.52458190917969], [-0.096249997615814, 38.52458190917969], [-0.096249997615814, 38.524307250976676], [-0.096528001129627, 38.524307250976676], [-0.096528001129627, 38.523471832275334], [-0.09680599719286, 38.523471832275334], [-0.09680599719286, 38.523750305175724], [-0.097084000706673, 38.523750305175724], [-0.097084000706673, 38.523471832275334], [-0.097915999591294, 38.523471832275334], [-0.097915999591294, 38.523193359375], [-0.098471999168339, 38.523193359375], [-0.098471999168339, 38.524028778076286], [-0.098750002682209, 38.524028778076286], [-0.098750002682209, 38.524307250976676], [-0.099027998745385, 38.524307250976676], [-0.099027998745385, 38.524665832519645], [-0.099027998745385, 38.52486038208008], [-0.099306002259254, 38.52486038208008], [-0.099306002259254, 38.52513885498047], [-0.09958399832243, 38.52513885498047], [-0.09958399832243, 38.52541732788086], [-0.100694000720978, 38.52541732788086], [-0.100694000720978, 38.52597045898443], [-0.102063998579922, 38.52597045898443], [-0.102637998759747, 38.52597045898443], [-0.102637998759747, 38.52624893188482], [-0.103472001850605, 38.52624893188482], [-0.103472001850605, 38.52652740478521], [-0.104028999805394, 38.52652740478521], [-0.104028999805394, 38.526805877685604], [-0.105972997844219, 38.526805877685604], [-0.105972997844219, 38.527084350585994], [-0.106528997421265, 38.527084350585994], [-0.106528997421265, 38.527362823486385], [-0.10680499672884, 38.527362823486385], [-0.10680499672884, 38.52800750732421], [-0.10680499672884, 38.52819442749035], [-0.107242003083229, 38.52819442749035], [-0.107638999819699, 38.52819442749035], [-0.107638999819699, 38.52836608886719], [-0.107638999819699, 38.52847290039074], [-0.107888996601105, 38.52847290039074], [-0.108473002910557, 38.52847290039074], [-0.108473002910557, 38.52819442749035], [-0.10875099897379, 38.52819442749035], [-0.10875099897379, 38.52847290039074], [-0.109029002487603, 38.52847290039074], [-0.109029002487603, 38.52902603149414], [-0.10875099897379, 38.52902603149414], [-0.10875099897379, 38.52930450439453], [-0.108473002910557, 38.52930450439453], [-0.108473002910557, 38.530139923095646], [-0.108194999396744, 38.530139923095646], [-0.108194999396744, 38.530693054199276], [-0.107917003333512, 38.530693054199276], [-0.107917003333512, 38.532360076904354], [-0.108194999396744, 38.532360076904354], [-0.108194999396744, 38.532638549804744], [-0.108473002910557, 38.532638549804744], [-0.108473002910557, 38.532917022705135], [-0.109305001795292, 38.532917022705135], [-0.109305001795292, 38.533195495605526], [-0.11013899743557, 38.533195495605526], [-0.11013899743557, 38.533473968505916], [-0.110417000949383, 38.533473968505916], [-0.110417000949383, 38.5337486267091], [-0.110694997012615, 38.5337486267091], [-0.110694997012615, 38.53402709960949], [-0.110973000526428, 38.53402709960949], [-0.110973000526428, 38.53430557250988], [-0.111527003347874, 38.53430557250988], [-0.111527003347874, 38.53458404541027], [-0.11291699856514, 38.53458404541027], [-0.11291699856514, 38.53486251831066], [-0.116526998579502, 38.53486251831066], [-0.116526998579502, 38.53513717651367], [-0.118470996618157, 38.53513717651367], [-0.118470996618157, 38.53541564941406], [-0.120140001177788, 38.53541564941406], [-0.120140001177788, 38.53569412231445], [-0.12347199767828, 38.53569412231445], [-0.12347199767828, 38.535972595214844], [-0.124862000346184, 38.535972595214844], [-0.124862000346184, 38.53569412231445], [-0.125415995716992, 38.53569412231445], [-0.125415995716992, 38.53541564941406], [-0.126806005835533, 38.53541564941406], [-0.126806005835533, 38.53486251831066], [-0.129028007388001, 38.53486251831066], [-0.129028007388001, 38.53458404541027], [-0.129859998822212, 38.53458404541027], [-0.129859998822212, 38.53430557250988], [-0.130137994885445, 38.53430557250988], [-0.130137994885445, 38.533473968505916], [-0.130416005849838, 38.533473968505916], [-0.130416005849838, 38.532917022705135], [-0.130694001913071, 38.532917022705135], [-0.130694001913071, 38.532810211181584], [-0.130694001913071, 38.532638549804744], [-0.130971997976303, 38.532638549804744], [-0.130971997976303, 38.532917022705135], [-0.131341993808689, 38.532917022705135], [-0.131529003381672, 38.532917022705135], [-0.131529003381672, 38.53402709960949], [-0.131806999444905, 38.53402709960949], [-0.131806999444905, 38.53430557250988], [-0.13263900578022, 38.53430557250988], [-0.13263900578022, 38.53458404541027], [-0.132359996437913, 38.53458404541027], [-0.132359996437913, 38.53541564941406], [-0.13263900578022, 38.53541564941406], [-0.13263900578022, 38.53569412231445], [-0.132917001843452, 38.53569412231445], [-0.132917001843452, 38.535972595214844], [-0.133751004934311, 38.535972595214844], [-0.133751004934311, 38.53625106811518], [-0.134029000997543, 38.53625106811518], [-0.134029000997543, 38.53652954101556], [-0.135139003395977, 38.53652954101556], [-0.135139003395977, 38.53680419921881], [-0.139304995536747, 38.53680419921881], [-0.139304995536747, 38.53652954101556], [-0.140043005347252, 38.53652954101556], [-0.140695005655289, 38.53652954101556], [-0.140695005655289, 38.53680419921881], [-0.141804993152618, 38.53680419921881], [-0.141820996999741, 38.536598205566406], [-0.142083004116898, 38.53654479980469], [-0.142083004116898, 38.53680419921881], [-0.1440269947052, 38.53680419921881], [-0.1440269947052, 38.53652954101556], [-0.146806001663208, 38.53652954101556], [-0.146806001663208, 38.53680419921881], [-0.147640004754066, 38.53680419921881], [-0.147640004754066, 38.53652954101556], [-0.148471996188107, 38.53652954101556], [-0.148471996188107, 38.53625106811518], [-0.149305999278965, 38.53625106811518], [-0.149305999278965, 38.535972595214844], [-0.150416001677513, 38.535972595214844], [-0.150416001677513, 38.53569412231445], [-0.151528000831604, 38.53569412231445], [-0.151528000831604, 38.53541564941406], [-0.152083992958069, 38.53541564941406], [-0.152083992958069, 38.53513717651367], [-0.152362003922462, 38.53513717651367], [-0.152362003922462, 38.53499984741216], [-0.152362003922462, 38.53486251831066], [-0.15291599929327, 38.53486251831066], [-0.15291599929327, 38.53458404541027], [-0.153750002384186, 38.53458404541027], [-0.153750002384186, 38.53430557250988], [-0.154027998447361, 38.53430557250988], [-0.154027998447361, 38.53402709960949], [-0.154584005475044, 38.53402709960949], [-0.154584005475044, 38.5337486267091], [-0.155415996909142, 38.5337486267091], [-0.155415996909142, 38.533473968505916], [-0.155972003936654, 38.533473968505916], [-0.155972003936654, 38.533195495605526], [-0.156527996063232, 38.533195495605526], [-0.156527996063232, 38.532917022705135], [-0.156806007027512, 38.532917022705135], [-0.156806007027512, 38.532638549804744], [-0.157085001468658, 38.532638549804744], [-0.157085001468658, 38.532360076904354], [-0.157637998461723, 38.532360076904354], [-0.157637998461723, 38.532638549804744], [-0.158194005489349, 38.532638549804744], [-0.158194005489349, 38.532360076904354], [-0.158472999930325, 38.532360076904354], [-0.158472999930325, 38.53152847290039], [-0.158750995993557, 38.53152847290039], [-0.158750995993557, 38.53125], [-0.159582003951016, 38.53125], [-0.159582003951016, 38.53097152709961], [-0.159860998392105, 38.53097152709961], [-0.159860998392105, 38.530693054199276], [-0.160138994455338, 38.530693054199276], [-0.160138994455338, 38.529861450195256], [-0.160695001482964, 38.529861450195256], [-0.160695001482964, 38.52930450439453], [-0.161250993609428, 38.52930450439453], [-0.161250993609428, 38.52875137329113], [-0.161529004573822, 38.52875137329113], [-0.161529004573822, 38.52819442749035], [-0.161805003881398, 38.52819442749035], [-0.161805003881398, 38.52791595458996], [-0.16208299994463, 38.52791595458996], [-0.16208299994463, 38.52763748168957], [-0.161805003881398, 38.52763748168957], [-0.161805003881398, 38.527362823486385], [-0.161529004573822, 38.527362823486385], [-0.161529004573822, 38.527084350585994], [-0.161250993609428, 38.527084350585994], [-0.161250993609428, 38.526805877685604], [-0.160695001482964, 38.526805877685604], [-0.160695001482964, 38.52652740478521], [-0.160417005419731, 38.52652740478521], [-0.160417005419731, 38.52597045898443], [-0.160138994455338, 38.52597045898443], [-0.160138994455338, 38.52544403076183], [-0.160138994455338, 38.52513885498047], [-0.160417005419731, 38.52513885498047], [-0.160417005419731, 38.524307250976676], [-0.161250993609428, 38.524307250976676], [-0.161250993609428, 38.524028778076286], [-0.161805003881398, 38.524028778076286], [-0.161805003881398, 38.523750305175724], [-0.163194999098721, 38.523750305175724], [-0.163194999098721, 38.523471832275334], [-0.163657993078232, 38.523471832275334], [-0.163874000310784, 38.523471832275334], [-0.175058007240239, 38.56094360351557], [-0.158989995718002, 38.57063674926758], [-0.167170003056526, 38.5829696655274], [-0.179646000266075, 38.591522216796875], [-0.179483994841519, 38.595645904541065], [-0.186557993292809, 38.60494995117199], [-0.186676993966046, 38.61016845703125], [-0.173066005110741, 38.60121154785156], [-0.164887994527817, 38.59019470214844], [-0.160119995474815, 38.58625030517584], [-0.140274003147965, 38.576374053955135], [-0.133778005838394, 38.5706520080567], [-0.132569998502731, 38.56724929809576], [-0.119589999318066, 38.56897735595703], [-0.11464499682188, 38.56842422485363], [-0.099570997059345, 38.571701049804744], [-0.094068996608257, 38.57008361816417], [-0.068245999515, 38.54732131958008], [-0.066527999937477, 38.54571914672857]]], [[[-0.072084002196789, 38.53625106811518], [-0.072084002196789, 38.535972595214844], [-0.072360001504421, 38.535972595214844], [-0.072360001504421, 38.53625106811518], [-0.072637997567654, 38.53625106811518], [-0.072637997567654, 38.53610992431652], [-0.072637997567654, 38.535972595214844], [-0.072916001081467, 38.535972595214844], [-0.072916001081467, 38.53625106811518], [-0.073193997144699, 38.53625106811518], [-0.073193997144699, 38.53680419921881], [-0.072637997567654, 38.53680419921881], [-0.072637997567654, 38.5370826721192], [-0.071805998682919, 38.5370826721192], [-0.071805998682919, 38.53736114501953], [-0.070972003042698, 38.53736114501953], [-0.070972003042698, 38.53680419921881], [-0.071249999105873, 38.53680419921881], [-0.071249999105873, 38.53625106811518], [-0.072084002196789, 38.53625106811518]]], [[[-0.130971997976303, 38.503471374511776], [-0.130971997976303, 38.50319290161144], [-0.12958399951458, 38.50319290161144], [-0.12958399951458, 38.5029182434082], [-0.129306003451234, 38.5029182434082], [-0.129306003451234, 38.502639770507805], [-0.128749996423721, 38.502639770507805], [-0.128749996423721, 38.50208282470709], [-0.128472000360489, 38.50208282470709], [-0.128472000360489, 38.50185775756847], [-0.128472000360489, 38.50152587890631], [-0.128749996423721, 38.50152587890631], [-0.128749996423721, 38.500972747802734], [-0.129306003451234, 38.500972747802734], [-0.129306003451234, 38.500694274902344], [-0.130137994885445, 38.500694274902344], [-0.130137994885445, 38.500972747802734], [-0.13125100731844, 38.500972747802734], [-0.13125100731844, 38.50152587890631], [-0.13208200037468, 38.50152587890631], [-0.13208200037468, 38.50125122070307], [-0.13263900578022, 38.50125122070307], [-0.13263900578022, 38.50152587890631], [-0.132917001843452, 38.50152587890631], [-0.132917001843452, 38.50208282470709], [-0.13263900578022, 38.50208282470709], [-0.13263900578022, 38.50236129760742], [-0.13208200037468, 38.50236129760742], [-0.13208200037468, 38.502639770507805], [-0.131529003381672, 38.502639770507805], [-0.131529003381672, 38.502758026123104], [-0.131529003381672, 38.50319290161144], [-0.13125100731844, 38.50319290161144], [-0.13125100731844, 38.503471374511776], [-0.130971997976303, 38.503471374511776]]]]}}, {"type": "Feature", "properties": {"name_3": "Vinalopo", "provincia": "Alicante", "communidad_autonoma": "Comunidad Valenciana", "engtype_4": "Municipality", "geo_point_2d": [38.24725057537936, -0.664750272107951], "id_2": 35, "id_3": 256, "id_0": 215, "id_1": 10, "iso": "ESP", "id_4": 6486, "type_4": "Municipality", "pais": "Spain", "ccn_4": 0, "municipio": "Elche", "codine": "03065", "nombre": "Elche", "pop": 232517, "CodMunicipio": 3065}, "geometry": {"type": "MultiPolygon", "coordinates": [[[[-0.751820027828217, 38.16345596313482], [-0.756208002567291, 38.18900680541998], [-0.768783986568451, 38.215709686279354], [-0.769079983234406, 38.219841003418026], [-0.772724986076355, 38.225055694580135], [-0.769559025764465, 38.23705291748058], [-0.772311985492649, 38.238971710205135], [-0.772414982318821, 38.242729187011776], [-0.76984798908228, 38.24296188354492], [-0.770027995109444, 38.24715423583996], [-0.772651970386505, 38.25069046020519], [-0.772993981838113, 38.27165603637707], [-0.77582198381424, 38.27819824218756], [-0.773239970207158, 38.28451919555664], [-0.781738996505737, 38.294879913330135], [-0.761254012584629, 38.298824310302734], [-0.745720982551575, 38.30785369873047], [-0.740908026695251, 38.31224822998047], [-0.734950006008148, 38.312576293945426], [-0.706049025058633, 38.32685470581055], [-0.701188981533051, 38.32859039306652], [-0.69063001871109, 38.32892990112305], [-0.679325997829437, 38.33118438720709], [-0.67463302612299, 38.334831237793026], [-0.645183980464935, 38.34129714965832], [-0.640402972698212, 38.344833374023544], [-0.62353199720377, 38.342899322509766], [-0.612856984138432, 38.33731842041021], [-0.611721992492619, 38.33460235595703], [-0.600836992263794, 38.324737548828175], [-0.576847016811257, 38.30600738525396], [-0.567975997924748, 38.301795959472656], [-0.550487995147648, 38.30326843261713], [-0.543029010295868, 38.306484222412166], [-0.541576981544495, 38.305831909179744], [-0.535619020462036, 38.29974365234381], [-0.524648010730743, 38.27502059936529], [-0.519860982894841, 38.27492904663097], [-0.519582986831608, 38.27486038208013], [-0.519582986831608, 38.27097320556652], [-0.519304990768376, 38.27097320556652], [-0.519304990768376, 38.26708221435547], [-0.519026994705143, 38.26708221435547], [-0.519026994705143, 38.26486206054693], [-0.518748998641911, 38.26486206054693], [-0.518748998641911, 38.26402664184581], [-0.518471002578679, 38.26402664184581], [-0.518471002578679, 38.263195037841854], [-0.518194973468781, 38.263195037841854], [-0.518194973468781, 38.26263809204107], [-0.517916977405548, 38.26263809204107], [-0.517916977405548, 38.26124954223633], [-0.517638981342316, 38.26124954223633], [-0.517638981342316, 38.26076889038097], [-0.517638981342316, 38.260417938232536], [-0.517360985279083, 38.260417938232536], [-0.517360985279083, 38.260139465332145], [-0.517082989215851, 38.260139465332145], [-0.517082989215851, 38.25958251953119], [-0.516804993152618, 38.25958251953119], [-0.516804993152618, 38.25680541992193], [-0.516526997089386, 38.25680541992193], [-0.516526997089386, 38.2551383972168], [-0.516251027584076, 38.2551383972168], [-0.516251027584076, 38.25374984741222], [-0.515972971916199, 38.25374984741222], [-0.515972971916199, 38.25291824340826], [-0.515694975852853, 38.25291824340826], [-0.515694975852853, 38.25180435180675], [-0.51541697978962, 38.25180435180675], [-0.51541697978962, 38.251529693603516], [-0.515694975852853, 38.25152587890636], [-0.515694975852853, 38.250972747802734], [-0.515972971916199, 38.250972747802734], [-0.515972971916199, 38.24986267089838], [-0.515694975852853, 38.24986267089838], [-0.515694975852853, 38.249305725097656], [-0.51541697978962, 38.249305725097656], [-0.51541697978962, 38.248474121093864], [-0.515138983726445, 38.248470306396484], [-0.515138983726445, 38.24763870239269], [-0.51541697978962, 38.24763870239269], [-0.51541697978962, 38.24597167968756], [-0.515138983726445, 38.24597167968756], [-0.515138983726445, 38.24402618408209], [-0.514860987663212, 38.24402618408209], [-0.514860987663212, 38.24172592163097], [-0.514860987663212, 38.24152755737316], [-0.51458299159998, 38.24152755737316], [-0.51458299159998, 38.2406463623048], [-0.51458299159998, 38.23930740356445], [-0.514304995536747, 38.23930740356445], [-0.514304995536747, 38.23764038085949], [-0.514026999473515, 38.23764038085949], [-0.514026999473515, 38.23708343505854], [-0.514304995536747, 38.23708343505854], [-0.514304995536747, 38.23569488525402], [-0.514026999473515, 38.23569488525402], [-0.514026999473515, 38.23485946655285], [-0.51375097036356, 38.23485946655285], [-0.51375097036356, 38.233749389648494], [-0.513472974300385, 38.233749389648494], [-0.513472974300385, 38.233470916748104], [-0.513194978237152, 38.233470916748104], [-0.513194978237152, 38.23291778564453], [-0.51291698217392, 38.23291778564453], [-0.51291698217392, 38.23263931274414], [-0.512638986110687, 38.23263931274414], [-0.512638986110687, 38.23236083984375], [-0.512449979782048, 38.23236083984375], [-0.512360990047455, 38.23236083984375], [-0.512360990047455, 38.23208236694336], [-0.512082993984222, 38.23208236694336], [-0.512082993984222, 38.23152923583996], [-0.51180499792099, 38.23152923583996], [-0.51180499792099, 38.23125076293957], [-0.51152902841568, 38.23125076293957], [-0.51152902841568, 38.230972290039006], [-0.511250972747803, 38.230972290039006], [-0.511250972747803, 38.23041534423828], [-0.51097297668457, 38.23041534423828], [-0.51097297668457, 38.22986221313482], [-0.510694980621338, 38.22986221313482], [-0.510694980621338, 38.22874832153332], [-0.510416984557992, 38.22874832153332], [-0.510416984557992, 38.227916717529354], [-0.510138988494759, 38.227916717529354], [-0.510138988494759, 38.22569274902344], [-0.510694980621338, 38.22569274902344], [-0.510694980621338, 38.22555160522461], [-0.510694980621338, 38.225139617920036], [-0.51097297668457, 38.225139617920036], [-0.510989010333958, 38.2245445251466], [-0.514846980571747, 38.226211547851506], [-0.519324004650059, 38.23597335815441], [-0.526673972606602, 38.24090576171875], [-0.543102025985718, 38.246685028076286], [-0.555265009403115, 38.24545288085949], [-0.561076998710632, 38.24419403076172], [-0.560831010341644, 38.24132537841797], [-0.57214701175684, 38.232925415039055], [-0.575832009315491, 38.22792816162104], [-0.582095026969853, 38.22399520874035], [-0.590138971805516, 38.22258377075201], [-0.595323979854584, 38.21665954589855], [-0.602678000926915, 38.21251296997082], [-0.607771992683411, 38.213195800781364], [-0.616599023342133, 38.20453643798834], [-0.624568998813629, 38.20271682739258], [-0.630330979824066, 38.20462417602539], [-0.6300989985466, 38.202339172363395], [-0.633871018886566, 38.19725036621093], [-0.650063991546574, 38.18619918823253], [-0.657272994518223, 38.17852783203119], [-0.67049598693842, 38.17552947998046], [-0.667759001254922, 38.16719436645508], [-0.637158989906311, 38.16511154174805], [-0.635532021522522, 38.161781311035156], [-0.631407022476196, 38.161231994628906], [-0.633866012096405, 38.15328979492198], [-0.631278991699219, 38.15215301513683], [-0.626527011394501, 38.154304504394474], [-0.626527011394501, 38.15402603149414], [-0.626805007457733, 38.15402603149414], [-0.626805007457733, 38.153472900390675], [-0.627083003520966, 38.153472900390675], [-0.627083003520966, 38.1529693603515], [-0.627360999584198, 38.15291595458996], [-0.627360999584198, 38.15263748168957], [-0.62763899564743, 38.15263748168957], [-0.62763899564743, 38.15236282348633], [-0.627916991710663, 38.15236282348633], [-0.627916991710663, 38.1518058776856], [-0.628193020820618, 38.1518058776856], [-0.628193020820618, 38.15152740478521], [-0.62847101688385, 38.15152740478521], [-0.62847101688385, 38.151084899902344], [-0.62847101688385, 38.15097045898443], [-0.628749012947083, 38.15097045898443], [-0.628749012947083, 38.15069580078125], [-0.629027009010315, 38.15069580078125], [-0.629027009010315, 38.15041732788086], [-0.629305005073491, 38.15041732788086], [-0.629305005073491, 38.15013885498046], [-0.629584014415684, 38.15013885498046], [-0.629584014415684, 38.14986038208008], [-0.629862010478916, 38.14986038208008], [-0.629862010478916, 38.14958190917969], [-0.630140006542149, 38.14958190917969], [-0.630140006542149, 38.14902877807628], [-0.630418002605381, 38.14902877807628], [-0.630418002605381, 38.14875030517589], [-0.630693018436375, 38.14875030517589], [-0.630693018436375, 38.148471832275504], [-0.630972027778625, 38.148471832275504], [-0.630972027778625, 38.14819335937494], [-0.631806015968323, 38.14819335937494], [-0.631806015968323, 38.14791488647455], [-0.632084012031555, 38.14791488647455], [-0.632084012031555, 38.14764022827154], [-0.63264000415802, 38.14764022827154], [-0.63264000415802, 38.14708328247075], [-0.63291597366333, 38.14708328247075], [-0.63291597366333, 38.146804809570426], [-0.633194029331207, 38.146804809570426], [-0.633194029331207, 38.145694732666065], [-0.63347202539444, 38.145694732666065], [-0.63347202539444, 38.14541625976568], [-0.633750021457615, 38.14541625976568], [-0.633750021457615, 38.1448593139649], [-0.634028017520848, 38.1448593139649], [-0.634028017520848, 38.14402770996093], [-0.63430601358408, 38.14402770996093], [-0.63430601358408, 38.143470764160156], [-0.634584009647313, 38.143470764160156], [-0.634584009647313, 38.14263916015636], [-0.634862005710545, 38.14263916015636], [-0.634862005710545, 38.14208221435558], [-0.634584009647313, 38.14208221435558], [-0.634584009647313, 38.14152908325201], [-0.634862005710545, 38.14152908325201], [-0.634862005710545, 38.14069366455084], [-0.635415971279087, 38.14069366455084], [-0.635415971279087, 38.140415191650504], [-0.635694026946908, 38.140415191650504], [-0.635694026946908, 38.140140533447266], [-0.635972023010254, 38.140140533447266], [-0.635972023010254, 38.139862060546875], [-0.636250019073486, 38.139862060546875], [-0.636250019073486, 38.13874816894537], [-0.636528015136719, 38.13874816894537], [-0.636528015136719, 38.13847351074213], [-0.636806011199951, 38.13847351074213], [-0.636806011199951, 38.137916564941406], [-0.637084007263184, 38.137916564941406], [-0.637084007263184, 38.13763809204101], [-0.63735997676838, 38.13763809204101], [-0.63735997676838, 38.137359619140625], [-0.637916028499603, 38.137359619140625], [-0.637916028499603, 38.137084960937614], [-0.638194024562836, 38.137084960937614], [-0.638194024562836, 38.13680648803722], [-0.638472020626068, 38.13680648803722], [-0.638472020626068, 38.13541793823248], [-0.638194024562836, 38.13541793823248], [-0.638194024562836, 38.13513946533209], [-0.638472020626068, 38.13513946533209], [-0.638472020626068, 38.134769439697266], [-0.638472020626068, 38.134029388427734], [-0.638750016689301, 38.134029388427734], [-0.638750016689301, 38.133193969726555], [-0.639028012752476, 38.133193969726555], [-0.639028012752476, 38.13152694702148], [-0.639306008815709, 38.13152694702148], [-0.639306008815709, 38.13013839721691], [-0.639584004878941, 38.13013839721691], [-0.639584004878941, 38.12930679321295], [-0.639859974384308, 38.12930679321295], [-0.639859974384308, 38.12841033935547], [-0.655525028705597, 38.128368377685604], [-0.658147990703583, 38.13905334472656], [-0.660745978355351, 38.14276504516596], [-0.670476019382477, 38.143550872802734], [-0.678838014602547, 38.142131805420036], [-0.697525024414006, 38.136028289795036], [-0.715739011764526, 38.136573791503906], [-0.751820027828217, 38.16345596313482]]], [[[-0.510989010333958, 38.2245445251466], [-0.510694980621338, 38.224582672119084], [-0.510694980621338, 38.224418640136776], [-0.510989010333958, 38.2245445251466]]]]}}, {"type": "Feature", "properties": {"cpro": "03", "name_3": "Vinalopo", "provincia": "Alicante", "communidad_autonoma": "Comunidad Valenciana", "cmun": "121", "codigo_postal": "03121", "engtype_4": "Municipality", "geo_point_2d": [38.2036332716515, -0.577116861077559], "dc": "0", "id_2": 35, "id_3": 256, "id_0": 215, "id_1": 10, "iso": "ESP", "id_4": 6487, "type_4": "Municipality", "pais": "Spain", "ccn_4": 0, "municipio": "Santa Pola", "codine": "03121", "nombre": "Santa Pola", "pop": 32306, "CodMunicipio": 3121}, "geometry": {"type": "Polygon", "coordinates": [[[-0.622639000415802, 38.16069412231439], [-0.622916996479034, 38.16069412231439], [-0.622916996479034, 38.16013717651367], [-0.623194992542267, 38.16013717651367], [-0.623194992542267, 38.159862518310604], [-0.623472988605499, 38.159862518310604], [-0.623472988605499, 38.15958404541026], [-0.623749017715454, 38.15958404541026], [-0.623750984668732, 38.15930557250988], [-0.62402701377863, 38.15930557250988], [-0.62402701377863, 38.1587486267091], [-0.624305009841862, 38.1587486267091], [-0.624305009841862, 38.158473968505916], [-0.624583005905095, 38.158473968505916], [-0.624583005905095, 38.158195495605526], [-0.624861001968327, 38.158195495605526], [-0.624861001968327, 38.15791702270513], [-0.625138998031559, 38.15791702270513], [-0.625138998031559, 38.157638549804744], [-0.625416994094792, 38.157638549804744], [-0.625416994094792, 38.15708160400396], [-0.625694990158024, 38.15708160400396], [-0.625694990158024, 38.15680694580078], [-0.625972986221257, 38.15680694580078], [-0.625972986221257, 38.15652847290039], [-0.626249015331268, 38.15652847290039], [-0.626249015331268, 38.15541839599621], [-0.625972986221257, 38.15541839599621], [-0.625972986221257, 38.15458297729486], [-0.626249015331268, 38.15458297729486], [-0.62627899646759, 38.15436935424816], [-0.626426994800454, 38.15433120727545], [-0.626527011394501, 38.154304504394474], [-0.631278991699219, 38.15215301513683], [-0.633866012096405, 38.15328979492198], [-0.631407022476196, 38.161231994628906], [-0.635532021522522, 38.161781311035156], [-0.637158989906311, 38.16511154174805], [-0.667759001254922, 38.16719436645508], [-0.67049598693842, 38.17552947998046], [-0.657272994518223, 38.17852783203119], [-0.650063991546574, 38.18619918823253], [-0.633871018886566, 38.19725036621093], [-0.6300989985466, 38.202339172363395], [-0.630330979824066, 38.20462417602539], [-0.624568998813629, 38.20271682739258], [-0.616599023342133, 38.20453643798834], [-0.607771992683411, 38.213195800781364], [-0.602678000926915, 38.21251296997082], [-0.595323979854584, 38.21665954589855], [-0.590138971805516, 38.22258377075201], [-0.582095026969853, 38.22399520874035], [-0.575832009315491, 38.22792816162104], [-0.57214701175684, 38.232925415039055], [-0.560831010341644, 38.24132537841797], [-0.561076998710632, 38.24419403076172], [-0.555265009403115, 38.24545288085949], [-0.543102025985718, 38.246685028076286], [-0.526673972606602, 38.24090576171875], [-0.519324004650059, 38.23597335815441], [-0.514846980571747, 38.226211547851506], [-0.510989010333958, 38.2245445251466], [-0.510694980621338, 38.224418640136776], [-0.510694980621338, 38.22430419921869], [-0.510416984557992, 38.22430419921869], [-0.510416984557992, 38.22402954101568], [-0.510271012783051, 38.22402954101568], [-0.509860992431584, 38.22402954101568], [-0.509860992431584, 38.22375106811529], [-0.50958198308939, 38.22375106811529], [-0.50958198308939, 38.22319412231457], [-0.509307026863098, 38.22319412231457], [-0.509307026863098, 38.22152709960943], [-0.508750975131932, 38.22152709960943], [-0.508750975131932, 38.22124862670904], [-0.508472979068699, 38.22124862670904], [-0.508472979068699, 38.22097396850586], [-0.50819402933115, 38.22097396850586], [-0.50819402933115, 38.22069549560547], [-0.50791597366333, 38.22069549560547], [-0.50791597366333, 38.219581604003906], [-0.507637977600098, 38.219581604003906], [-0.507637977600098, 38.21791839599615], [-0.507359981536865, 38.21791839599615], [-0.507359981536865, 38.216526031494254], [-0.507081985473633, 38.216526031494254], [-0.507081985473633, 38.21569061279308], [-0.507081985473633, 38.21478652954107], [-0.507081985473633, 38.213195800781364], [-0.507359981536865, 38.213195800781364], [-0.507359981536865, 38.21236038208019], [-0.507637977600098, 38.21236038208019], [-0.507637977600098, 38.21041488647472], [-0.50791597366333, 38.21041488647472], [-0.50791597366333, 38.209861755371094], [-0.50819402933115, 38.209861755371094], [-0.50819402933115, 38.208194732666016], [-0.508472979068699, 38.208194732666016], [-0.508472979068699, 38.207359313964844], [-0.508750975131932, 38.207359313964844], [-0.508750975131932, 38.20652770996105], [-0.509028971195164, 38.20652770996105], [-0.509028971195164, 38.20513916015631], [-0.509307026863098, 38.20513916015631], [-0.509307026863098, 38.204582214355526], [-0.50958198308939, 38.204582214355526], [-0.50958198308939, 38.204303741455135], [-0.509860992431584, 38.204303741455135], [-0.509860992431584, 38.20347213745117], [-0.50958198308939, 38.20347213745117], [-0.50958198308939, 38.20320129394537], [-0.50958198308939, 38.20291519165045], [-0.509860992431584, 38.20291519165045], [-0.509860992431584, 38.20239639282232], [-0.510138988494759, 38.20236206054682], [-0.510138988494759, 38.20209503173834], [-0.510138988494759, 38.2015266418457], [-0.510416984557992, 38.2015266418457], [-0.510416984557992, 38.2009735107423], [-0.510694980621338, 38.2009735107423], [-0.510694980621338, 38.20069503784191], [-0.51097297668457, 38.20069503784191], [-0.51097297668457, 38.20041656494152], [-0.511250972747803, 38.20041656494152], [-0.511250972747803, 38.20013809204113], [-0.51180499792099, 38.20013809204113], [-0.51180499792099, 38.19958496093756], [-0.512082993984222, 38.19958496093756], [-0.512082993984222, 38.199028015136776], [-0.512638986110687, 38.199028015136776], [-0.512638986110687, 38.198471069335994], [-0.51291698217392, 38.198471069335994], [-0.51291698217392, 38.198192596435604], [-0.513194978237152, 38.198192596435604], [-0.513194978237152, 38.19791793823242], [-0.513472974300385, 38.19791793823242], [-0.513472974300385, 38.19763946533203], [-0.51375097036356, 38.19763946533203], [-0.51375097036356, 38.19708251953125], [-0.514026999473515, 38.19708251953125], [-0.514026999473515, 38.19680404663086], [-0.51458299159998, 38.19680404663086], [-0.51458299159998, 38.19652938842785], [-0.514860987663212, 38.19652938842785], [-0.514860987663212, 38.19625091552746], [-0.515138983726445, 38.19625091552746], [-0.515138983726445, 38.195972442626896], [-0.51541697978962, 38.195972442626896], [-0.51541697978962, 38.195693969726506], [-0.515972971916199, 38.195693969726506], [-0.515972971916199, 38.19541549682617], [-0.516251027584076, 38.19541549682617], [-0.516251027584076, 38.19513702392578], [-0.516526997089386, 38.19513702392578], [-0.516526997089386, 38.19486236572271], [-0.516804993152618, 38.19486236572271], [-0.516804993152618, 38.19458389282238], [-0.517360985279083, 38.19458389282238], [-0.517360985279083, 38.19430541992199], [-0.517638981342316, 38.19430541992199], [-0.517638981342316, 38.1940269470216], [-0.518194973468781, 38.1940269470216], [-0.518194973468781, 38.19374847412121], [-0.519304990768376, 38.19374847412121], [-0.519304990768376, 38.19347381591802], [-0.519582986831608, 38.19347381591802], [-0.519582986831608, 38.193195343017635], [-0.519860982894841, 38.193195343017635], [-0.519860982894841, 38.192916870117244], [-0.520138978958073, 38.192916870117244], [-0.520138978958073, 38.192638397216854], [-0.520695984363556, 38.192638397216854], [-0.520695984363556, 38.19235992431646], [-0.521248996257782, 38.19235992431646], [-0.521248996257782, 38.19208526611328], [-0.521804988384247, 38.19208145141607], [-0.521804988384247, 38.19180679321288], [-0.522639989852905, 38.19180679321288], [-0.522639989852905, 38.1915283203125], [-0.524028003215733, 38.1915283203125], [-0.524028003215733, 38.19124984741211], [-0.525416016578674, 38.19124984741211], [-0.525416016578674, 38.19097137451172], [-0.525694012641907, 38.19097137451172], [-0.525694012641907, 38.19069290161133], [-0.526250004768372, 38.19069290161133], [-0.526250004768372, 38.19041824340832], [-0.526805996894836, 38.19041824340832], [-0.526805996894836, 38.190139770507926], [-0.527639985084534, 38.190139770507926], [-0.527639985084534, 38.189861297607536], [-0.528750002384129, 38.189861297607536], [-0.528750002384129, 38.189582824706974], [-0.531805992126465, 38.189582824706974], [-0.531805992126465, 38.189304351806584], [-0.532083988189697, 38.189304351806584], [-0.532083988189697, 38.189582824706974], [-0.533194005489293, 38.189582824706974], [-0.533194005489293, 38.189304351806584], [-0.534439027309418, 38.189304351806584], [-0.537639021873417, 38.189304351806584], [-0.537639021873417, 38.189029693603565], [-0.53791701793665, 38.18902587890625], [-0.53791701793665, 38.187637329101676], [-0.537639021873417, 38.187637329101676], [-0.537639021873417, 38.187084197998104], [-0.537954986095315, 38.187084197998104], [-0.538662016391754, 38.187084197998104], [-0.539304971694889, 38.187084197998104], [-0.539304971694889, 38.187637329101676], [-0.53958302736271, 38.187637329101676], [-0.53958302736271, 38.18819427490246], [-0.539861023426056, 38.18819427490246], [-0.539861023426056, 38.18875122070318], [-0.540139019489288, 38.18875122070318], [-0.540139019489288, 38.18902587890625], [-0.543195009231511, 38.189029693603565], [-0.543195009231511, 38.189304351806584], [-0.54422998428339, 38.189304351806584], [-0.553758978843632, 38.189304351806584], [-0.555415987968388, 38.189304351806584], [-0.555427014827728, 38.189029693603565], [-0.55569398403162, 38.189029693603565], [-0.55569398403162, 38.189304351806584], [-0.556249976158028, 38.189304351806584], [-0.556249976158028, 38.189029693603565], [-0.556527972221375, 38.18902587890625], [-0.556527972221375, 38.188854217529354], [-0.556527972221375, 38.18736267089843], [-0.557637989521027, 38.18736267089843], [-0.557637989521027, 38.187084197998104], [-0.558193981647491, 38.187084197998104], [-0.558193981647491, 38.18680572509771], [-0.558471977710724, 38.18680572509771], [-0.558471977710724, 38.18624877929693], [-0.559306025505009, 38.18624877929693], [-0.559306025505009, 38.18597412109375], [-0.559859991073552, 38.18597412109375], [-0.559859991073552, 38.18569564819335], [-0.560137987136784, 38.18569564819335], [-0.560137987136784, 38.18513870239258], [-0.560693979263249, 38.18513870239258], [-0.560693979263249, 38.18486022949219], [-0.561249971389657, 38.18486022949219], [-0.561249971389657, 38.1845817565918], [-0.561806976795197, 38.1845817565918], [-0.561806976795197, 38.18486022949219], [-0.56208199262619, 38.18486022949219], [-0.56208199262619, 38.1845817565918], [-0.562359988689423, 38.1845817565918], [-0.562359988689423, 38.18513870239258], [-0.562637984752655, 38.18513870239258], [-0.562637984752655, 38.18541717529297], [-0.56208199262619, 38.18541717529297], [-0.56208199262619, 38.18513870239258], [-0.561806976795197, 38.18513870239258], [-0.561806976795197, 38.18541717529297], [-0.561528980731964, 38.18541717529297], [-0.561528980731964, 38.18597030639654], [-0.561249971389657, 38.18597412109375], [-0.561249971389657, 38.18624877929693], [-0.560971975326481, 38.18624877929693], [-0.560971975326481, 38.18652725219732], [-0.560693979263249, 38.18652725219732], [-0.560693979263249, 38.18680572509771], [-0.560415983200016, 38.18680572509771], [-0.560415983200016, 38.187084197998104], [-0.560137987136784, 38.187084197998104], [-0.560137987136784, 38.18680572509771], [-0.559859991073552, 38.18680572509771], [-0.559859991073552, 38.187084197998104], [-0.559584021568185, 38.187084197998104], [-0.559584021568185, 38.18736267089843], [-0.559306025505009, 38.18736267089843], [-0.559306025505009, 38.187637329101676], [-0.559028029441777, 38.187637329101676], [-0.559028029441777, 38.18791580200207], [-0.558794021606445, 38.18791580200207], [-0.558471977710724, 38.18791580200207], [-0.558471977710724, 38.18819427490246], [-0.557915985584259, 38.18819427490246], [-0.557915985584259, 38.18847274780279], [-0.557362020015717, 38.18847274780279], [-0.557362020015717, 38.18875122070318], [-0.557084023952484, 38.18875122070318], [-0.557084023952484, 38.189304351806584], [-0.557362020015717, 38.189304351806584], [-0.557362020015717, 38.189582824706974], [-0.557524025440102, 38.189582824706974], [-0.557637989521027, 38.189582824706974], [-0.557637989521027, 38.189861297607536], [-0.557915985584259, 38.189861297607536], [-0.557915985584259, 38.190139770507926], [-0.558193981647491, 38.190139770507926], [-0.558193981647491, 38.189861297607536], [-0.558749973773956, 38.189861297607536], [-0.558749973773956, 38.189582824706974], [-0.559028029441777, 38.189582824706974], [-0.559028029441777, 38.189304351806584], [-0.558749973773956, 38.189304351806584], [-0.558749973773956, 38.189029693603565], [-0.559306025505009, 38.18902587890625], [-0.559306025505009, 38.18875122070318], [-0.559584021568185, 38.18875122070318], [-0.559584021568185, 38.18847274780279], [-0.560137987136784, 38.18847274780279], [-0.560137987136784, 38.18819427490246], [-0.560415983200016, 38.18819427490246], [-0.560415983200016, 38.18875122070318], [-0.560693979263249, 38.18875122070318], [-0.560693979263249, 38.189304351806584], [-0.560971975326481, 38.189304351806584], [-0.560971975326481, 38.19041824340832], [-0.560693979263249, 38.19041824340832], [-0.560693979263249, 38.19069290161133], [-0.560971975326481, 38.19069290161133], [-0.560971975326481, 38.19097137451172], [-0.561528980731964, 38.19097137451172], [-0.561528980731964, 38.19069290161133], [-0.561806976795197, 38.19069290161133], [-0.561806976795197, 38.19041824340832], [-0.56208199262619, 38.19041824340832], [-0.56208199262619, 38.19069290161133], [-0.562359988689423, 38.19069290161133], [-0.562359988689423, 38.19041824340832], [-0.562637984752655, 38.19041824340832], [-0.562637984752655, 38.190139770507926], [-0.562359988689423, 38.190139770507926], [-0.562359988689423, 38.189582824706974], [-0.56208199262619, 38.189582824706974], [-0.56208199262619, 38.189304351806584], [-0.562359988689423, 38.189304351806584], [-0.562359988689423, 38.18902587890625], [-0.56208199262619, 38.18902587890625], [-0.56208199262619, 38.187084197998104], [-0.561806976795197, 38.187084197998104], [-0.561806976795197, 38.18680572509771], [-0.56208199262619, 38.18680572509771], [-0.56208199262619, 38.18652725219732], [-0.562359988689423, 38.18652725219732], [-0.562359988689423, 38.18624877929693], [-0.562916994094849, 38.18624877929693], [-0.562916994094849, 38.18652725219732], [-0.563472986221313, 38.18652725219732], [-0.563472986221313, 38.18680572509771], [-0.564025998115483, 38.18680572509771], [-0.564028978347721, 38.187637329101676], [-0.564305007457676, 38.187637329101676], [-0.564305007457676, 38.18819427490246], [-0.564583003520909, 38.18819427490246], [-0.564583003520909, 38.18875122070318], [-0.564860999584141, 38.18875122070318], [-0.564860999584141, 38.189582824706974], [-0.565138995647373, 38.189582824706974], [-0.565138995647373, 38.190139770507926], [-0.565416991710606, 38.190139770507926], [-0.565416991710606, 38.19041824340832], [-0.565694987773782, 38.19041824340832], [-0.565694987773782, 38.19097137451172], [-0.565972983837014, 38.19097137451172], [-0.565972983837014, 38.1915283203125], [-0.56625097990036, 38.1915283203125], [-0.56625097990036, 38.19180679321288], [-0.56986099481577, 38.19180679321288], [-0.56986099481577, 38.1915283203125], [-0.571805000305176, 38.1915283203125], [-0.571805000305176, 38.19124984741211], [-0.574860990047398, 38.19124984741211], [-0.574860990047398, 38.19097137451172], [-0.575417995452767, 38.19097137451172], [-0.575417995452767, 38.19124984741211], [-0.576249003410339, 38.19124984741211], [-0.576249003410339, 38.19097137451172], [-0.578472018241825, 38.19097137451172], [-0.578472018241825, 38.19069290161133], [-0.580416023731232, 38.19069290161133], [-0.580416023731232, 38.19041824340832], [-0.582916021347046, 38.19041824340832], [-0.582916021347046, 38.190139770507926], [-0.585694015026092, 38.190139770507926], [-0.585694015026092, 38.189861297607536], [-0.587638020515442, 38.189861297607536], [-0.587638020515442, 38.189582824706974], [-0.589860022067967, 38.189582824706974], [-0.589860022067967, 38.189304351806584], [-0.590138971805516, 38.189304351806584], [-0.590138971805516, 38.189582824706974], [-0.591251015663147, 38.189582824706974], [-0.591251015663147, 38.189861297607536], [-0.591526985168343, 38.189861297607536], [-0.591529011726379, 38.189582824706974], [-0.592082977294922, 38.189582824706974], [-0.592082977294922, 38.189029693603565], [-0.592360973358154, 38.18902587890625], [-0.592360973358154, 38.188873291015625], [-0.592360973358154, 38.18875122070318], [-0.592652022838479, 38.18875122070318], [-0.592917025089264, 38.18875122070318], [-0.592917025089264, 38.18902587890625], [-0.593473017215672, 38.18902587890625], [-0.593473017215672, 38.18875122070318], [-0.594860970973912, 38.18875122070318], [-0.594860970973912, 38.18902587890625], [-0.595139026641732, 38.18902587890625], [-0.595139026641732, 38.18875122070318], [-0.595695018768311, 38.18875122070318], [-0.595695018768311, 38.18847274780279], [-0.595973014831543, 38.18847274780279], [-0.595973014831543, 38.18791580200207], [-0.596526980399972, 38.18791580200207], [-0.596526980399972, 38.187637329101676], [-0.596804976463204, 38.187637329101676], [-0.596804976463204, 38.18736267089843], [-0.59763902425766, 38.18736267089843], [-0.59763902425766, 38.187084197998104], [-0.597917020320892, 38.187084197998104], [-0.597917020320892, 38.18680572509771], [-0.598195016384125, 38.18680572509771], [-0.598195016384125, 38.18652725219732], [-0.598470985889435, 38.18652725219732], [-0.598470985889435, 38.18624877929693], [-0.598748981952667, 38.18624877929693], [-0.598748981952667, 38.18597412109375], [-0.599861025810185, 38.18597412109375], [-0.599861025810185, 38.18569564819335], [-0.600417017936593, 38.18569564819335], [-0.600417017936593, 38.18541717529297], [-0.600695013999939, 38.18541717529297], [-0.600695013999939, 38.18513870239258], [-0.600970983505192, 38.18513870239258], [-0.600970983505192, 38.1845817565918], [-0.601248979568425, 38.1845817565918], [-0.601248979568425, 38.184307098388786], [-0.601804971694833, 38.184307098388786], [-0.601804971694833, 38.184028625488395], [-0.602361977100372, 38.184028625488395], [-0.602361977100372, 38.183750152588004], [-0.602639973163605, 38.183750152588004], [-0.602639973163605, 38.183471679687614], [-0.602918028831425, 38.183471679687614], [-0.602918028831425, 38.18319320678705], [-0.603192985057831, 38.18319320678705], [-0.603192985057831, 38.18264007568364], [-0.603470981121063, 38.18264007568364], [-0.603470981121063, 38.18236160278326], [-0.603749990463257, 38.18236160278326], [-0.603749990463257, 38.18208312988287], [-0.604027986526489, 38.18208312988287], [-0.604027986526489, 38.181804656982536], [-0.604583978652897, 38.181804656982536], [-0.604583978652897, 38.181526184082145], [-0.60486197471613, 38.181526184082145], [-0.60486197471613, 38.181251525878906], [-0.605139970779362, 38.181251525878906], [-0.605139970779362, 38.18097305297851], [-0.605693995952549, 38.18097305297851], [-0.605693995952549, 38.18069458007818], [-0.606249988078957, 38.18069458007818], [-0.606249988078957, 38.18041610717779], [-0.606805980205536, 38.18041610717779], [-0.606805980205536, 38.1801376342774], [-0.607083976268768, 38.1801376342774], [-0.607083976268768, 38.17986297607416], [-0.607640027999878, 38.17986297607416], [-0.607640027999878, 38.17958450317382], [-0.60819399356842, 38.17958450317382], [-0.60819399356842, 38.17930603027344], [-0.609027981758118, 38.17930603027344], [-0.609027981758118, 38.17902755737305], [-0.60930597782135, 38.17902755737305], [-0.60930597782135, 38.178749084472656], [-0.609583973884583, 38.178749084472656], [-0.609583973884583, 38.178470611572266], [-0.609862029552346, 38.178470611572266], [-0.609862029552346, 38.17819595336925], [-0.610415995120945, 38.17819595336925], [-0.610415995120945, 38.177917480468864], [-0.61097198724741, 38.177917480468864], [-0.61097198724741, 38.17736053466808], [-0.611249983310643, 38.17736053466808], [-0.611249983310643, 38.17708206176769], [-0.611527979373818, 38.17708206176769], [-0.611527979373818, 38.17680740356451], [-0.611805975437051, 38.17680740356451], [-0.611805975437051, 38.17652893066411], [-0.612083971500397, 38.17652893066411], [-0.612083971500397, 38.17625045776373], [-0.612360000610351, 38.17625045776373], [-0.612360000610351, 38.17597198486334], [-0.612637996673584, 38.17597198486334], [-0.612637996673584, 38.17569351196295], [-0.612915992736816, 38.17569351196295], [-0.612915992736816, 38.175140380859375], [-0.613193988800049, 38.175140380859375], [-0.613193988800049, 38.17486190795898], [-0.613471984863281, 38.17486190795898], [-0.613471984863281, 38.174583435058594], [-0.613749980926514, 38.174583435058594], [-0.613749980926514, 38.17439651489269], [-0.613749980926514, 38.17430496215826], [-0.614027976989746, 38.17430496215826], [-0.614027976989746, 38.17402648925787], [-0.614582002162877, 38.17402648925787], [-0.614582002162877, 38.17347335815424], [-0.614859998226109, 38.17347335815424], [-0.614859998226109, 38.172916412353516], [-0.615137994289341, 38.172916412353516], [-0.615137994289341, 38.172637939453125], [-0.615415990352574, 38.172637939453125], [-0.615415990352574, 38.172359466552734], [-0.615693986415806, 38.172359466552734], [-0.615693986415806, 38.17180633544933], [-0.615972995757943, 38.17180633544933], [-0.615972995757943, 38.17124938964855], [-0.616250991821175, 38.17124938964855], [-0.616250991821175, 38.17097091674816], [-0.616528987884521, 38.17097091674816], [-0.616528987884521, 38.17041778564458], [-0.616806983947754, 38.17041778564458], [-0.616806983947754, 38.16986083984381], [-0.617081999778748, 38.16986083984381], [-0.617081999778748, 38.169582366943416], [-0.617361009120941, 38.169582366943416], [-0.617361009120941, 38.169029235839844], [-0.617917001247406, 38.169029235839844], [-0.617917001247406, 38.168750762939446], [-0.618194997310638, 38.168750762939446], [-0.618194997310638, 38.16791534423834], [-0.618472993373871, 38.16791534423834], [-0.618472993373871, 38.16764068603527], [-0.618194997310638, 38.16764068603527], [-0.618194997310638, 38.16678619384771], [-0.618194997310638, 38.16541671752941], [-0.618472993373871, 38.16541671752941], [-0.618472993373871, 38.16513824462902], [-0.619028985500336, 38.16513824462902], [-0.619028985500336, 38.16485977172863], [-0.619412004947606, 38.16485977172863], [-0.619861006736698, 38.16485977172863], [-0.619861006736698, 38.16458511352545], [-0.620139002799931, 38.16458511352545], [-0.620139002799931, 38.16430664062505], [-0.620416998863163, 38.16430664062505], [-0.620416998863163, 38.163471221923885], [-0.620694994926396, 38.163471221923885], [-0.620694994926396, 38.163192749023494], [-0.620972990989628, 38.163192749023494], [-0.620972990989628, 38.16291809082031], [-0.621250987052804, 38.16291809082031], [-0.621250987052804, 38.162639617919915], [-0.621528983116036, 38.162639617919915], [-0.621528983116036, 38.162361145019524], [-0.621805012226105, 38.162361145019524], [-0.621805012226105, 38.16180419921875], [-0.622083008289337, 38.16180419921875], [-0.622083008289337, 38.16152954101574], [-0.622361004352569, 38.16152954101574], [-0.622361004352569, 38.16125106811534], [-0.622639000415802, 38.16125106811534], [-0.622639000415802, 38.16069412231439]]]}}, {"type": "Feature", "properties": {"name_3": "Comtat", "provincia": "Alicante", "communidad_autonoma": "Comunidad Valenciana", "engtype_4": "Municipality", "geo_point_2d": [38.77224294568946, -0.42348989561890205], "id_2": 35, "id_3": 252, "id_0": 215, "id_1": 10, "iso": "ESP", "id_4": 6415, "type_4": "Municipality", "pais": "Spain", "ccn_4": 0, "municipio": "L'Alqueria d'Asnar", "codine": "03017", "nombre": "L'Alqueria", "pop": 493, "CodMunicipio": 3017}, "geometry": {"type": "Polygon", "coordinates": [[[-0.418336987495422, 38.76590347290039], [-0.422149986028614, 38.767707824706974], [-0.422863990068436, 38.7696266174317], [-0.426999986171722, 38.76953887939459], [-0.430025011301041, 38.7718391418457], [-0.429349988698959, 38.77521133422863], [-0.420129001140538, 38.77817916870123], [-0.417762994766179, 38.77767562866222], [-0.423534005880299, 38.77473068237305], [-0.421238988637924, 38.771942138671875], [-0.417185992002487, 38.77133178710932], [-0.418336987495422, 38.76590347290039]]]}}, {"type": "Feature", "properties": {"cpro": "03", "name_3": "Marina Baixa", "provincia": "Alicante", "communidad_autonoma": "Comunidad Valenciana", "cmun": "037", "codigo_postal": "03037", "engtype_4": "Municipality", "geo_point_2d": [38.64578204706255, -0.20249238360325303], "dc": "7", "id_2": 35, "id_3": 254, "id_0": 215, "id_1": 10, "iso": "ESP", "id_4": 6459, "type_4": "Municipality", "pais": "Spain", "ccn_4": 0, "municipio": "Benimantell", "codine": "03037", "nombre": "Benimantel", "pop": 483, "CodMunicipio": 3037}, "geometry": {"type": "Polygon", "coordinates": [[[-0.166859999299049, 38.64426040649414], [-0.172356992959976, 38.63738250732433], [-0.175530001521054, 38.63585662841808], [-0.17974600195879, 38.63611221313482], [-0.173776999115944, 38.62488555908203], [-0.181884005665665, 38.61909103393555], [-0.186676993966046, 38.61016845703125], [-0.197641998529377, 38.60808944702154], [-0.216028004884663, 38.61069107055664], [-0.224464997649193, 38.60807418823248], [-0.233205005526429, 38.6023330688476], [-0.23104499280447, 38.60656356811529], [-0.237373992800656, 38.615219116210994], [-0.229561001062393, 38.61798477172857], [-0.236849993467331, 38.61628723144531], [-0.235482007265034, 38.62287521362305], [-0.237391993403435, 38.633903503418026], [-0.234825998544636, 38.64086151123041], [-0.229168996214867, 38.642780303955135], [-0.227421000599861, 38.649963378906364], [-0.232923001050835, 38.653022766113395], [-0.221000999212265, 38.66654586791992], [-0.223856002092361, 38.674457550048885], [-0.222671002149468, 38.67623901367193], [-0.218538999557381, 38.676712036132926], [-0.219404995441437, 38.67808151245123], [-0.21634399890894, 38.677856445312614], [-0.216207996010667, 38.6802330017091], [-0.210108995437622, 38.6875114440918], [-0.208035007119122, 38.685863494873104], [-0.198465004563275, 38.68428421020508], [-0.193666994571686, 38.689361572265625], [-0.18792100250721, 38.69109344482422], [-0.170073002576771, 38.69247436523443], [-0.169113993644601, 38.696640014648494], [-0.164606004953384, 38.69990158081049], [-0.154024004936218, 38.69856262207037], [-0.163090005517006, 38.687934875488395], [-0.171865001320839, 38.68259048461914], [-0.17849899828434, 38.67605590820318], [-0.18308499455452, 38.67810440063488], [-0.187941998243275, 38.677951812744254], [-0.198618993163109, 38.682693481445305], [-0.200232997536659, 38.67963409423828], [-0.202878996729737, 38.680130004882926], [-0.203768000006676, 38.67293548583984], [-0.20168499648571, 38.672416687011776], [-0.200762003660202, 38.671043395996094], [-0.202475994825363, 38.670146942138615], [-0.194778993725777, 38.66241073608404], [-0.186263993382454, 38.6621360778808], [-0.177919998764992, 38.65949249267584], [-0.177594006061554, 38.65378189086914], [-0.172120004892349, 38.6498031616212], [-0.171351999044418, 38.64596176147461], [-0.166859999299049, 38.64426040649414]]]}}, {"type": "Feature", "properties": {"cpro": "03", "name_3": "Baix Segura", "provincia": "Alicante", "communidad_autonoma": "Comunidad Valenciana", "cmun": "044", "codigo_postal": "03044", "engtype_4": "Municipality", "geo_point_2d": [38.06055589834134, -0.895756891074694], "dc": "3", "id_2": 35, "id_3": 251, "id_0": 215, "id_1": 10, "iso": "ESP", "id_4": 6377, "type_4": "Municipality", "pais": "Spain", "ccn_4": 0, "municipio": "Bigastro", "codine": "03044", "nombre": "Bigastro", "pop": 6733, "CodMunicipio": 3044}, "geometry": {"type": "MultiPolygon", "coordinates": [[[[-0.893912971019745, 38.073024749755916], [-0.893105983734131, 38.06455612182611], [-0.891018986701965, 38.065013885498104], [-0.889586985111237, 38.060890197753906], [-0.892526984214783, 38.05497741699219], [-0.884642004966736, 38.04502868652343], [-0.890646994113922, 38.04468536376953], [-0.892885029315892, 38.046440124511776], [-0.896522998809814, 38.04636764526373], [-0.899267017841339, 38.053627014160156], [-0.902091026306039, 38.05408477783209], [-0.902468979358616, 38.06081390380871], [-0.905018985271454, 38.06086730957031], [-0.908217012882176, 38.06425857543951], [-0.907314002513829, 38.06591796875006], [-0.911494016647339, 38.06647109985345], [-0.909502029418832, 38.07197952270519], [-0.90753298997879, 38.07305908203125], [-0.893912971019745, 38.073024749755916]]], [[[-0.880780994892064, 38.06112670898443], [-0.874366998672485, 38.05630111694347], [-0.881035983562413, 38.05463027954113], [-0.88859099149704, 38.05751037597662], [-0.88678598403925, 38.06158828735357], [-0.880780994892064, 38.06112670898443]]]]}}, {"type": "Feature", "properties": {"name_3": "Alacanti", "provincia": "Alicante", "communidad_autonoma": "Comunidad Valenciana", "engtype_4": "Municipality", "geo_point_2d": [38.55118357947594, -0.489600972054672], "id_2": 35, "id_3": 248, "id_0": 215, "id_1": 10, "iso": "ESP", "id_4": 6351, "type_4": "Municipality", "pais": "Spain", "ccn_4": 0, "municipio": "Jijona", "codine": "03082", "nombre": "Jijona", "pop": 27604, "CodMunicipio": 3082}, "geometry": {"type": "Polygon", "coordinates": [[[-0.562066018581334, 38.48097991943371], [-0.55357897281641, 38.50349807739258], [-0.55688601732254, 38.51081848144531], [-0.545065999031067, 38.524925231933594], [-0.541141986846867, 38.535087585449276], [-0.544884026050454, 38.535690307617244], [-0.548107028007507, 38.54310226440441], [-0.551766991615239, 38.54481506347662], [-0.550275981426239, 38.549884796142635], [-0.552581012248993, 38.55189895629883], [-0.554665982723122, 38.564529418945426], [-0.556807994842529, 38.565662384033196], [-0.560424983501434, 38.57304763793957], [-0.556600987911224, 38.578876495361385], [-0.558341979980469, 38.582389831543026], [-0.557017982006016, 38.5869140625], [-0.56725800037384, 38.586921691894524], [-0.574921011924744, 38.58979034423828], [-0.570905029773712, 38.59173583984381], [-0.564516007900238, 38.59122467041027], [-0.547285974025726, 38.597293853759766], [-0.53704601526249, 38.59893798828124], [-0.514559984207096, 38.6070671081543], [-0.510335028171426, 38.60874176025396], [-0.495557010173741, 38.62028503417969], [-0.484445989131927, 38.63058853149419], [-0.483119010925236, 38.64255142211914], [-0.473206996917725, 38.646724700927734], [-0.468580991029739, 38.65088653564459], [-0.466930985450745, 38.64947128295904], [-0.46717000007618, 38.64133453369146], [-0.464464992284718, 38.64254379272461], [-0.45966899394989, 38.6400604248048], [-0.460124999284744, 38.63654708862316], [-0.45058199763298, 38.62802505493164], [-0.444763988256398, 38.62594985961914], [-0.449672996997776, 38.62488555908203], [-0.449232995510101, 38.62234497070324], [-0.451878994703236, 38.61930465698248], [-0.458761990070343, 38.61465454101568], [-0.45575800538063, 38.609664916992244], [-0.452928006649017, 38.61175918579113], [-0.449277013540268, 38.609489440918026], [-0.444153010845071, 38.601482391357365], [-0.447396010160446, 38.593502044677734], [-0.4425989985466, 38.58897018432623], [-0.445490986108723, 38.58124160766613], [-0.43914100527752, 38.57836532592785], [-0.432646006345749, 38.578330993652344], [-0.414245992898941, 38.57193374633789], [-0.408789992332458, 38.5737037658692], [-0.402987003326359, 38.56494522094732], [-0.396970003843251, 38.5628395080567], [-0.393853008747101, 38.55924606323248], [-0.395916998386383, 38.55416488647472], [-0.394715994596424, 38.55276870727545], [-0.39978700876236, 38.540718078613395], [-0.42154398560524, 38.539279937744254], [-0.428640991449356, 38.53320312500005], [-0.431896001100483, 38.53363418579101], [-0.432518005371037, 38.52614974975586], [-0.430721998214722, 38.5260124206543], [-0.434673994779587, 38.523223876953125], [-0.43305400013918, 38.51718902587896], [-0.43536901473999, 38.51366043090826], [-0.437386006116867, 38.51403045654291], [-0.439630985259953, 38.51185607910162], [-0.438423007726669, 38.51198196411144], [-0.440322011709213, 38.50916671752924], [-0.448098003864175, 38.50521087646496], [-0.44563901424408, 38.500865936279354], [-0.448675006628036, 38.496402740478516], [-0.453352004289627, 38.494125366210994], [-0.46244299411768, 38.49281692504882], [-0.479272007942143, 38.483982086181584], [-0.498787999153137, 38.4781379699707], [-0.501475989818573, 38.47604370117198], [-0.505331993102971, 38.47521591186518], [-0.513568997383118, 38.480339050293026], [-0.524031996726933, 38.47833633422857], [-0.524496972560883, 38.475837707519645], [-0.527172982692662, 38.474029541015625], [-0.532068014144841, 38.4732666015625], [-0.537715971469879, 38.47169494628906], [-0.541697978973332, 38.475563049316406], [-0.554960012435856, 38.47729110717784], [-0.562066018581334, 38.48097991943371]]]}}, {"type": "Feature", "properties": {"cpro": "03", "name_3": "Marina Alta", "provincia": "Alicante", "communidad_autonoma": "Comunidad Valenciana", "cmun": "063", "codigo_postal": "03063", "engtype_4": "Municipality", "geo_point_2d": [38.82417340928418, 0.07994408658758101], "dc": "3", "id_2": 35, "id_3": 253, "id_0": 215, "id_1": 10, "iso": "ESP", "id_4": 6433, "type_4": "Municipality", "pais": "Spain", "ccn_4": 0, "municipio": "Dénia", "codine": "03063", "nombre": "Dénia", "pop": 42166, "CodMunicipio": 3063}, "geometry": {"type": "MultiPolygon", "coordinates": [[[[-0.022995999082923, 38.845001220703125], [-0.028500000014844, 38.845329284667905], [-0.040924001485109, 38.839328765869084], [-0.044452000409308, 38.84397125244151], [-0.042323000729027, 38.85008621215826], [-0.042102001607361, 38.856487274169865], [-0.034127000719252, 38.8571014404298], [-0.027088999748173, 38.862060546875114], [-0.028367999941111, 38.867279052734375], [-0.027574999257865, 38.87027740478527], [-0.024746999144497, 38.87236785888683], [-0.026530999690294, 38.87403488159174], [-0.029277000576258, 38.87397003173828], [-0.033307000994682, 38.879295349121094], [-0.037055999040547, 38.88060760498058], [-0.037640001624823, 38.88569259643555], [-0.0373620018363, 38.88569259643555], [-0.0373620018363, 38.88541793823248], [-0.036527000367528, 38.88541793823248], [-0.036527000367528, 38.885139465332145], [-0.035512998700085, 38.885139465332145], [-0.034860998392105, 38.885139465332145], [-0.034860998392105, 38.884860992431754], [-0.03430499881506, 38.884860992431754], [-0.03430499881506, 38.88439178466808], [-0.03430499881506, 38.88430404663097], [-0.034150000661555, 38.88430404663097], [-0.034026999026537, 38.88430404663097], [-0.034026999026537, 38.88402938842779], [-0.033748999238014, 38.88402938842779], [-0.033748999238014, 38.88347244262701], [-0.032917000353336, 38.88347244262701], [-0.032917000353336, 38.88319396972662], [-0.032361000776291, 38.88319396972662], [-0.032361000776291, 38.88291549682623], [-0.031911998987198, 38.88291549682623], [-0.031805001199245, 38.88291549682623], [-0.031805001199245, 38.88263702392584], [-0.031527001410723, 38.88263702392584], [-0.031527001410723, 38.882362365722656], [-0.031250998377743, 38.882362365722656], [-0.031250998377743, 38.882083892822266], [-0.030973000451922, 38.882083892822266], [-0.030973000451922, 38.881805419921875], [-0.030417000874877, 38.881805419921875], [-0.030417000874877, 38.881526947021484], [-0.030138999223652, 38.881526947021484], [-0.030138999223652, 38.881248474121094], [-0.029582999646607, 38.881248474121094], [-0.029582999646607, 38.88097381591808], [-0.029029000550508, 38.88097381591808], [-0.029029000550508, 38.88069534301769], [-0.028751000761986, 38.88069534301769], [-0.028751000761986, 38.8804168701173], [-0.028472999110761, 38.8804168701173], [-0.028472999110761, 38.88013839721674], [-0.02736099995667, 38.88013839721674], [-0.02736099995667, 38.87985992431635], [-0.027083000168147, 38.87985992431635], [-0.027083000168147, 38.87902832031256], [-0.026805000379625, 38.87902832031256], [-0.026805000379625, 38.87874984741222], [-0.025972999632302, 38.87874984741222], [-0.025972999632302, 38.87847137451183], [-0.024860000237766, 38.87847137451183], [-0.024860000237766, 38.87819290161144], [-0.024582000449243, 38.87819290161144], [-0.024582000449243, 38.8779182434082], [-0.024028999730888, 38.8779182434082], [-0.024028999730888, 38.87763977050787], [-0.02347199991334, 38.87763977050787], [-0.02347199991334, 38.87736129760748], [-0.023194000124818, 38.87736129760748], [-0.023194000124818, 38.87708282470709], [-0.022916000336295, 38.87708282470709], [-0.022916000336295, 38.8768043518067], [-0.022638000547772, 38.8768043518067], [-0.022638000547772, 38.87652587890631], [-0.022360000759249, 38.87652587890631], [-0.022360000759249, 38.876251220703125], [-0.022083999588972, 38.876251220703125], [-0.022083999588972, 38.875972747802734], [-0.021805999800449, 38.875972747802734], [-0.021805999800449, 38.875694274902344], [-0.021250000223404, 38.875694274902344], [-0.021250000223404, 38.87541580200195], [-0.020694000646358, 38.87541580200195], [-0.020694000646358, 38.87513732910156], [-0.019315000623465, 38.87513732910156], [-0.019028000533581, 38.87513732910156], [-0.019028000533581, 38.874961853027344], [-0.019028000533581, 38.87486267089855], [-0.018854999914765, 38.87486267089855], [-0.018750000745058, 38.87486267089855], [-0.018750000745058, 38.87402725219738], [-0.01847199909389, 38.87402725219738], [-0.01847199909389, 38.87347412109381], [-0.01736200042069, 38.87347030639643], [-0.01736200042069, 38.873195648193416], [-0.017084000632167, 38.873195648193416], [-0.017084000632167, 38.872917175293026], [-0.016249999403897, 38.872917175293026], [-0.016249999403897, 38.872638702392635], [-0.015267999842763, 38.872638702392635], [-0.015139998868051, 38.872638702392635], [-0.015139998868051, 38.87180709838867], [-0.014862000010851, 38.87180709838867], [-0.014862000010851, 38.87125015258795], [-0.013472000136915, 38.87125015258795], [-0.013472000136915, 38.87097167968756], [-0.012915999628603, 38.87097167968756], [-0.012915999628603, 38.87125015258795], [-0.010417998768389, 38.87125015258795], [-0.010417998768389, 38.87097167968756], [-0.010139999911132, 38.87097167968756], [-0.010139999911132, 38.870693206787166], [-0.009583000093585, 38.870693206787166], [-0.009583000093585, 38.87041854858392], [-0.008748999796751, 38.870414733886776], [-0.008748999796751, 38.870140075683594], [-0.007639000657946, 38.870140075683594], [-0.007639000657946, 38.8698616027832], [-0.005694999825153, 38.8698616027832], [-0.005694999825153, 38.86958312988281], [-0.004027000162694, 38.86958312988281], [-0.004027000162694, 38.86930465698242], [-0.003751000156626, 38.86930465698242], [-0.003751000156626, 38.86902618408203], [-0.002082999795618, 38.86902618408203], [-0.002082999795618, 38.86875152587902], [-0.000694999587665, 38.86875152587902], [-0.000694999587665, 38.86847305297863], [-0.00013900001062, 38.86847305297863], [-0.00013900001062, 38.86819458007824], [0.0, 38.86819458007824], [0.001527000335102, 38.86819458007824], [0.001527000335102, 38.86791610717785], [0.002917999867407, 38.86791610717785], [0.002917999867407, 38.86763763427746], [0.003471000120101, 38.86763763427746], [0.003471000120101, 38.867362976074276], [0.004305999726114, 38.867362976074276], [0.004305999726114, 38.867084503173885], [0.00708400039008, 38.867084503173885], [0.00708400039008, 38.866806030273494], [0.008194000460264, 38.866806030273494], [0.008194000460264, 38.866527557373104], [0.009027999825832, 38.866527557373104], [0.009027999825832, 38.86624908447271], [0.009862000122723, 38.86624908447271], [0.009862000122723, 38.86597061157238], [0.010138001292944, 38.86597061157238], [0.010138001292944, 38.86569595336914], [0.010003000497818, 38.86505889892583], [0.008981999941227, 38.861080169677734], [0.004604000132645, 38.86273193359375], [0.0, 38.86427307128906], [-0.004532999359014, 38.86578750610363], [-0.022032000124398, 38.86864852905285], [-0.017947999760395, 38.85386276245117], [-0.022995999082923, 38.845001220703125]]], [[[0.166969999670982, 38.81847381591797], [0.166798993945122, 38.81786727905279], [0.165983006358147, 38.81533050537121], [0.155394002795219, 38.805782318115234], [0.129320994019622, 38.80329513549804], [0.122657001018638, 38.8072776794433], [0.106009997427577, 38.808116912841854], [0.105333000421524, 38.80365753173834], [0.103058002889156, 38.801364898681584], [0.102343000471706, 38.79336929321289], [0.105393998324985, 38.765827178955135], [0.108397997915745, 38.765827178955135], [0.110437996685505, 38.769618988037166], [0.114688999950943, 38.76921844482433], [0.1153249964118, 38.770591735839844], [0.12658399343502, 38.767009735107536], [0.123566001653728, 38.767719268798885], [0.123127996921539, 38.75665283203125], [0.116797000169811, 38.7491912841798], [0.107910998165721, 38.747966766357365], [0.100973002612704, 38.74902725219732], [0.088357999920845, 38.74703598022461], [0.091812998056412, 38.75006866455084], [0.092440001666546, 38.752822875976506], [0.090301997959671, 38.75447082519537], [0.089561000466404, 38.75968933105463], [0.093974001705703, 38.764392852783196], [0.102475002408028, 38.78265380859381], [0.095954000949916, 38.7896728515625], [0.072732001543102, 38.79355621337896], [0.069812998175735, 38.80249786376958], [0.061661999672765, 38.81490707397455], [0.047348998487053, 38.82241821289074], [0.037257000804004, 38.8145103454591], [0.03679699823266, 38.81803512573248], [0.033553998917398, 38.81922149658203], [0.039923999458665, 38.82897186279297], [0.03555300086748, 38.837535858154354], [0.038989998400268, 38.844646453857536], [0.030554000288305, 38.84108734130871], [0.030958000570592, 38.83617782592779], [0.027025999501348, 38.836116790771484], [0.021439999342022, 38.83884048461919], [0.023408999666572, 38.8415260314942], [0.020601000636816, 38.84431838989258], [0.025301000103411, 38.84701156616211], [0.031734999269247, 38.847988128662166], [0.03238200023776, 38.855079650878906], [0.023364000022354, 38.858924865722656], [0.024662999436373, 38.860248565673935], [0.020114000886792, 38.86492156982433], [0.019860999658817, 38.864860534668026], [0.019860999658817, 38.86513900756836], [0.02013899944734, 38.86513900756836], [0.02013899944734, 38.86541748046875], [0.02097300067544, 38.86541748046875], [0.02097300067544, 38.86513900756836], [0.02208299934864, 38.86513900756836], [0.02208299934864, 38.864860534668026], [0.022639000788388, 38.864860534668026], [0.022639000788388, 38.864582061767635], [0.023473000153956, 38.864582061767635], [0.023473000153956, 38.86430740356439], [0.024026999250168, 38.86430740356439], [0.024026999250168, 38.864028930664006], [0.024305000901222, 38.864028930664006], [0.024305000901222, 38.86375045776367], [0.024861000478268, 38.86375045776367], [0.024861000478268, 38.86347198486328], [0.025417000055313, 38.86347198486328], [0.025417000055313, 38.863304138183594], [0.025417000055313, 38.86319351196289], [0.025784000754469, 38.86319351196289], [0.026805000379738, 38.86319351196289], [0.026805000379738, 38.8629150390625], [0.027360999956784, 38.8629150390625], [0.027360999956784, 38.86264038085949], [0.027603000402451, 38.86264038085949], [0.027916999533829, 38.86264038085949], [0.027916999533829, 38.8623619079591], [0.028471000492516, 38.8623619079591], [0.028471000492516, 38.86208343505871], [0.028749000281039, 38.86208343505871], [0.028749000281039, 38.86180496215832], [0.029583999887222, 38.86180496215832], [0.029583999887222, 38.861526489257926], [0.030972000211534, 38.861526489257926], [0.030972000211534, 38.861251831054744], [0.031805999577102, 38.861251831054744], [0.031805999577102, 38.860973358154354], [0.032361999154148, 38.860973358154354], [0.032361999154148, 38.86069488525396], [0.032915998250303, 38.86069488525396], [0.032915998250303, 38.86041641235357], [0.03430600091815, 38.86041641235357], [0.03430600091815, 38.86013793945318], [0.034584000706673, 38.86013793945318], [0.034584000706673, 38.85985946655279], [0.03736000135541, 38.85985946655279], [0.03736000135541, 38.86013793945318], [0.037757001817226, 38.86013793945318], [0.042915999889317, 38.86013793945318], [0.042915999889317, 38.86041641235357], [0.044583000242767, 38.86041641235357], [0.044583000242767, 38.86069488525396], [0.047083001583815, 38.86069488525396], [0.047083001583815, 38.860973358154354], [0.047361001372337, 38.860973358154354], [0.047361001372337, 38.861251831054744], [0.04763900116086, 38.861251831054744], [0.04763900116086, 38.861526489257926], [0.047917000949383, 38.861526489257926], [0.047917000949383, 38.86201095581066], [0.047917000949383, 38.8629150390625], [0.048195000737906, 38.8629150390625], [0.048195000737906, 38.86347198486328], [0.051249001175165, 38.86347198486328], [0.051249001175165, 38.86375045776367], [0.052083000540733, 38.86375045776367], [0.052083000540733, 38.86347198486328], [0.054582998156548, 38.86347198486328], [0.054582998156548, 38.86319351196289], [0.05480200052267, 38.86319351196289], [0.055139001458997, 38.86319351196289], [0.055139001458997, 38.8629150390625], [0.055775001645202, 38.8629150390625], [0.056249000132027, 38.8629150390625], [0.056249000132027, 38.86277770996099], [0.056249000132027, 38.86264038085949], [0.05680600181222, 38.86264038085949], [0.05680600181222, 38.8623619079591], [0.057640001177788, 38.8623619079591], [0.057640001177788, 38.86208343505871], [0.058194000274, 38.86208343505871], [0.058194000274, 38.86180496215832], [0.058749999851045, 38.86180496215832], [0.058749999851045, 38.861526489257926], [0.059305999428091, 38.861526489257926], [0.059305999428091, 38.861251831054744], [0.061586998403186, 38.861251831054744], [0.061806000769138, 38.861251831054744], [0.061806000769138, 38.860973358154354], [0.062362000346184, 38.860973358154354], [0.062362000346184, 38.86069488525396], [0.063193999230862, 38.86069488525396], [0.063193999230862, 38.86041641235357], [0.063749998807907, 38.86041641235357], [0.063749998807907, 38.86013793945318], [0.064584001898879, 38.86013793945318], [0.064584001898879, 38.85985946655279], [0.065416000783443, 38.85985946655279], [0.065416000783443, 38.85958480834961], [0.066249996423778, 38.85958480834961], [0.066249996423778, 38.85930633544922], [0.067082002759093, 38.85930633544922], [0.067082002759093, 38.85902786254883], [0.068194001913184, 38.85902786254883], [0.068194001913184, 38.85874938964844], [0.069585002958888, 38.85874938964844], [0.069582000374737, 38.858470916748104], [0.070417001843452, 38.858470916748104], [0.070417001843452, 38.858196258545036], [0.071805000305233, 38.858196258545036], [0.071805000305233, 38.857917785644474], [0.073195002973193, 38.857917785644474], [0.073195002973193, 38.857639312744084], [0.073751002550239, 38.857639312744084], [0.073751002550239, 38.85736083984375], [0.075180001556816, 38.85736083984375], [0.075416997075138, 38.85736083984375], [0.075416997075138, 38.85708236694336], [0.076249003410453, 38.85708236694336], [0.076249003410453, 38.85680389404297], [0.077082999050617, 38.85680389404297], [0.077082999050617, 38.85652923583996], [0.079026997089443, 38.85652923583996], [0.079026997089443, 38.85625076293957], [0.079305000603199, 38.85625076293957], [0.079305000603199, 38.855972290039176], [0.08208300173294, 38.855972290039176], [0.08208300173294, 38.855693817138786], [0.084306001663208, 38.855693817138786], [0.084306001663208, 38.855415344238395], [0.085418000817299, 38.855415344238395], [0.085418000817299, 38.85514068603521], [0.089584000408649, 38.85514068603521], [0.089584000408649, 38.85486221313482], [0.090138003230209, 38.85486221313482], [0.090138003230209, 38.85458374023443], [0.090694002807254, 38.85458374023443], [0.090694002807254, 38.85430526733404], [0.09236200153839, 38.85430526733404], [0.092359997332153, 38.85402679443365], [0.093194000422955, 38.85402679443365], [0.093194000422955, 38.85374832153326], [0.09375, 38.85374832153326], [0.09375, 38.85347366333008], [0.094860002398605, 38.85347366333008], [0.094860002398605, 38.85319519042969], [0.09541600197565, 38.85319519042969], [0.09541600197565, 38.8529167175293], [0.095899999141693, 38.8529167175293], [0.096528999507484, 38.8529167175293], [0.096528999507484, 38.852638244628906], [0.097360000014248, 38.852638244628906], [0.097360000014248, 38.852359771728516], [0.097639001905918, 38.852359771728516], [0.097639001905918, 38.852085113525504], [0.098195001482964, 38.852085113525504], [0.098195001482964, 38.851806640625114], [0.098751001060009, 38.851806640625114], [0.098751001060009, 38.85152816772455], [0.099582999944744, 38.85152816772455], [0.099582999944744, 38.85124969482416], [0.099861003458614, 38.85124969482416], [0.099861003458614, 38.85097122192383], [0.100138999521789, 38.85097122192383], [0.100138999521789, 38.85069274902344], [0.100694999098835, 38.85069274902344], [0.100694999098835, 38.850139617920036], [0.100973002612704, 38.850139617920036], [0.100973002612704, 38.849582672119254], [0.10125099867588, 38.849582672119254], [0.10125099867588, 38.849304199218864], [0.101526997983513, 38.849304199218864], [0.101526997983513, 38.84902954101568], [0.101805001497269, 38.84902954101568], [0.101805001497269, 38.84875106811529], [0.102082997560558, 38.84875106811529], [0.102082997560558, 38.8484725952149], [0.10291700065136, 38.8484725952149], [0.10291700065136, 38.84828567504877], [0.10291700065136, 38.84819412231451], [0.104322999715919, 38.84819412231451], [0.10458300262701, 38.84819412231451], [0.10458300262701, 38.84791564941412], [0.106804996728954, 38.84791564941412], [0.106804996728954, 38.84763717651373], [0.108470998704433, 38.84763717651373], [0.108470998704433, 38.84736251831054], [0.109026998281479, 38.84736251831054], [0.109026998281479, 38.84763717651373], [0.11041799932724, 38.84763717651373], [0.11041799932724, 38.8478012084962], [0.11041799932724, 38.84791564941412], [0.111249998211918, 38.84791564941412], [0.111249998211918, 38.84819412231451], [0.111528001725674, 38.84819412231451], [0.111528001725674, 38.8484725952149], [0.111805997788963, 38.8484725952149], [0.111805997788963, 38.84902954101568], [0.112084001302719, 38.84902954101568], [0.112084001302719, 38.849304199218864], [0.112640000879765, 38.849304199218864], [0.112640000879765, 38.84902954101568], [0.113194003701324, 38.84902954101568], [0.113194003701324, 38.84819412231451], [0.112916000187454, 38.84819412231451], [0.112916000187454, 38.84736251831054], [0.113194003701324, 38.84736251831054], [0.113194003701324, 38.847084045410156], [0.113750003278369, 38.847084045410156], [0.113750003278369, 38.846805572509766], [0.114027999341545, 38.846805572509766], [0.114027999341545, 38.846527099609375], [0.11458399891859, 38.846527099609375], [0.11458399891859, 38.846248626708984], [0.11486200243246, 38.846248626708984], [0.11486200243246, 38.84597396850597], [0.115971997380313, 38.84597396850597], [0.115971997380313, 38.84569549560558], [0.116806000471115, 38.84569549560558], [0.116806000471115, 38.84541702270519], [0.12041600048542, 38.84541702270519], [0.12041600048542, 38.84569549560558], [0.120693996548709, 38.84569549560558], [0.120693996548709, 38.84597396850597], [0.121527999639511, 38.84597396850597], [0.121527999639511, 38.846248626708984], [0.121806003153381, 38.846248626708984], [0.121806003153381, 38.846527099609375], [0.12208200246107, 38.846527099609375], [0.12208499759447, 38.846805572509766], [0.122638002038116, 38.846805572509766], [0.122638002038116, 38.847084045410156], [0.123194001615161, 38.847084045410156], [0.123194001615161, 38.84736251831054], [0.123473003506774, 38.84736251831054], [0.123473003506774, 38.84763717651373], [0.12375099956995, 38.84763717651373], [0.12375099956995, 38.84791564941412], [0.12402900308382, 38.84791564941412], [0.12402900308382, 38.84819412231451], [0.124582000076714, 38.84819412231451], [0.124582000076714, 38.8484725952149], [0.124861001968384, 38.8484725952149], [0.124861001968384, 38.84875106811529], [0.125695005059299, 38.84875106811529], [0.125695005059299, 38.84791564941412], [0.125138998031673, 38.84791564941412], [0.125138998031673, 38.84763717651373], [0.124861001968384, 38.84763717651373], [0.124861001968384, 38.84736251831054], [0.124306999146995, 38.84736251831054], [0.124306999146995, 38.847084045410156], [0.12375099956995, 38.847084045410156], [0.12375099956995, 38.846805572509766], [0.123473003506774, 38.846805572509766], [0.123473003506774, 38.846527099609375], [0.122638002038116, 38.846527099609375], [0.122638002038116, 38.846248626708984], [0.122359998524189, 38.846248626708984], [0.122359998524189, 38.84597396850597], [0.12208200246107, 38.84597396850597], [0.12208200246107, 38.84569549560558], [0.121806003153381, 38.84569549560558], [0.121806003153381, 38.84513854980463], [0.121527999639511, 38.84513854980463], [0.121527999639511, 38.84402847290045], [0.120972000062466, 38.84402847290045], [0.120972000062466, 38.84430694580084], [0.120137996971664, 38.84430694580084], [0.120137996971664, 38.844581604003906], [0.118749998509884, 38.844581604003906], [0.118749998509884, 38.84430694580084], [0.118472002446765, 38.84430694580084], [0.118472002446765, 38.84402847290045], [0.118193998932838, 38.84402847290045], [0.118193998932838, 38.843750000000114], [0.118472002446765, 38.843750000000114], [0.118472002446765, 38.84319305419933], [0.118749998509884, 38.84319305419933], [0.118749998509884, 38.84263992309576], [0.118193998932838, 38.84263992309576], [0.118193998932838, 38.84236145019537], [0.11791600286972, 38.84236145019537], [0.11791600286972, 38.84208297729498], [0.116806000471115, 38.84208297729498], [0.116806000471115, 38.84236145019537], [0.116527996957359, 38.84236145019537], [0.116527996957359, 38.84263992309576], [0.11625000089407, 38.84263992309576], [0.11625000089407, 38.84291839599609], [0.115971997380313, 38.84291839599609], [0.115971997380313, 38.84319305419933], [0.115694001317024, 38.84319305419933], [0.115694001317024, 38.84347152709972], [0.115139998495636, 38.84347152709972], [0.115139998495636, 38.843750000000114], [0.11486200243246, 38.843750000000114], [0.11486200243246, 38.84402847290045], [0.11458399891859, 38.84402847290045], [0.11458399891859, 38.84430694580084], [0.114306002855415, 38.84430694580084], [0.114306002855415, 38.844581604003906], [0.114027999341545, 38.844581604003906], [0.114027999341545, 38.84486007690424], [0.113750003278369, 38.84486007690424], [0.113750003278369, 38.84513854980463], [0.113471999764499, 38.84513854980463], [0.113471999764499, 38.84541702270519], [0.112916000187454, 38.84541702270519], [0.112916000187454, 38.84569549560558], [0.112640000879765, 38.84569549560558], [0.112640000879765, 38.84597396850597], [0.112361997366008, 38.84597396850597], [0.112361997366008, 38.84569549560558], [0.112084001302719, 38.84569549560558], [0.112084001302719, 38.84541702270519], [0.112361997366008, 38.84541702270519], [0.112361997366008, 38.84486007690424], [0.112640000879765, 38.84486007690424], [0.112640000879765, 38.844581604003906], [0.112916000187454, 38.844581604003906], [0.112916000187454, 38.84430694580084], [0.113194003701324, 38.84430694580084], [0.113194003701324, 38.84347152709972], [0.112916000187454, 38.84347152709972], [0.112916000187454, 38.84319305419933], [0.112640000879765, 38.84319305419933], [0.112640000879765, 38.84291839599609], [0.112916000187454, 38.84291839599609], [0.112916000187454, 38.84263992309576], [0.113194003701324, 38.84263992309576], [0.113194003701324, 38.84236145019537], [0.113750003278369, 38.84236145019537], [0.113750003278369, 38.84208297729498], [0.114027999341545, 38.84208297729498], [0.114027999341545, 38.8415260314942], [0.114306002855415, 38.8415260314942], [0.114306002855415, 38.84125137329101], [0.11486200243246, 38.84125137329101], [0.11486200243246, 38.840972900390625], [0.115139998495636, 38.840972900390625], [0.115139998495636, 38.840694427490234], [0.115694001317024, 38.840694427490234], [0.115694001317024, 38.840415954589844], [0.11625000089407, 38.840415954589844], [0.11625000089407, 38.84013748168945], [0.116806000471115, 38.84013748168945], [0.116806000471115, 38.840415954589844], [0.117083996534404, 38.840415954589844], [0.117083996534404, 38.84013748168945], [0.117362000048161, 38.84013748168945], [0.117362000048161, 38.83986282348644], [0.117637999355793, 38.83986282348644], [0.117637999355793, 38.83958435058605], [0.11791600286972, 38.83958435058605], [0.11791600286972, 38.83930587768566], [0.118472002446765, 38.83930587768566], [0.118472002446765, 38.83902740478527], [0.119028002023811, 38.83902740478527], [0.119028002023811, 38.83874893188471], [0.119305998086929, 38.83874893188471], [0.119305998086929, 38.83847045898432], [0.120137996971664, 38.83847045898432], [0.120137996971664, 38.83874893188471], [0.12041600048542, 38.83874893188471], [0.12041600048542, 38.83902740478527], [0.120137996971664, 38.83902740478527], [0.120137996971664, 38.83930587768566], [0.119584001600856, 38.83930587768566], [0.119584001600856, 38.83958435058605], [0.119305998086929, 38.83958435058605], [0.119305998086929, 38.83986282348644], [0.119028002023811, 38.83986282348644], [0.119028002023811, 38.84013748168945], [0.119305998086929, 38.84013748168945], [0.119305998086929, 38.840415954589844], [0.119584001600856, 38.840415954589844], [0.119584001600856, 38.84125137329101], [0.119305998086929, 38.84125137329101], [0.119305998086929, 38.8415260314942], [0.118193998932838, 38.8415260314942], [0.118193998932838, 38.84180450439459], [0.119305998086929, 38.84180450439459], [0.119305998086929, 38.84208297729498], [0.12041600048542, 38.84208297729498], [0.12041600048542, 38.84236145019537], [0.120693996548709, 38.84236145019537], [0.120693996548709, 38.84263992309576], [0.121527999639511, 38.84263992309576], [0.121527999639511, 38.84236145019537], [0.121693000197411, 38.84236145019537], [0.121806003153381, 38.84236145019537], [0.121806003153381, 38.84180450439459], [0.12208200246107, 38.84180450439459], [0.12208200246107, 38.84125137329101], [0.121806003153381, 38.84125137329101], [0.121806003153381, 38.840972900390625], [0.12208200246107, 38.840972900390625], [0.12208200246107, 38.840415954589844], [0.122359998524189, 38.840415954589844], [0.122359998524189, 38.83958435058605], [0.122638002038116, 38.83958435058605], [0.122638002038116, 38.83930587768566], [0.122359998524189, 38.83930587768566], [0.122359998524189, 38.83819580078131], [0.12208200246107, 38.83819580078131], [0.12208200246107, 38.835414886474666], [0.122359998524189, 38.835414886474666], [0.122359998524189, 38.83514022827148], [0.122638002038116, 38.83514022827148], [0.122638002038116, 38.834686279296875], [0.122638002038116, 38.8345832824707], [0.122800000011921, 38.8345832824707], [0.122915998101234, 38.8345832824707], [0.122915998101234, 38.83430480957031], [0.123194001615161, 38.83430480957031], [0.123194001615161, 38.83402633666992], [0.123681999743098, 38.83402633666992], [0.12375099956995, 38.8337516784669], [0.12402900308382, 38.8337516784669], [0.12402900308382, 38.83347320556652], [0.124306999146995, 38.83347320556652], [0.124306999146995, 38.83319473266613], [0.12555600702774, 38.83319473266613], [0.125973001122475, 38.83319473266613], [0.125973001122475, 38.83291625976574], [0.126776993274802, 38.83291625976574], [0.127360999584255, 38.83291625976574], [0.127360999584255, 38.832782745361435], [0.127360999584255, 38.83263778686535], [0.127638995647544, 38.83263778686535], [0.127638995647544, 38.83235931396479], [0.129223003983611, 38.83235931396479], [0.129659995436782, 38.83235931396479], [0.129860997200069, 38.83235931396479], [0.129860997200069, 38.83246994018555], [0.129860997200069, 38.83263778686535], [0.130171000957489, 38.83263778686535], [0.130417004227695, 38.83263778686535], [0.130417004227695, 38.83277130126953], [0.130417004227695, 38.83291625976574], [0.130678996443692, 38.83291625976574], [0.131251007318497, 38.83291625976574], [0.131251007318497, 38.83319473266613], [0.131527006626129, 38.83319473266613], [0.131527006626129, 38.83347320556652], [0.131697997450829, 38.83347320556652], [0.131805002689475, 38.83347320556652], [0.131805002689475, 38.8337516784669], [0.132082998752594, 38.8337516784669], [0.132082998752594, 38.83430480957031], [0.13236099481594, 38.83430480957031], [0.13236099481594, 38.83499908447276], [0.13236099481594, 38.83569335937506], [0.133194997906685, 38.83569335937506], [0.133194997906685, 38.835414886474666], [0.133470997214374, 38.835414886474666], [0.133470997214374, 38.83514022827148], [0.134027004242, 38.83514022827148], [0.134027004242, 38.834861755371094], [0.134305000305176, 38.834861755371094], [0.134305000305176, 38.8345832824707], [0.136249005794525, 38.8345832824707], [0.136249005794525, 38.83430480957031], [0.138472005724964, 38.83430480957031], [0.138472005724964, 38.83402633666992], [0.138750001788139, 38.83402633666992], [0.138750001788139, 38.8337516784669], [0.13986200094223, 38.8337516784669], [0.13986200094223, 38.83327484130871], [0.13986200094223, 38.83291625976574], [0.140139997005519, 38.83291625976574], [0.140139997005519, 38.83263778686535], [0.142361998558101, 38.83263778686535], [0.142361998558101, 38.83235931396479], [0.143833994865474, 38.83235931396479], [0.146249994635696, 38.83235931396479], [0.146249994635696, 38.83208465576177], [0.146528005599976, 38.83208465576177], [0.146528005599976, 38.831806182861385], [0.148750007152501, 38.831806182861385], [0.148750007152501, 38.831527709960994], [0.149028003215847, 38.831527709960994], [0.149028003215847, 38.831249237060604], [0.149306997656936, 38.831249237060604], [0.149306997656936, 38.830417633056626], [0.149581998586655, 38.830417633056626], [0.149581998586655, 38.829998016357415], [0.149581998586655, 38.829582214355526], [0.149859994650001, 38.829582214355526], [0.149859994650001, 38.829029083251896], [0.150138005614281, 38.829029083251896], [0.150138005614281, 38.82847213745117], [0.150416001677627, 38.82847213745117], [0.150416001677627, 38.82819366455078], [0.150694996118659, 38.82819366455078], [0.150694996118659, 38.82791519165039], [0.150973007082996, 38.82791519165039], [0.150973007082996, 38.82764053344737], [0.152082994580269, 38.82764053344737], [0.152082994580269, 38.82791519165039], [0.15253800153738, 38.82791519165039], [0.152916997671184, 38.82791519165039], [0.152916997671184, 38.82819366455078], [0.15319499373436, 38.82819366455078], [0.15319499373436, 38.82847213745117], [0.154304996132964, 38.82847213745117], [0.154304996132964, 38.82791519165039], [0.154583007097244, 38.82791519165039], [0.154583007097244, 38.82764053344737], [0.155695006251335, 38.82764053344737], [0.155695006251335, 38.82736206054699], [0.155973002314681, 38.82736206054699], [0.155973002314681, 38.82652664184582], [0.156250998377857, 38.82652664184582], [0.156250998377857, 38.82597351074224], [0.156526997685489, 38.82597351074224], [0.156526997685489, 38.82541656494146], [0.156804993748665, 38.82541656494146], [0.156804993748665, 38.82513809204107], [0.157083004713115, 38.82513809204107], [0.157083004713115, 38.82485961914068], [0.158472999930382, 38.82485961914068], [0.158472999930382, 38.8245849609375], [0.15930500626564, 38.8245849609375], [0.15930500626564, 38.8243064880371], [0.159583002328986, 38.8243064880371], [0.159583002328986, 38.82402801513672], [0.159860998392105, 38.82402801513672], [0.159860998392105, 38.82374954223633], [0.160417005419731, 38.82374954223633], [0.160417005419731, 38.823192596435604], [0.160138994455451, 38.823192596435604], [0.160138994455451, 38.82255935668945], [0.160138994455451, 38.82236099243164], [0.160417005419731, 38.82236099243164], [0.160417005419731, 38.82208251953125], [0.160695001483077, 38.82208251953125], [0.160695001483077, 38.82180404663086], [0.161210000515098, 38.82180404663086], [0.161248996853885, 38.82152938842784], [0.16159999370575, 38.82152938842784], [0.161805003881511, 38.82152938842784], [0.161805003881511, 38.821384429931754], [0.161805003881511, 38.82125091552746], [0.162082999944687, 38.82125091552746], [0.162082999944687, 38.82097244262707], [0.162360996007976, 38.82097244262707], [0.162360996007976, 38.820693969726676], [0.162639006972256, 38.820693969726676], [0.162639006972256, 38.820415496826286], [0.162918001413345, 38.820415496826286], [0.162918001413345, 38.820137023925895], [0.16347099840641, 38.820137023925895], [0.16347099840641, 38.819862365722706], [0.163748994469756, 38.819862365722706], [0.163748994469756, 38.81958389282232], [0.164027005434036, 38.81958389282232], [0.164027005434036, 38.81930541992193], [0.164583995938415, 38.81930541992193], [0.164583995938415, 38.81902694702154], [0.164862006902752, 38.81902694702154], [0.164862006902752, 38.81874847412115], [0.165547996759472, 38.81874847412115], [0.16652800142765, 38.81874847412115], [0.16652800142765, 38.81847381591797], [0.166969999670982, 38.81847381591797]]]]}}, {"type": "Feature", "properties": {"name_3": "Alacanti", "provincia": "Alicante", "communidad_autonoma": "Comunidad Valenciana", "engtype_4": "Municipality", "geo_point_2d": [38.4622597796232, -0.372648295822741], "id_2": 35, "id_3": 248, "id_0": 215, "id_1": 10, "iso": "ESP", "id_4": 6350, "type_4": "Municipality", "pais": "Spain", "ccn_4": 0, "municipio": "El Campello", "codine": "03050", "nombre": "El Campell", "pop": 28349, "CodMunicipio": 3050}, "geometry": {"type": "Polygon", "coordinates": [[[-0.418877005577087, 38.39097213745117], [-0.41618999838829, 38.404705047607415], [-0.407085001468602, 38.415317535400334], [-0.410641014575958, 38.42414474487305], [-0.41941499710083, 38.42795181274414], [-0.42059999704361, 38.43038558959955], [-0.417600989341736, 38.440292358398494], [-0.416664004325753, 38.454002380371094], [-0.434484988450947, 38.45198822021496], [-0.432208001613617, 38.45674896240246], [-0.425244987010956, 38.464057922363224], [-0.423891991376877, 38.468631744384815], [-0.411166995763722, 38.47092437744134], [-0.410465002059937, 38.47356796264654], [-0.406818985939026, 38.47489547729492], [-0.405620008706933, 38.47703170776373], [-0.402534008026066, 38.47738647460949], [-0.392401009797993, 38.48793411254894], [-0.392904013395253, 38.49178314208989], [-0.38910698890686, 38.49184799194336], [-0.3810600042342, 38.495296478271484], [-0.374538987874928, 38.493976593017635], [-0.372676998376789, 38.491558074951286], [-0.372691005468369, 38.48740386962896], [-0.367769986391068, 38.48056411743164], [-0.365711987018585, 38.48041915893555], [-0.355269014835301, 38.485805511474666], [-0.353197008371296, 38.494766235351506], [-0.3384949862957, 38.50082397460949], [-0.341405004262924, 38.50991821289068], [-0.33500999212265, 38.515754699707024], [-0.331800997257233, 38.51633834838873], [-0.332129001617375, 38.513626098632926], [-0.326902985572815, 38.51081085205078], [-0.327053010463658, 38.50919342041021], [-0.324247986078262, 38.50974273681646], [-0.321916013956013, 38.504867553710866], [-0.322032004594803, 38.50046539306651], [-0.317079991102219, 38.49892807006835], [-0.316778987646103, 38.497463226318416], [-0.313470005989075, 38.49887466430663], [-0.307763010263443, 38.496658325195426], [-0.307253986597061, 38.49248504638672], [-0.303169995546284, 38.49162673950195], [-0.304462999105453, 38.48492813110363], [-0.301526993513107, 38.482109069824276], [-0.302361011505013, 38.4820823669433], [-0.302361011505013, 38.48180389404297], [-0.302917003631592, 38.48180389404297], [-0.302917003631592, 38.4815292358399], [-0.303194999694824, 38.4815292358399], [-0.303194999694824, 38.4812507629395], [-0.303748995065632, 38.4812507629395], [-0.303748995065632, 38.480972290039176], [-0.304026991128865, 38.480972290039176], [-0.304026991128865, 38.48065185546869], [-0.304026991128865, 38.480415344238395], [-0.304497003555184, 38.480415344238395], [-0.305139005184174, 38.480415344238395], [-0.305139005184174, 38.480140686035156], [-0.30541801452631, 38.480140686035156], [-0.30541801452631, 38.47986221313482], [-0.305602014064675, 38.47986221313482], [-0.305693000555038, 38.47986221313482], [-0.305693000555038, 38.479583740234425], [-0.306248992681503, 38.479583740234425], [-0.306248992681503, 38.47930526733404], [-0.306526988744736, 38.47930526733404], [-0.306526988744736, 38.479145050048885], [-0.306526988744736, 38.47902679443365], [-0.306805014610234, 38.47902679443365], [-0.306805014610234, 38.47874832153326], [-0.307639986276627, 38.47874832153326], [-0.307639986276627, 38.47847366333008], [-0.307918012142181, 38.47847366333008], [-0.307918012142181, 38.47819519042969], [-0.308472007512989, 38.47819519042969], [-0.308472007512989, 38.47791671752929], [-0.308750003576222, 38.47791671752929], [-0.308750003576222, 38.477638244628906], [-0.309027999639454, 38.477638244628906], [-0.309027999639454, 38.477359771728516], [-0.310416013002396, 38.477359771728516], [-0.310416013002396, 38.477085113525504], [-0.311147004365921, 38.477085113525504], [-0.311250001192093, 38.477085113525504], [-0.311250001192093, 38.47692489624018], [-0.311250001192093, 38.47680664062511], [-0.311702996492386, 38.47680664062511], [-0.312361985445023, 38.47680664062511], [-0.312361985445023, 38.476478576660156], [-0.312361985445023, 38.47624969482433], [-0.312638014554977, 38.47624969482433], [-0.312638014554977, 38.47597122192377], [-0.31291601061821, 38.47597122192377], [-0.31291601061821, 38.47541809082037], [-0.313472002744618, 38.47541809082037], [-0.313472002744618, 38.47513961791997], [-0.31374999880785, 38.47513961791997], [-0.31374999880785, 38.47541809082037], [-0.314305990934315, 38.47541809082037], [-0.314305990934315, 38.47513961791997], [-0.314862012863159, 38.47513961791997], [-0.314862012863159, 38.47486114501958], [-0.315589010715485, 38.47486114501958], [-0.316249996423721, 38.47486114501958], [-0.316249996423721, 38.474582672119254], [-0.316527992486954, 38.474582672119254], [-0.316527992486954, 38.47439193725597], [-0.316527992486954, 38.474029541015625], [-0.316805988550186, 38.474029541015625], [-0.316805988550186, 38.473751068115234], [-0.316980004310551, 38.473751068115234], [-0.317084014415627, 38.473751068115234], [-0.317084014415627, 38.473598480224666], [-0.317084014415627, 38.47319412231451], [-0.31736201047886, 38.47319412231451], [-0.317360013723373, 38.472084045410156], [-0.317638009786606, 38.472084045410156], [-0.317638009786606, 38.471527099609375], [-0.317916005849838, 38.471527099609375], [-0.317916005849838, 38.471248626708984], [-0.318194001913071, 38.471248626708984], [-0.318194001913071, 38.47069549560558], [-0.319306999444905, 38.47069549560558], [-0.319306999444905, 38.470417022705185], [-0.319954007863942, 38.470417022705185], [-0.320138007402306, 38.470417022705185], [-0.320138007402306, 38.47031021118163], [-0.320138007402306, 38.4701385498048], [-0.320430010557118, 38.4701385498048], [-0.320695012807846, 38.4701385498048], [-0.320695012807846, 38.46998596191406], [-0.320695012807846, 38.46986007690441], [-0.32090899348259, 38.46986007690441], [-0.321806997060776, 38.46986007690441], [-0.321806997060776, 38.46958160400385], [-0.322082996368351, 38.46958160400385], [-0.322082996368351, 38.46930694580084], [-0.322360992431584, 38.46930694580084], [-0.322360992431584, 38.469013214111385], [-0.322360992431584, 38.46875], [-0.322638988494816, 38.46875], [-0.322638988494816, 38.46885299682623], [-0.322638988494816, 38.46902847290045], [-0.322917014360371, 38.46902847290045], [-0.322917014360371, 38.46875], [-0.323473006486836, 38.46875], [-0.323473006486836, 38.46861267089855], [-0.323473006486836, 38.468471527099666], [-0.324028998613301, 38.468471527099666], [-0.324028998613301, 38.468273162841854], [-0.324028998613301, 38.46819305419933], [-0.324860990047455, 38.46819305419933], [-0.324860990047455, 38.467918395996094], [-0.325138986110687, 38.467918395996094], [-0.325138986110687, 38.4676399230957], [-0.325695008039474, 38.4676399230957], [-0.325695008039474, 38.46736145019531], [-0.325973004102707, 38.46736145019531], [-0.325973004102707, 38.46708297729498], [-0.326804995536747, 38.46708297729498], [-0.326804995536747, 38.46680450439459], [-0.32708299159998, 38.46680450439459], [-0.32708299159998, 38.4665260314942], [-0.327360987663212, 38.4665260314942], [-0.327360987663212, 38.46625137329096], [-0.327917009592056, 38.46625137329096], [-0.327917009592056, 38.465972900390625], [-0.328473001718464, 38.465972900390625], [-0.328473001718464, 38.46545028686535], [-0.328473001718464, 38.46513748168945], [-0.329026997089386, 38.46513748168945], [-0.329026997089386, 38.46541595458984], [-0.329304993152618, 38.46541595458984], [-0.329304993152618, 38.46513748168945], [-0.329860985279083, 38.46513748168945], [-0.329860985279083, 38.46464157104498], [-0.329966008663121, 38.46461868286138], [-0.330139011144524, 38.46458435058605], [-0.330139011144524, 38.4644775390625], [-0.330139011144524, 38.46430587768565], [-0.330435991287231, 38.46430587768565], [-0.331526994705143, 38.46430587768565], [-0.331526994705143, 38.46402740478527], [-0.331804990768376, 38.46402740478527], [-0.331804990768376, 38.46374893188488], [-0.332639992237034, 38.46374893188488], [-0.332639992237034, 38.46347045898449], [-0.33291798830021, 38.46347045898449], [-0.33291798830021, 38.46319580078131], [-0.33347100019455, 38.46319580078131], [-0.33347100019455, 38.462917327880916], [-0.333748996257782, 38.462917327880916], [-0.333748996257782, 38.46263885498052], [-0.334026992321014, 38.46263885498052], [-0.334026992321014, 38.462360382080135], [-0.334861993789673, 38.462360382080135], [-0.334861993789673, 38.462081909179744], [-0.335139989852905, 38.462081909179744], [-0.335139989852905, 38.46180725097656], [-0.335693985223713, 38.46180725097656], [-0.335693985223713, 38.46152877807617], [-0.335972011089268, 38.46152877807617], [-0.335972011089268, 38.46125030517578], [-0.336528003215733, 38.46125030517578], [-0.336528003215733, 38.46097183227538], [-0.337083995342198, 38.46097183227538], [-0.337083995342198, 38.46069335937506], [-0.33736199140543, 38.46069335937506], [-0.33736199140543, 38.460414886474666], [-0.337915986776352, 38.460414886474666], [-0.337915986776352, 38.46014022827143], [-0.338194012641907, 38.46014022827143], [-0.338194012641907, 38.45986175537104], [-0.338472008705139, 38.45986175537104], [-0.338472008705139, 38.4595832824707], [-0.339028000831604, 38.4595832824707], [-0.339028000831604, 38.459304809570305], [-0.339583992958069, 38.459304809570305], [-0.339583992958069, 38.45902633666992], [-0.340137988328877, 38.45902633666992], [-0.340137988328877, 38.45875167846691], [-0.340416014194489, 38.45875167846691], [-0.340416014194489, 38.45847320556652], [-0.340694010257721, 38.45847320556652], [-0.340694010257721, 38.4583244323731], [-0.340694010257721, 38.45819473266612], [-0.340972006320896, 38.45819473266612], [-0.340972006320896, 38.45763778686535], [-0.341250002384129, 38.45763778686535], [-0.341250002384129, 38.45791625976574], [-0.341805994510594, 38.45791625976574], [-0.341805994510594, 38.45763778686535], [-0.342083990573826, 38.45763778686535], [-0.342083990573826, 38.456825256347656], [-0.342359989881516, 38.456806182861385], [-0.342359989881516, 38.45648574829113], [-0.342359989881516, 38.45597076416021], [-0.342779010534286, 38.45597076416021], [-0.342916011810189, 38.45597076416021], [-0.342916011810189, 38.45580291748058], [-0.342916011810189, 38.45569610595703], [-0.343194007873535, 38.45569610595703], [-0.343194007873535, 38.45541763305664], [-0.344027996063232, 38.45541763305664], [-0.344027996063232, 38.45569610595703], [-0.345972001552582, 38.45569610595703], [-0.345972001552582, 38.45559310913085], [-0.345972001552582, 38.45541763305664], [-0.346251010894719, 38.45541763305664], [-0.346251010894719, 38.45525741577154], [-0.346251010894719, 38.45513916015625], [-0.346807003021183, 38.45513916015625], [-0.346807003021183, 38.45486068725585], [-0.347359985113144, 38.45486068725585], [-0.347359985113144, 38.45458221435546], [-0.347638010978642, 38.45458221435546], [-0.347638010978642, 38.45402908325207], [-0.348194986581802, 38.45402908325207], [-0.348194986581802, 38.453926086425895], [-0.348194986581802, 38.453750610351506], [-0.348473012447357, 38.453750610351506], [-0.348473012447357, 38.453472137451115], [-0.34875100851059, 38.453472137451115], [-0.34875100851059, 38.453193664550774], [-0.349029004573822, 38.453193664550774], [-0.349029004573822, 38.45291519165039], [-0.349860996007862, 38.45291519165039], [-0.349860996007862, 38.453193664550774], [-0.350695013999882, 38.453193664550774], [-0.350695013999882, 38.45291519165039], [-0.351251006126347, 38.45291519165039], [-0.351251006126347, 38.452766418457145], [-0.351251006126347, 38.45264053344732], [-0.351529002189579, 38.45264053344732], [-0.351529002189579, 38.45236206054699], [-0.351805001497269, 38.45236206054699], [-0.351805001497269, 38.45208358764659], [-0.352638989686966, 38.45208358764659], [-0.352638989686966, 38.4518051147462], [-0.352916985750198, 38.4518051147462], [-0.352916985750198, 38.45152664184582], [-0.353195011615753, 38.45152664184582], [-0.353195011615753, 38.45041656494146], [-0.353473007678986, 38.45041656494146], [-0.353473007678986, 38.450138092041065], [-0.353751003742218, 38.450138092041065], [-0.353751003742218, 38.44985961914068], [-0.354582995176258, 38.44985961914068], [-0.354582995176258, 38.44930648803711], [-0.355695009231567, 38.44930648803711], [-0.355695009231567, 38.44902801513672], [-0.355973005294743, 38.44902801513672], [-0.355973005294743, 38.44874954223633], [-0.356527000665665, 38.44874954223633], [-0.356527000665665, 38.44847106933593], [-0.356804996728897, 38.44847106933593], [-0.356804996728897, 38.44819259643555], [-0.357360988855362, 38.44819259643555], [-0.357360988855362, 38.44847106933593], [-0.357789993286076, 38.44847106933593], [-0.358749002218246, 38.44847106933593], [-0.358749002218246, 38.44819259643555], [-0.359026998281422, 38.44819259643555], [-0.359026998281422, 38.44874954223633], [-0.359304994344654, 38.44874954223633], [-0.359304994344654, 38.44902801513672], [-0.360139995813313, 38.44902801513672], [-0.360139995813313, 38.44874954223633], [-0.360417991876545, 38.44874954223633], [-0.360417991876545, 38.44819259643555], [-0.360139995813313, 38.44819259643555], [-0.360139995813313, 38.447639465332145], [-0.360417991876545, 38.447639465332145], [-0.360417991876545, 38.447360992431584], [-0.360695987939721, 38.447360992431584], [-0.360695987939721, 38.44708251953119], [-0.362084001302719, 38.44708251953119], [-0.362084001302719, 38.44680404663086], [-0.362361997365952, 38.44680404663086], [-0.362361997365952, 38.4470100402832], [-0.362361997365952, 38.447360992431584], [-0.362639993429184, 38.447360992431584], [-0.362639993429184, 38.447639465332145], [-0.363193988799992, 38.447639465332145], [-0.363193988799992, 38.447360992431584], [-0.363472014665547, 38.447360992431584], [-0.363472014665547, 38.44708251953119], [-0.363750010728779, 38.44708251953119], [-0.363750010728779, 38.44680404663086], [-0.364028006792012, 38.44680404663086], [-0.364028006792012, 38.446475982666016], [-0.364028006792012, 38.4462509155274], [-0.363750010728779, 38.4462509155274], [-0.363750010728779, 38.44569396972667], [-0.364028006792012, 38.44569396972667], [-0.364028006792012, 38.445415496826286], [-0.366528004407883, 38.445415496826286], [-0.366528004407883, 38.44569396972667], [-0.367637991905156, 38.44569396972667], [-0.367637991905156, 38.445415496826286], [-0.368194013833999, 38.445415496826286], [-0.368194013833999, 38.445137023925895], [-0.368472009897232, 38.445137023925895], [-0.368472009897232, 38.44458389282232], [-0.368750005960408, 38.44458389282232], [-0.368750005960408, 38.444026947021534], [-0.369583994150105, 38.444026947021534], [-0.369583994150105, 38.44319534301758], [-0.370137989521027, 38.44319534301758], [-0.370137989521027, 38.44347381591797], [-0.372081995010319, 38.44347381591797], [-0.372081995010319, 38.44374847412115], [-0.372494995594025, 38.44374847412115], [-0.372637987136784, 38.44374847412115], [-0.372637987136784, 38.44347381591797], [-0.372916013002396, 38.44347381591797], [-0.372916013002396, 38.44319534301758], [-0.37347200512886, 38.44319534301758], [-0.37347200512886, 38.44291687011719], [-0.373982995748463, 38.44291687011719], [-0.37458199262619, 38.44291687011719], [-0.37458199262619, 38.4426383972168], [-0.375138998031616, 38.4426383972168], [-0.375138998031616, 38.4423599243164], [-0.375416994094849, 38.4423599243164], [-0.375416994094849, 38.442085266113395], [-0.375694990158081, 38.442081451416016], [-0.375694990158081, 38.441528320312614], [-0.376251012086868, 38.441528320312614], [-0.376251012086868, 38.44097137451166], [-0.376529008150101, 38.44097137451166], [-0.376529008150101, 38.440692901611264], [-0.376805007457676, 38.440692901611264], [-0.376805007457676, 38.43958282470714], [-0.376529008150101, 38.43958282470714], [-0.376529008150101, 38.43941116333008], [-0.376529008150101, 38.439029693603516], [-0.376715987920761, 38.439025878906364], [-0.376805007457676, 38.439025878906364], [-0.376805007457676, 38.438751220703125], [-0.376529008150101, 38.438751220703125], [-0.376529008150101, 38.437915802002], [-0.377083003520909, 38.437915802002], [-0.377083003520909, 38.43736267089844], [-0.378751009702626, 38.43736267089844], [-0.378751009702626, 38.43708419799805], [-0.379027009010315, 38.43708419799805], [-0.379056006669941, 38.43736267089844], [-0.37958300113678, 38.43736267089844], [-0.37958300113678, 38.43708419799805], [-0.380416989326477, 38.43708419799805], [-0.380416989326477, 38.436805725097656], [-0.380694985389709, 38.436805725097656], [-0.380694985389709, 38.43624877929687], [-0.380973011255264, 38.43624877929687], [-0.380973011255264, 38.435974121093864], [-0.381249010562897, 38.435974121093864], [-0.381249010562897, 38.43581390380871], [-0.381249010562897, 38.43569564819347], [-0.381527006626072, 38.43569564819347], [-0.381527006626072, 38.43541717529308], [-0.381857007741928, 38.43541717529308], [-0.382082998752537, 38.43541717529308], [-0.382082998752537, 38.43513870239269], [-0.38236099481577, 38.43513870239269], [-0.38236099481577, 38.434860229492294], [-0.382638990879002, 38.434860229492294], [-0.382638990879002, 38.43381881713861], [-0.382638990879002, 38.43319320678722], [-0.38236099481577, 38.43319320678722], [-0.38236099481577, 38.432918548583984], [-0.381805002689305, 38.43291473388683], [-0.381805002689305, 38.432640075683594], [-0.381527006626072, 38.432640075683594], [-0.381527006626072, 38.4323616027832], [-0.380973011255264, 38.4323616027832], [-0.380973011255264, 38.43208312988287], [-0.380694985389709, 38.43208312988287], [-0.380694985389709, 38.43125152587885], [-0.380138993263245, 38.43125152587885], [-0.380138993263245, 38.430973052978516], [-0.380973011255264, 38.430973052978516], [-0.380973011255264, 38.43125152587885], [-0.381249010562897, 38.43125152587885], [-0.381249010562897, 38.43152618408208], [-0.381805002689305, 38.43152618408208], [-0.381805002689305, 38.43125152587885], [-0.382082998752537, 38.43125152587885], [-0.382082998752537, 38.430416107177734], [-0.382638990879002, 38.430416107177734], [-0.382638990879002, 38.430137634277344], [-0.382916986942234, 38.430137634277344], [-0.382916986942234, 38.42958450317394], [-0.383473008871078, 38.42958450317394], [-0.383473008871078, 38.42930603027355], [-0.383749008178711, 38.42930603027355], [-0.383749008178711, 38.42902755737316], [-0.384027004241943, 38.42902755737316], [-0.384027004241943, 38.42930603027355], [-0.384305000305176, 38.42930603027355], [-0.384305000305176, 38.42958450317394], [-0.384582996368408, 38.42958450317394], [-0.384582996368408, 38.42986297607433], [-0.384860992431641, 38.42986297607433], [-0.384860992431641, 38.430137634277344], [-0.385138988494873, 38.430137634277344], [-0.385138988494873, 38.430416107177734], [-0.385417014360314, 38.430416107177734], [-0.385417014360314, 38.430137634277344], [-0.385695993900299, 38.430137634277344], [-0.385695993900299, 38.42986297607433], [-0.387082993984166, 38.42986297607433], [-0.387082993984166, 38.42958450317394], [-0.387362003326359, 38.42958450317394], [-0.387362003326359, 38.42930603027355], [-0.387639999389592, 38.42930603027355], [-0.387639999389592, 38.42902755737316], [-0.387917995452824, 38.42902755737316], [-0.387917995452824, 38.42874908447276], [-0.388193011283818, 38.42874908447276], [-0.388193011283818, 38.42847061157238], [-0.388471007346993, 38.42847061157238], [-0.388471007346993, 38.42831039428711], [-0.388471007346993, 38.4281959533692], [-0.388749986886978, 38.4281959533692], [-0.388749986886978, 38.42791748046881], [-0.389028012752533, 38.42791748046881], [-0.389028012752533, 38.427360534668026], [-0.389306008815765, 38.427360534668026], [-0.389306008815765, 38.42634201049816], [-0.389306008815765, 38.42569351196295], [-0.389584004878998, 38.42569351196295], [-0.389584004878998, 38.42514038085932], [-0.389306008815765, 38.42514038085932], [-0.389306008815765, 38.42486190795893], [-0.389584004878998, 38.42486190795893], [-0.389584004878998, 38.4243049621582], [-0.38986200094223, 38.4243049621582], [-0.38986200094223, 38.4237518310548], [-0.390139997005463, 38.4237518310548], [-0.390139997005463, 38.42235946655285], [-0.390415996313038, 38.42235946655285], [-0.390417993068695, 38.421527862548885], [-0.390693992376271, 38.421527862548885], [-0.390693992376271, 38.4209709167481], [-0.390971988439503, 38.4209709167481], [-0.390971988439503, 38.419731140136776], [-0.390971988439503, 38.41930389404302], [-0.390693992376271, 38.41930389404302], [-0.390693992376271, 38.41819381713867], [-0.390417993068695, 38.41819381713867], [-0.390417993068695, 38.4179801940919], [-0.390417993068695, 38.4168052673341], [-0.390693992376271, 38.4168052673341], [-0.390693992376271, 38.41652679443371], [-0.390971988439503, 38.41652679443371], [-0.390971988439503, 38.415695190429744], [-0.391250014305058, 38.415695190429744], [-0.391250014305058, 38.415416717529354], [-0.39152801036829, 38.415416717529354], [-0.39152801036829, 38.41513824462896], [-0.391806006431523, 38.41513824462896], [-0.391806006431523, 38.41485977172857], [-0.392084002494755, 38.41485977172857], [-0.392084002494755, 38.41458511352539], [-0.392397999763489, 38.41458511352539], [-0.39263999462122, 38.41458511352539], [-0.39263999462122, 38.414306640625], [-0.392717987298965, 38.414306640625], [-0.393193989992142, 38.414306640625], [-0.393193989992142, 38.41402816772461], [-0.395693987607899, 38.41402816772461], [-0.395693987607899, 38.41374969482422], [-0.397915989160538, 38.41374969482422], [-0.397915989160538, 38.41347122192383], [-0.399305999279022, 38.41347122192383], [-0.399305999279022, 38.41319274902344], [-0.39985999464983, 38.41319274902344], [-0.39985999464983, 38.412918090820426], [-0.400137990713063, 38.412918090820426], [-0.400137990713063, 38.412639617920036], [-0.400415986776295, 38.412639617920036], [-0.400415986776295, 38.412361145019474], [-0.400972992181721, 38.412361145019474], [-0.400972992181721, 38.412082672119084], [-0.401250988244897, 38.412082672119084], [-0.401250988244897, 38.41152954101568], [-0.401405990123692, 38.41152954101568], [-0.401529014110508, 38.41152954101568], [-0.401529014110508, 38.41115951538086], [-0.401529014110508, 38.41069412231457], [-0.401681005954686, 38.41069412231457], [-0.401804000139236, 38.41069412231457], [-0.401804000139236, 38.410415649414176], [-0.402081996202469, 38.410415649414176], [-0.402081996202469, 38.409862518310604], [-0.402361005544662, 38.409862518310604], [-0.402361005544662, 38.40958404541021], [-0.402639001607895, 38.40958404541021], [-0.402639001607895, 38.40874862670904], [-0.402916997671127, 38.40874862670904], [-0.402916997671127, 38.40819549560547], [-0.40319499373436, 38.40819549560547], [-0.40319499373436, 38.40791702270508], [-0.403472989797592, 38.40791702270508], [-0.403472989797592, 38.40763854980469], [-0.403750985860825, 38.40763854980469], [-0.403750985860825, 38.40597152709955], [-0.404029011726379, 38.40597152709955], [-0.404029011726379, 38.40541839599615], [-0.404305011033955, 38.40541839599615], [-0.404305011033955, 38.40486145019537], [-0.404583007097187, 38.40486145019537], [-0.404583007097187, 38.40402603149425], [-0.40486100316042, 38.40402603149425], [-0.40486100316042, 38.40319442749029], [-0.405138999223652, 38.40319442749029], [-0.405138999223652, 38.40236282348633], [-0.405416995286885, 38.40236282348633], [-0.405416995286885, 38.400970458984375], [-0.405694991350117, 38.400970458984375], [-0.405694991350117, 38.39958190917963], [-0.40597298741335, 38.39958190917963], [-0.40597298741335, 38.39902877807623], [-0.406251013278904, 38.39902877807623], [-0.406251013278904, 38.398193359375114], [-0.406527012586594, 38.398193359375114], [-0.406527012586594, 38.39652633666998], [-0.406805008649826, 38.39652633666998], [-0.406805008649826, 38.395137786865234], [-0.407083004713058, 38.395137786865234], [-0.407083004713058, 38.39374923706066], [-0.407361000776291, 38.39374923706066], [-0.407361000776291, 38.3929176330567], [-0.407638996839523, 38.3929176330567], [-0.407638996839523, 38.39097213745117], [-0.407361000776291, 38.39097213745117], [-0.407361000776291, 38.39014053344721], [-0.407638996839523, 38.39014053344721], [-0.407638996839523, 38.38819503784191], [-0.407916992902756, 38.38819503784191], [-0.407916992902756, 38.38708496093756], [-0.408194988965988, 38.38708496093756], [-0.408194988965988, 38.38486099243164], [-0.408473014831543, 38.38486099243164], [-0.408473014831543, 38.38541793823242], [-0.408749014139175, 38.38541793823242], [-0.408749014139175, 38.384304046630916], [-0.408473014831543, 38.384304046630916], [-0.408473014831543, 38.38375091552729], [-0.408749014139175, 38.38375091552729], [-0.408749014139175, 38.38402938842785], [-0.409027010202408, 38.38402938842785], [-0.409027010202408, 38.383472442626896], [-0.408749014139175, 38.383472442626896], [-0.408749014139175, 38.382308959960994], [-0.416889995336533, 38.38695526123058], [-0.418877005577087, 38.39097213745117]]]}}, {"type": "Feature", "properties": {"cpro": "03", "name_3": "Marina Alta", "provincia": "Alicante", "communidad_autonoma": "Comunidad Valenciana", "cmun": "128", "codigo_postal": "03128", "engtype_4": "Municipality", "geo_point_2d": [38.71165620528144, 0.11481168042128001], "dc": "4", "id_2": 35, "id_3": 253, "id_0": 215, "id_1": 10, "iso": "ESP", "id_4": 6452, "type_4": "Municipality", "pais": "Spain", "ccn_4": 0, "municipio": "Teulada", "codine": "03128", "nombre": "Teulada", "pop": 11112, "CodMunicipio": 3128}, "geometry": {"type": "Polygon", "coordinates": [[[0.118050001561699, 38.74072265625006], [0.114087000489292, 38.73922729492198], [0.11342199891817, 38.73712921142589], [0.117320999503136, 38.73295211791992], [0.136162996292057, 38.72744750976574], [0.139445006847495, 38.716018676757756], [0.150820001959914, 38.70584869384777], [0.155743002891597, 38.698066711425895], [0.156526997685489, 38.69791793823248], [0.156804993748665, 38.69791793823248], [0.156804993748665, 38.69680404663097], [0.156526997685489, 38.69680404663097], [0.156526997685489, 38.69569396972662], [0.155973002314681, 38.69569396972662], [0.155973002314681, 38.69541549682623], [0.156250998377857, 38.69541549682623], [0.156250998377857, 38.694862365722656], [0.156804993748665, 38.694862365722656], [0.156804993748665, 38.694583892822266], [0.157083004713115, 38.694583892822266], [0.157083004713115, 38.694305419921875], [0.156526997685489, 38.694305419921875], [0.156526997685489, 38.694026947021484], [0.157083004713115, 38.694026947021484], [0.157083004713115, 38.6929168701173], [0.156804993748665, 38.6929168701173], [0.156804993748665, 38.69235992431635], [0.157083004713115, 38.69235992431635], [0.157083004713115, 38.69180679321295], [0.156804993748665, 38.69180679321295], [0.156804993748665, 38.69208145141596], [0.155973002314681, 38.69208145141596], [0.155973002314681, 38.69097137451183], [0.156526997685489, 38.69097137451183], [0.156526997685489, 38.69069290161144], [0.156250998377857, 38.69069290161144], [0.156250998377857, 38.6893043518067], [0.155973002314681, 38.6893043518067], [0.155973002314681, 38.68958282470709], [0.155416995287055, 38.68958282470709], [0.155416995287055, 38.68902587890631], [0.155973002314681, 38.68902587890631], [0.155973002314681, 38.688751220703125], [0.155416995287055, 38.688751220703125], [0.155416995287055, 38.688472747802734], [0.155138999223766, 38.688472747802734], [0.155138999223766, 38.688194274902344], [0.15533900260931, 38.688194274902344], [0.155695006251335, 38.688194274902344], [0.155695006251335, 38.68708419799816], [0.155246004462356, 38.68708419799816], [0.15486100316059, 38.68708419799816], [0.15486100316059, 38.68680572509777], [0.154304996132964, 38.68680572509777], [0.154304996132964, 38.68652725219738], [0.154028996825275, 38.68652725219738], [0.154028996825275, 38.686397552490234], [0.154028996825275, 38.68624877929699], [0.153751000761986, 38.68624877929699], [0.153751000761986, 38.6859741210938], [0.154028996825275, 38.68597030639643], [0.154027000069675, 38.68547439575201], [0.153751000761986, 38.685417175293026], [0.153751000761986, 38.68510818481451], [0.153751000761986, 38.68458175659191], [0.15347300469881, 38.68458175659191], [0.15347300469881, 38.68402862548828], [0.15319499373436, 38.68402862548828], [0.15319499373436, 38.683193206787166], [0.152916997671184, 38.683193206787166], [0.152916997671184, 38.68291854858393], [0.152082994580269, 38.68291854858393], [0.152082994580269, 38.68264007568353], [0.15180400013918, 38.68264007568353], [0.15180400013918, 38.6823616027832], [0.151669993996677, 38.6823616027832], [0.151251003146285, 38.6823616027832], [0.151251003146285, 38.681808471679744], [0.151251003146285, 38.68125152587902], [0.150973007082996, 38.68125152587902], [0.150973007082996, 38.68069458007824], [0.150407001376152, 38.68069458007824], [0.149859994650001, 38.68069458007824], [0.149859994650001, 38.68041610717785], [0.149581998586655, 38.68041610717785], [0.149581998586655, 38.67986297607427], [0.149138003587666, 38.67986297607427], [0.148750007152501, 38.67986297607427], [0.148750007152501, 38.68013763427746], [0.148471996188221, 38.68013763427746], [0.148471996188221, 38.68041610717785], [0.147916004061756, 38.68041610717785], [0.147916004061756, 38.68069458007824], [0.147637993097305, 38.68069458007824], [0.147637993097305, 38.68125152587902], [0.147916004061756, 38.68125152587902], [0.147916004061756, 38.68152618408203], [0.14735999703413, 38.68152618408203], [0.14735999703413, 38.68125152587902], [0.14708399772644, 38.68125152587902], [0.14708399772644, 38.684757232666065], [0.14708399772644, 38.68597030639643], [0.14735999703413, 38.6859741210938], [0.14735999703413, 38.68708419799816], [0.146528005599976, 38.68708419799816], [0.146528005599976, 38.68736267089855], [0.146249994635696, 38.68736267089855], [0.146249994635696, 38.68763732910156], [0.145873993635234, 38.68763732910156], [0.145137995481605, 38.68763732910156], [0.145137995481605, 38.68736267089855], [0.144861996173915, 38.68736267089855], [0.144861996173915, 38.68708419799816], [0.144027993083, 38.68708419799816], [0.144027993083, 38.68680572509777], [0.14319400489336, 38.68680572509777], [0.14319400489336, 38.68652725219738], [0.142361998558101, 38.68652725219738], [0.142361998558101, 38.68624877929699], [0.140694007277489, 38.68624877929699], [0.140694007277489, 38.6859741210938], [0.139305993914604, 38.6859741210938], [0.139305993914604, 38.685138702392635], [0.139027997851429, 38.685138702392635], [0.139027997851429, 38.684860229492244], [0.134305000305176, 38.684860229492244], [0.134305000305176, 38.685138702392635], [0.134027004242, 38.685138702392635], [0.134027004242, 38.6859741210938], [0.13374899327755, 38.6859741210938], [0.13374899327755, 38.68624877929699], [0.130417004227695, 38.68624877929699], [0.130417004227695, 38.6859741210938], [0.12958300113678, 38.6859741210938], [0.12958300113678, 38.685695648193416], [0.129026994109154, 38.685695648193416], [0.129026994109154, 38.685417175293026], [0.12819500267517, 38.685417175293026], [0.12819500267517, 38.685138702392635], [0.127638995647544, 38.685138702392635], [0.127638995647544, 38.684860229492244], [0.126804992556629, 38.684860229492244], [0.126804992556629, 38.68458175659191], [0.126013994216919, 38.68458175659191], [0.125695005059299, 38.68458175659191], [0.125695005059299, 38.68442535400396], [0.125695005059299, 38.684307098388665], [0.125459998846054, 38.684307098388665], [0.124861001968384, 38.684307098388665], [0.124861001968384, 38.68402862548828], [0.124582000076714, 38.68402862548828], [0.124582000076714, 38.683872222900334], [0.124582000076714, 38.68375015258789], [0.124338999390659, 38.68375015258789], [0.12402900308382, 38.68375015258789], [0.12402900308382, 38.68359374999994], [0.12402900308382, 38.68347167968756], [0.12377999722969, 38.68347167968756], [0.123473003506774, 38.68347167968756], [0.123473003506774, 38.68331909179693], [0.123473003506774, 38.683193206787166], [0.123194001615161, 38.683193206787166], [0.123194001615161, 38.68291854858393], [0.122666001319942, 38.68291854858393], [0.122359998524189, 38.68291854858393], [0.122359998524189, 38.68276596069336], [0.122359998524189, 38.68264007568353], [0.12208200246107, 38.68264007568353], [0.12208200246107, 38.6823616027832], [0.121806003153381, 38.6823616027832], [0.121806003153381, 38.68180465698242], [0.12208200246107, 38.68180465698242], [0.12208200246107, 38.68152618408203], [0.121527999639511, 38.68152618408203], [0.121527999639511, 38.68125152587902], [0.121250003576336, 38.68125152587902], [0.121250003576336, 38.68097305297863], [0.120972000062466, 38.68097305297863], [0.120972000062466, 38.68041610717785], [0.120693996548709, 38.68041610717785], [0.120693996548709, 38.68013763427746], [0.120137996971664, 38.68013763427746], [0.120137996971664, 38.67986297607427], [0.119584001600856, 38.67986297607427], [0.119584001600856, 38.679584503173885], [0.119305998086929, 38.679584503173885], [0.119305998086929, 38.679306030273494], [0.119028002023811, 38.679306030273494], [0.119028002023811, 38.679027557373104], [0.118749998509884, 38.679027557373104], [0.118749998509884, 38.67874908447271], [0.118472002446765, 38.67874908447271], [0.118472002446765, 38.67847061157232], [0.118193998932838, 38.67847061157232], [0.118193998932838, 38.678195953369126], [0.118060000240916, 38.678195953369126], [0.11791600286972, 38.678195953369126], [0.11791600286972, 38.67799758911133], [0.11791600286972, 38.67763900756836], [0.117655999958629, 38.67763900756836], [0.117362000048161, 38.67763900756836], [0.117362000048161, 38.677230834960994], [0.117362000048161, 38.67680740356456], [0.117083996534404, 38.67680740356456], [0.117083996534404, 38.676528930664], [0.116853997111377, 38.676528930664], [0.116527996957359, 38.676528930664], [0.116527996957359, 38.676082611083984], [0.116527996957359, 38.67569351196289], [0.11625000089407, 38.67569351196289], [0.115971997380313, 38.67569351196289], [0.115971997380313, 38.67530822753912], [0.115971997380313, 38.67375183105474], [0.115415997803268, 38.67375183105474], [0.115415997803268, 38.673473358154354], [0.115139998495636, 38.673473358154354], [0.115139998495636, 38.67319488525396], [0.113194003701324, 38.67319488525396], [0.113194003701324, 38.67375183105474], [0.112640000879765, 38.67375183105474], [0.112640000879765, 38.67430496215832], [0.112361997366008, 38.67430496215832], [0.112361997366008, 38.67458343505871], [0.110970996320304, 38.67458343505871], [0.110970996320304, 38.6748619079591], [0.11041799932724, 38.6748619079591], [0.11041799932724, 38.67458343505871], [0.109026998281479, 38.67458343505871], [0.109026998281479, 38.674472808838], [0.109026998281479, 38.67430496215832], [0.108511999249458, 38.67430496215832], [0.1083599999547, 38.67476654052746], [0.105475999414978, 38.68279266357433], [0.107704997062797, 38.688373565673885], [0.094757996499595, 38.69755935668956], [0.085725001990909, 38.69737625122081], [0.081396996975059, 38.693241119384766], [0.078959003090915, 38.695304870605526], [0.080890998244286, 38.696189880371094], [0.082455001771507, 38.70073699951183], [0.082826003432388, 38.710994720458984], [0.085285998880977, 38.71363449096673], [0.085454002022857, 38.7199058532716], [0.088083997368813, 38.72252273559576], [0.08709999918932, 38.72395324707037], [0.088735997676963, 38.724296569824276], [0.07964900135994, 38.74488067626953], [0.088357999920845, 38.74703598022461], [0.100973002612704, 38.74902725219732], [0.107910998165721, 38.747966766357365], [0.116797000169811, 38.7491912841798], [0.118050001561699, 38.74072265625006]]]}}, {"type": "Feature", "properties": {"cpro": "03", "name_3": "Alcoia", "provincia": "Alicante", "communidad_autonoma": "Comunidad Valenciana", "cmun": "032", "codigo_postal": "03032", "engtype_4": "Municipality", "geo_point_2d": [38.655087827390986, -0.411790661589009], "dc": "4", "id_2": 35, "id_3": 249, "id_0": 215, "id_1": 10, "iso": "ESP", "id_4": 6358, "type_4": "Municipality", "pais": "Spain", "ccn_4": 0, "municipio": "Benifallim", "codine": "03032", "nombre": "Benifallim", "pop": 105, "CodMunicipio": 3032}, "geometry": {"type": "Polygon", "coordinates": [[[-0.40016999840725, 38.62839889526367], [-0.406859993934575, 38.63016891479497], [-0.409626007080021, 38.633068084716854], [-0.406937003135624, 38.634704589843864], [-0.407775998115539, 38.63566207885742], [-0.412238001823368, 38.634235382080185], [-0.417286992073002, 38.63791656494146], [-0.420242995023671, 38.63457870483404], [-0.427255988121033, 38.63417053222667], [-0.428624987602177, 38.63597869873052], [-0.42841300368309, 38.647983551025504], [-0.432238012552261, 38.65576171875], [-0.430400997400284, 38.66345214843756], [-0.427821010351181, 38.669357299804744], [-0.420275002717972, 38.675994873046875], [-0.411873996257782, 38.677520751953125], [-0.405348002910557, 38.68161773681646], [-0.403562009334564, 38.6807975769044], [-0.405995994806233, 38.67702102661133], [-0.404031008481923, 38.675094604492244], [-0.404222995042801, 38.67207336425786], [-0.400418996810913, 38.67206954956055], [-0.398268997669163, 38.669815063476676], [-0.39415600895876, 38.669170379638786], [-0.389403998851776, 38.665210723876946], [-0.391144990921021, 38.66094970703124], [-0.396320998668671, 38.65600967407238], [-0.391496002674103, 38.650947570800895], [-0.400864988565388, 38.63747024536144], [-0.40016999840725, 38.62839889526367]]]}}, {"type": "Feature", "properties": {"cpro": "03", "name_3": "Marina Alta", "provincia": "Alicante", "communidad_autonoma": "Comunidad Valenciana", "cmun": "091", "codigo_postal": "03091", "engtype_4": "Municipality", "geo_point_2d": [38.765801944090406, -0.07692292817075301], "dc": "6", "id_2": 35, "id_3": 253, "id_0": 215, "id_1": 10, "iso": "ESP", "id_4": 6443, "type_4": "Municipality", "pais": "Spain", "ccn_4": 0, "municipio": "Murla", "codine": "03091", "nombre": "Murla", "pop": 470, "CodMunicipio": 3091}, "geometry": {"type": "Polygon", "coordinates": [[[-0.081211999058723, 38.75629806518566], [-0.085225999355316, 38.75690460205083], [-0.089790999889374, 38.763488769531364], [-0.096096999943143, 38.765464782714844], [-0.094967000186443, 38.768085479736385], [-0.098555997013989, 38.771228790283146], [-0.098013997077942, 38.77438354492182], [-0.092267997562885, 38.77703475952154], [-0.089006997644901, 38.77458190917969], [-0.085105001926365, 38.77879333496094], [-0.077644996344986, 38.774085998535206], [-0.066742002963963, 38.77190780639654], [-0.06445100158453, 38.767471313476676], [-0.054885998368206, 38.764736175537216], [-0.05349799990654, 38.761001586914176], [-0.05044399946928, 38.75969696044916], [-0.053025998175144, 38.75931167602545], [-0.062748998403549, 38.75676345825195], [-0.063231997191906, 38.7553977966308], [-0.075677998363972, 38.756320953369254], [-0.07863400131464, 38.7577018737793], [-0.081211999058723, 38.75629806518566]]]}}, {"type": "Feature", "properties": {"cpro": "03", "name_3": "Alt Vinalopo", "provincia": "Alicante", "communidad_autonoma": "Comunidad Valenciana", "cmun": "123", "codigo_postal": "03123", "engtype_4": "Municipality", "geo_point_2d": [38.54848862334665, -0.813324102862343], "dc": "1", "id_2": 35, "id_3": 250, "id_0": 215, "id_1": 10, "iso": "ESP", "id_4": 6369, "type_4": "Municipality", "pais": "Spain", "ccn_4": 0, "municipio": "Sax", "codine": "03123", "nombre": "Sax", "pop": 9845, "CodMunicipio": 3123}, "geometry": {"type": "Polygon", "coordinates": [[[-0.85571300983429, 38.513061523437614], [-0.867411017417851, 38.529315948486385], [-0.866137027740479, 38.53871536254894], [-0.864473998546543, 38.556140899658196], [-0.861033976077977, 38.561477661132926], [-0.84482699632639, 38.57152938842768], [-0.827521979808807, 38.57942962646496], [-0.823476016521454, 38.58225250244152], [-0.821204006671849, 38.587554931640675], [-0.813876986503601, 38.59143829345714], [-0.806410014629364, 38.59309005737299], [-0.799696028232518, 38.59976959228521], [-0.795141994953156, 38.5917320251466], [-0.785178005695229, 38.5824432373048], [-0.774385988712311, 38.575382232666016], [-0.749146997928506, 38.55178070068371], [-0.781615972518921, 38.52391052246105], [-0.79355800151825, 38.52009963989258], [-0.794246971607151, 38.515228271484375], [-0.798193991184178, 38.51247406005871], [-0.806267023086548, 38.510658264160156], [-0.829039990901947, 38.511093139648494], [-0.8381130099296, 38.508693695068416], [-0.85571300983429, 38.513061523437614]]]}}, {"type": "Feature", "properties": {"name_3": "Marina Alta", "provincia": "Alicante", "communidad_autonoma": "Comunidad Valenciana", "engtype_4": "Municipality", "geo_point_2d": [38.71297473048526, -0.030979977334683002], "id_2": 35, "id_3": 253, "id_0": 215, "id_1": 10, "iso": "ESP", "id_4": 6439, "type_4": "Municipality", "pais": "Spain", "ccn_4": 0, "municipio": "Jalón", "codine": "03081", "nombre": "Jalón", "pop": 2739, "CodMunicipio": 3081}, "geometry": {"type": "Polygon", "coordinates": [[[-0.059990998357534, 38.66470336914057], [-0.064588002860546, 38.67593383789074], [-0.060038998722973, 38.69553375244146], [-0.056161999702397, 38.705688476562614], [-0.049502000212556, 38.71554565429693], [-0.051190998405218, 38.718093872070426], [-0.04939499869937, 38.72063446044922], [-0.043494999408665, 38.722061157226676], [-0.042984001338482, 38.7274551391601], [-0.033472999930382, 38.74219512939453], [-0.034717999398595, 38.74407196044922], [-0.031812001019659, 38.74563217163097], [-0.032721001654863, 38.74728393554699], [-0.029869999736434, 38.75585174560558], [-0.021189000457525, 38.75934219360357], [-0.011873999610543, 38.75943756103521], [-0.008969999849683, 38.762065887451286], [-0.001375999534503, 38.764503479003906], [0.0, 38.766452789306754], [0.000887000525893, 38.767711639404354], [0.006349999923259, 38.76930236816412], [0.003539999714235, 38.76345443725586], [0.004827999509928, 38.76155090332042], [0.004207999911273, 38.75221252441417], [0.0, 38.738998413085994], [-0.00151799980074, 38.734233856201115], [-0.014759000390768, 38.706771850585994], [-0.03328400105238, 38.681999206543026], [-0.024398000910821, 38.678405761718864], [-0.044344998896065, 38.660995483398494], [-0.046496000140849, 38.658668518066406], [-0.055810999125185, 38.65957260131841], [-0.059990998357534, 38.66470336914057]]]}}, {"type": "Feature", "properties": {"cpro": "03", "name_3": "Marina Alta", "provincia": "Alicante", "communidad_autonoma": "Comunidad Valenciana", "cmun": "102", "codigo_postal": "03102", "engtype_4": "Municipality", "geo_point_2d": [38.84376585291756, -0.09999705055326001], "dc": "9", "id_2": 35, "id_3": 253, "id_0": 215, "id_1": 10, "iso": "ESP", "id_4": 6448, "type_4": "Municipality", "pais": "Spain", "ccn_4": 0, "municipio": "Pego", "codine": "03102", "nombre": "Pego", "pop": 10128, "CodMunicipio": 3102}, "geometry": {"type": "Polygon", "coordinates": [[[-0.085879996418953, 38.81597518920904], [-0.092477999627533, 38.8080673217774], [-0.096927002072277, 38.80628585815441], [-0.117453001439515, 38.8006477355957], [-0.118676997721195, 38.799129486083984], [-0.132138997316247, 38.79903030395519], [-0.124452002346516, 38.80580520629883], [-0.123666003346443, 38.80959701538086], [-0.125685006380081, 38.81237411499034], [-0.136555999517384, 38.81748962402338], [-0.152888998389244, 38.82870101928711], [-0.156699001789036, 38.83452224731457], [-0.153314992785454, 38.833602905273494], [-0.147012993693295, 38.83909606933594], [-0.148788005113545, 38.84397125244151], [-0.146112993359566, 38.84666824340826], [-0.148025006055832, 38.858463287353516], [-0.102045997977257, 38.875061035156364], [-0.094890996813774, 38.874713897705135], [-0.092036001384201, 38.871562957763615], [-0.089607998728752, 38.87934875488281], [-0.082648001611233, 38.87988662719732], [-0.079888001084271, 38.88140869140625], [-0.078074000775814, 38.88068008422862], [-0.078645996749344, 38.88415527343755], [-0.070569001138153, 38.885753631591854], [-0.067937999963704, 38.8836059570313], [-0.064131997525692, 38.87442779541021], [-0.056906998157501, 38.86909103393555], [-0.045843999832869, 38.86461639404297], [-0.042102001607361, 38.856487274169865], [-0.042323000729027, 38.85008621215826], [-0.045253999531269, 38.84550094604498], [-0.065829999744892, 38.83706665039068], [-0.074532002210617, 38.82627487182622], [-0.085879996418953, 38.81597518920904]]]}}, {"type": "Feature", "properties": {"cpro": "03", "name_3": "Baix Segura", "provincia": "Alicante", "communidad_autonoma": "Comunidad Valenciana", "cmun": "902", "codigo_postal": "03902", "engtype_4": "Municipality", "geo_point_2d": [37.89912467860367, -0.828595702495811], "dc": "1", "id_2": 35, "id_3": 251, "id_0": 215, "id_1": 10, "iso": "ESP", "id_4": 6390, "type_4": "Municipality", "pais": "Spain", "ccn_4": 0, "municipio": "Pilar de la Horadada", "codine": "03902", "nombre": "Pilar de l", "pop": 21905, "CodMunicipio": 3902}, "geometry": {"type": "Polygon", "coordinates": [[[-0.751806974410954, 37.88958740234375], [-0.751806974410954, 37.88847351074219], [-0.751977980136871, 37.88847351074219], [-0.752083003520909, 37.88847351074219], [-0.752083003520909, 37.8881950378418], [-0.752360999584141, 37.8881950378418], [-0.752360999584141, 37.88763809204107], [-0.752113997936249, 37.88763809204107], [-0.752083003520909, 37.88652801513672], [-0.752360999584141, 37.88652801513672], [-0.752360999584141, 37.886104583740284], [-0.752360999584141, 37.88569259643555], [-0.752638995647317, 37.88569259643555], [-0.752638995647317, 37.885139465332145], [-0.752916991710549, 37.885139465332145], [-0.752916991710549, 37.88430404663097], [-0.753194987773895, 37.88430404663097], [-0.753194987773895, 37.88402938842779], [-0.753472983837128, 37.88402938842779], [-0.753472983837128, 37.88319396972662], [-0.753194987773895, 37.88319396972662], [-0.753194987773895, 37.88291549682623], [-0.753472983837128, 37.88291549682623], [-0.753472983837128, 37.88152694702154], [-0.753194987773895, 37.88152694702154], [-0.753194987773895, 37.88095855712902], [-0.753194987773895, 37.8801383972168], [-0.752916991710549, 37.8801383972168], [-0.752916991710549, 37.879859924316406], [-0.752638995647317, 37.879859924316406], [-0.752638995647317, 37.879306793213004], [-0.752360999584141, 37.879306793213004], [-0.752360999584141, 37.87763977050787], [-0.752638995647317, 37.87763977050787], [-0.752638995647317, 37.87736129760748], [-0.752916991710549, 37.87736129760748], [-0.752916991710549, 37.87708282470709], [-0.753194987773895, 37.87708282470709], [-0.753194987773895, 37.87652969360351], [-0.753472983837128, 37.87652587890631], [-0.753472983837128, 37.87541580200195], [-0.75375097990036, 37.87541580200195], [-0.75375097990036, 37.87263870239269], [-0.753472983837128, 37.87263870239269], [-0.753472983837128, 37.87180709838873], [-0.754305005073547, 37.87180709838873], [-0.754305005073547, 37.87152862548834], [-0.7547190189361, 37.87152862548834], [-0.754860997200012, 37.87152862548834], [-0.754860997200012, 37.87125015258795], [-0.755694985389709, 37.87125015258795], [-0.755694985389709, 37.870693206787166], [-0.755972981452942, 37.870693206787166], [-0.755972981452942, 37.87041854858398], [-0.755694985389709, 37.870414733886776], [-0.755694985389709, 37.87014007568359], [-0.755972981452942, 37.87014007568359], [-0.755972981452942, 37.86875152587902], [-0.755694985389709, 37.86875152587902], [-0.755694985389709, 37.867637634277344], [-0.755972981452942, 37.867637634277344], [-0.755972981452942, 37.86740875244152], [-0.755972981452942, 37.86680603027355], [-0.756250977516117, 37.86680603027355], [-0.756250977516117, 37.86652755737316], [-0.75652897357935, 37.86652755737316], [-0.75652897357935, 37.86624908447277], [-0.756805002689305, 37.86624908447277], [-0.756805002689305, 37.86597061157238], [-0.757082998752537, 37.86597061157238], [-0.757082998752537, 37.86569595336919], [-0.75736099481577, 37.86569595336919], [-0.75736099481577, 37.86541748046881], [-0.757916986942178, 37.86541748046881], [-0.757916986942178, 37.86569595336919], [-0.758472979068756, 37.86569595336919], [-0.758472979068756, 37.86597061157238], [-0.758749008178711, 37.86597061157238], [-0.758749008178711, 37.86690902709972], [-0.758749008178711, 37.867084503173885], [-0.759027004241943, 37.867084503173885], [-0.759027004241943, 37.86736297607427], [-0.759860992431641, 37.86736297607427], [-0.759860992431641, 37.867084503173885], [-0.760138988494873, 37.867084503173885], [-0.760138988494873, 37.86680603027355], [-0.760416984558105, 37.86680603027355], [-0.760416984558105, 37.86652755737316], [-0.760694980621338, 37.86652755737316], [-0.760694980621338, 37.86624908447277], [-0.760971009731236, 37.86624908447277], [-0.760971009731236, 37.865139007568416], [-0.761249005794468, 37.865139007568416], [-0.761249005794468, 37.864860534668026], [-0.761527001857701, 37.864860534668026], [-0.761527001857701, 37.86264038085949], [-0.761804997920933, 37.86264038085949], [-0.761804997920933, 37.86208343505871], [-0.762082993984166, 37.86208343505871], [-0.762082993984166, 37.861526489257756], [-0.761804997920933, 37.861526489257756], [-0.761804997920933, 37.86125183105474], [-0.762082993984166, 37.86125183105474], [-0.762082993984166, 37.86013793945324], [-0.762360990047398, 37.86013793945324], [-0.762360990047398, 37.85819625854492], [-0.76263898611063, 37.85819625854492], [-0.76263898611063, 37.85708236694336], [-0.762360990047398, 37.85708236694336], [-0.762360990047398, 37.85680389404297], [-0.76263898611063, 37.85680389404297], [-0.76263898611063, 37.85625076293957], [-0.762360990047398, 37.85625076293957], [-0.762360990047398, 37.854862213134815], [-0.76263898611063, 37.854862213134815], [-0.76263898611063, 37.85402679443371], [-0.762360990047398, 37.85402679443371], [-0.762360990047398, 37.85374832153332], [-0.76263898611063, 37.85374832153332], [-0.76263898611063, 37.85263824462896], [-0.762360990047398, 37.85263824462896], [-0.762360990047398, 37.85235977172857], [-0.762082993984166, 37.85235977172857], [-0.762082993984166, 37.85180664062499], [-0.761804997920933, 37.85180664062499], [-0.761804997920933, 37.8509635925293], [-0.761804997920933, 37.85069274902344], [-0.762082993984166, 37.85069274902344], [-0.762082993984166, 37.85041809082042], [-0.7618510127067, 37.85041809082042], [-0.761804997920933, 37.849861145019645], [-0.761527001857701, 37.849861145019645], [-0.761527001857701, 37.84902954101568], [-0.761804997920933, 37.84902954101568], [-0.761804997920933, 37.8484725952149], [-0.762082993984166, 37.8484725952149], [-0.762082993984166, 37.84769439697271], [-0.762082993984166, 37.84736251831055], [-0.762360990047398, 37.84736251831055], [-0.762360990047398, 37.846981048583984], [-0.770750999450627, 37.84406661987299], [-0.781635999679452, 37.84484863281256], [-0.790369987487793, 37.84840011596691], [-0.803544998168888, 37.859020233154354], [-0.830178976058903, 37.86429977416992], [-0.841319978237152, 37.872230529785156], [-0.841404020786229, 37.87229156494146], [-0.851234018802529, 37.88179016113281], [-0.857147991657257, 37.88525772094738], [-0.900106012821141, 37.92316818237316], [-0.921250998973846, 37.944534301757805], [-0.919941008090973, 37.94587326049816], [-0.905912995338383, 37.94799423217785], [-0.889984011650085, 37.95391464233409], [-0.874354004859811, 37.952899932861385], [-0.867408990859985, 37.95431518554693], [-0.862399995326996, 37.940792083740234], [-0.847929000854492, 37.93355941772461], [-0.847397983074188, 37.93057250976557], [-0.844285011291504, 37.92845535278326], [-0.840915977954865, 37.928043365478516], [-0.836961984634343, 37.92488861083984], [-0.829967021942082, 37.92404174804699], [-0.821404993534031, 37.918613433838004], [-0.811448991298676, 37.91509246826183], [-0.809575974941197, 37.911693572998104], [-0.800948977470398, 37.91622161865246], [-0.791590988636017, 37.9144554138183], [-0.78670901060093, 37.90965270996094], [-0.782867014408112, 37.902008056640625], [-0.768513023853245, 37.89764404296881], [-0.751806974410954, 37.88958740234375]]]}}, {"type": "Feature", "properties": {"name_3": "Comtat", "provincia": "Alicante", "communidad_autonoma": "Comunidad Valenciana", "engtype_4": "Municipality", "geo_point_2d": [38.84986130352318, -0.308408242199938], "id_2": 35, "id_3": 252, "id_0": 215, "id_1": 10, "iso": "ESP", "id_4": 6416, "type_4": "Municipality", "pais": "Spain", "ccn_4": 0, "municipio": "Lorcha", "codine": "03084", "nombre": "Lorcha", "pop": 578, "CodMunicipio": 3084}, "geometry": {"type": "Polygon", "coordinates": [[[-0.260219991207066, 38.85996246337902], [-0.275548994541111, 38.840511322021484], [-0.284904986619892, 38.83348464965826], [-0.306575000286045, 38.824562072753906], [-0.307177007198277, 38.82231521606456], [-0.320500999689102, 38.81440353393555], [-0.342343986034393, 38.841060638427734], [-0.355116009712219, 38.84982681274414], [-0.351280987262669, 38.85636138916027], [-0.349837988614979, 38.857372283935604], [-0.353293001651707, 38.85860824584961], [-0.348522990942001, 38.86138153076172], [-0.34469398856163, 38.861797332763786], [-0.334592998027745, 38.864120483398494], [-0.323612004518509, 38.86352539062506], [-0.322389990091324, 38.866558074951286], [-0.318370014429036, 38.868053436279354], [-0.315854012966042, 38.873104095458984], [-0.312658011913243, 38.87501907348633], [-0.310752987861576, 38.881546020507926], [-0.299194991588536, 38.881729125976676], [-0.288269013166371, 38.872295379638786], [-0.27332499623293, 38.86405563354498], [-0.260219991207066, 38.85996246337902]]]}}, {"type": "Feature", "properties": {"cpro": "03", "name_3": "Marina Alta", "provincia": "Alicante", "communidad_autonoma": "Comunidad Valenciana", "cmun": "027", "codigo_postal": "03027", "engtype_4": "Municipality", "geo_point_2d": [38.69612490085866, -0.21449565705925203], "dc": "9", "id_2": 35, "id_3": 253, "id_0": 215, "id_1": 10, "iso": "ESP", "id_4": 6425, "type_4": "Municipality", "pais": "Spain", "ccn_4": 0, "municipio": "Beniardá", "codine": "03027", "nombre": "Beniardá", "pop": 232, "CodMunicipio": 3027}, "geometry": {"type": "Polygon", "coordinates": [[[-0.164606004953384, 38.69990158081049], [-0.169113993644601, 38.696640014648494], [-0.170073002576771, 38.69247436523443], [-0.18792100250721, 38.69109344482422], [-0.193666994571686, 38.689361572265625], [-0.198465004563275, 38.68428421020508], [-0.208035007119122, 38.685863494873104], [-0.210108995437622, 38.6875114440918], [-0.216207996010667, 38.6802330017091], [-0.21634399890894, 38.677856445312614], [-0.219404995441437, 38.67808151245123], [-0.218538999557381, 38.676712036132926], [-0.222671002149468, 38.67623901367193], [-0.227753996849003, 38.67855072021489], [-0.231053993105888, 38.682376861572266], [-0.239878997206688, 38.681289672851676], [-0.247785001993179, 38.68313980102539], [-0.245245993137303, 38.68880081176769], [-0.239298000931683, 38.69519424438476], [-0.240116000175419, 38.70233917236328], [-0.238486006855908, 38.7037239074707], [-0.240920007228795, 38.71043014526367], [-0.240480005741119, 38.71377182006847], [-0.238598003983498, 38.714305877685604], [-0.234999001026154, 38.71604919433594], [-0.224300995469093, 38.712596893310604], [-0.211910992860737, 38.71033859252941], [-0.193175002932492, 38.702880859375], [-0.182448998093605, 38.7001953125], [-0.178186997771263, 38.70215988159191], [-0.164606004953384, 38.69990158081049]]]}}, {"type": "Feature", "properties": {"cpro": "03", "name_3": "Alacanti", "provincia": "Alicante", "communidad_autonoma": "Comunidad Valenciana", "cmun": "119", "codigo_postal": "03119", "engtype_4": "Municipality", "geo_point_2d": [38.40448848743496, -0.428960299362925], "dc": "9", "id_2": 35, "id_3": 248, "id_0": 215, "id_1": 10, "iso": "ESP", "id_4": 6354, "type_4": "Municipality", "pais": "Spain", "ccn_4": 0, "municipio": "Sant Joan d'Alacant", "codine": "03119", "nombre": "Sant Joan ", "pop": 23915, "CodMunicipio": 3119}, "geometry": {"type": "Polygon", "coordinates": [[[-0.454759985208511, 38.39604568481457], [-0.453942000865936, 38.403400421142635], [-0.437770992517471, 38.41060256958008], [-0.435874998569489, 38.41307830810558], [-0.429102003574258, 38.41485595703125], [-0.42145499587059, 38.422122955322315], [-0.41941499710083, 38.42795181274414], [-0.410641014575958, 38.42414474487305], [-0.407085001468602, 38.415317535400334], [-0.41618999838829, 38.404705047607415], [-0.418877005577087, 38.39097213745117], [-0.429176986217442, 38.38523101806651], [-0.441460996866226, 38.39004135131841], [-0.447706013917866, 38.39545059204113], [-0.454759985208511, 38.39604568481457]]]}}, {"type": "Feature", "properties": {"cpro": "03", "name_3": "Baix Segura", "provincia": "Alicante", "communidad_autonoma": "Comunidad Valenciana", "cmun": "904", "codigo_postal": "03904", "engtype_4": "Municipality", "geo_point_2d": [38.179860455332225, -0.8374030425069201], "dc": "2", "id_2": 35, "id_3": 251, "id_0": 215, "id_1": 10, "iso": "ESP", "id_4": 6395, "type_4": "Municipality", "pais": "Spain", "ccn_4": 0, "municipio": "San Isidro", "codine": "03904", "nombre": "San Isidro", "pop": 1986, "CodMunicipio": 3904}, "geometry": {"type": "Polygon", "coordinates": [[[-0.832154989242554, 38.19941329956048], [-0.830681025981903, 38.19651794433593], [-0.82463401556015, 38.184642791748104], [-0.820111989974976, 38.17013549804682], [-0.821399986743927, 38.16942596435547], [-0.822593986987954, 38.168777465820426], [-0.824806988239288, 38.167751312255795], [-0.825748980045319, 38.16825485229497], [-0.826584994792881, 38.168781280517635], [-0.827320992946625, 38.1693572998048], [-0.827996015548706, 38.169864654541016], [-0.828670978546086, 38.170402526855526], [-0.829132974147797, 38.17105102539074], [-0.830618977546692, 38.170829772949276], [-0.831488013267517, 38.17176818847662], [-0.832428991794586, 38.17169189453125], [-0.833302021026611, 38.171119689941406], [-0.834285974502563, 38.17050933837885], [-0.83607500791544, 38.16945266723644], [-0.836275994777679, 38.16870498657221], [-0.837113022804147, 38.16839981079107], [-0.837244987487793, 38.1676139831543], [-0.837359011173191, 38.16603088378912], [-0.83761602640152, 38.1650123596192], [-0.837886989116612, 38.16395568847662], [-0.838293015956822, 38.163127899170036], [-0.83915901184082, 38.16352081298828], [-0.840535998344421, 38.16416931152355], [-0.841449975967407, 38.164360046386825], [-0.842136025428715, 38.16389465332031], [-0.842872023582458, 38.16440582275384], [-0.843970000743809, 38.1648788452149], [-0.845003008842411, 38.16493606567383], [-0.84610599279398, 38.16557312011719], [-0.84689199924469, 38.16620254516613], [-0.847864985465947, 38.166629791259766], [-0.849578976631108, 38.16596221923828], [-0.850148975849152, 38.16676330566406], [-0.849332988262177, 38.16735458374035], [-0.848474025726318, 38.16772842407238], [-0.847364008426609, 38.16819000244151], [-0.848100006580353, 38.169223785400504], [-0.848731994628906, 38.170120239257926], [-0.848971009254399, 38.17083740234386], [-0.849545001983586, 38.17140197753912], [-0.850623011588993, 38.17188644409191], [-0.849837005138397, 38.17241668701166], [-0.848712980747223, 38.17318725585932], [-0.847527980804443, 38.174720764160156], [-0.850301980972233, 38.17530822753906], [-0.853220999240818, 38.175849914550724], [-0.854472994804325, 38.17607116699219], [-0.855624020099583, 38.17626953125], [-0.856576025485935, 38.176418304443416], [-0.857711017131748, 38.1766090393067], [-0.858591020107212, 38.17700958251953], [-0.857605993747711, 38.17798233032232], [-0.856523990631104, 38.17905044555664], [-0.855288982391357, 38.180076599121094], [-0.854525029659157, 38.1807250976563], [-0.852901995182037, 38.18190383911133], [-0.851751029491368, 38.18289566040045], [-0.850866973400116, 38.183654785156364], [-0.849586009979248, 38.184841156005916], [-0.848640024661961, 38.1858787536621], [-0.848141014575901, 38.18652725219732], [-0.847555994987488, 38.18728637695323], [-0.84687602519989, 38.18804550170904], [-0.845860004424935, 38.189041137695305], [-0.845201015472355, 38.18974685668945], [-0.844394028186741, 38.19047927856445], [-0.843617022037449, 38.191123962402344], [-0.842548012733459, 38.1919517517091], [-0.841292023658752, 38.192836761474666], [-0.840017974376678, 38.1936607360841], [-0.838858008384704, 38.19433975219732], [-0.838083028793278, 38.19477081298828], [-0.836449027061406, 38.195755004882805], [-0.835713028907776, 38.19630432128906], [-0.834612011909485, 38.19739151000982], [-0.834079027175903, 38.19805526733409], [-0.832154989242554, 38.19941329956048]]]}}, {"type": "Feature", "properties": {"cpro": "03", "name_3": "Marina Alta", "provincia": "Alicante", "communidad_autonoma": "Comunidad Valenciana", "cmun": "100", "codigo_postal": "03100", "engtype_4": "Municipality", "geo_point_2d": [38.73924271652474, -0.07362135506848101], "dc": "7", "id_2": 35, "id_3": 253, "id_0": 215, "id_1": 10, "iso": "ESP", "id_4": 6446, "type_4": "Municipality", "pais": "Spain", "ccn_4": 0, "municipio": "Parcent", "codine": "03100", "nombre": "Parcent", "pop": 929, "CodMunicipio": 3100}, "geometry": {"type": "Polygon", "coordinates": [[[-0.057427000254336, 38.72528839111334], [-0.065828002989235, 38.723190307617244], [-0.089767999947071, 38.72354888916021], [-0.095190003514233, 38.72655868530285], [-0.097585000097695, 38.730472564697266], [-0.096566997468472, 38.739158630371094], [-0.086213000118676, 38.74821853637695], [-0.084179997444096, 38.75206756591791], [-0.080780997872353, 38.75188446044922], [-0.079332001507225, 38.753871917724545], [-0.081211999058723, 38.75629806518566], [-0.07863400131464, 38.7577018737793], [-0.075677998363972, 38.756320953369254], [-0.063231997191906, 38.7553977966308], [-0.062748998403549, 38.75676345825195], [-0.053025998175144, 38.75931167602545], [-0.054995000362396, 38.754516601562614], [-0.051417000591698, 38.752559661865234], [-0.057844001799822, 38.73363113403332], [-0.054974999278784, 38.7273063659669], [-0.057427000254336, 38.72528839111334]]]}}, {"type": "Feature", "properties": {"cpro": "03", "name_3": "Marina Baixa", "provincia": "Alicante", "communidad_autonoma": "Comunidad Valenciana", "cmun": "057", "codigo_postal": "03057", "engtype_4": "Municipality", "geo_point_2d": [38.679296149987664, -0.276562090871565], "dc": "2", "id_2": 35, "id_3": 254, "id_0": 215, "id_1": 10, "iso": "ESP", "id_4": 6462, "type_4": "Municipality", "pais": "Spain", "ccn_4": 0, "municipio": "Confrides", "codine": "03057", "nombre": "Confrides", "pop": 187, "CodMunicipio": 3057}, "geometry": {"type": "Polygon", "coordinates": [[[-0.309341996908188, 38.642780303955135], [-0.305595010519028, 38.649604797363395], [-0.310782998800221, 38.66384124755865], [-0.308162003755569, 38.67308807373058], [-0.310809999704304, 38.673564910888786], [-0.312344014644623, 38.67712020874029], [-0.302177011966648, 38.67853546142584], [-0.302504986524582, 38.68050765991211], [-0.309073001146317, 38.682838439941406], [-0.307137995958328, 38.699768066406364], [-0.280914992093983, 38.71247863769537], [-0.257054001092911, 38.7184791564942], [-0.241399005055428, 38.71589279174815], [-0.238598003983498, 38.714305877685604], [-0.240480005741119, 38.71377182006847], [-0.240920007228795, 38.71043014526367], [-0.238486006855908, 38.7037239074707], [-0.240116000175419, 38.70233917236328], [-0.239298000931683, 38.69519424438476], [-0.245245993137303, 38.68880081176769], [-0.247785001993179, 38.68313980102539], [-0.249598994851056, 38.67564392089844], [-0.257732987403813, 38.66524887084961], [-0.26143500208849, 38.65375900268555], [-0.261054009199142, 38.650161743164176], [-0.254913985729218, 38.6490364074707], [-0.2552630007267, 38.645034790039176], [-0.246989995241108, 38.63907623291021], [-0.27316099405283, 38.64084243774419], [-0.27822700142849, 38.64354705810547], [-0.290001004934311, 38.64355850219732], [-0.289788991212845, 38.64191436767584], [-0.293035000562668, 38.6405029296875], [-0.299160987138634, 38.6410026550293], [-0.303606003522759, 38.63951492309576], [-0.302933007478714, 38.6406135559082], [-0.308279991149902, 38.643573760986435], [-0.309341996908188, 38.642780303955135]]]}}, {"type": "Feature", "properties": {"cpro": "03", "name_3": "Comtat", "provincia": "Alicante", "communidad_autonoma": "Comunidad Valenciana", "cmun": "086", "codigo_postal": "03086", "engtype_4": "Municipality", "geo_point_2d": [38.740404606884724, -0.37848563451995004], "dc": "0", "id_2": 35, "id_3": 252, "id_0": 215, "id_1": 10, "iso": "ESP", "id_4": 6417, "type_4": "Municipality", "pais": "Spain", "ccn_4": 0, "municipio": "Millena", "codine": "03086", "nombre": "Millena", "pop": 237, "CodMunicipio": 3086}, "geometry": {"type": "Polygon", "coordinates": [[[-0.402085006236973, 38.761596679687436], [-0.381338000297546, 38.75057601928722], [-0.380906999111119, 38.747817993164176], [-0.372173011302948, 38.746982574463004], [-0.361476987600327, 38.75060653686535], [-0.359362006187439, 38.74927902221691], [-0.350234001874867, 38.73229598999035], [-0.352625012397766, 38.72862243652344], [-0.369677990674973, 38.72592163085949], [-0.375124990940037, 38.73042678833008], [-0.382604986429158, 38.732250213623104], [-0.389717996120453, 38.73054504394531], [-0.397251009941101, 38.73529815673828], [-0.405743002891539, 38.73140716552746], [-0.407213002443314, 38.732429504394524], [-0.401540011167469, 38.74077224731445], [-0.401098012924194, 38.74786376953119], [-0.397964000701847, 38.753353118896484], [-0.402085006236973, 38.761596679687436]]]}}, {"type": "Feature", "properties": {"cpro": "03", "name_3": "Alt Vinalopo", "provincia": "Alicante", "communidad_autonoma": "Comunidad Valenciana", "cmun": "140", "codigo_postal": "03140", "engtype_4": "Municipality", "geo_point_2d": [38.63411216476628, -0.913831637121241], "dc": "9", "id_2": 35, "id_3": 250, "id_0": 215, "id_1": 10, "iso": "ESP", "id_4": 6370, "type_4": "Municipality", "pais": "Spain", "ccn_4": 0, "municipio": "Villena", "codine": "03140", "nombre": "Villena", "pop": 33964, "CodMunicipio": 3140}, "geometry": {"type": "Polygon", "coordinates": [[[-0.866137027740479, 38.53871536254894], [-0.872422993183136, 38.53720855712896], [-0.88851797580719, 38.545024871826115], [-0.896907985210419, 38.551681518554744], [-0.905969977378845, 38.548961639404354], [-0.924172997474613, 38.53722763061523], [-0.947704970836526, 38.525814056396484], [-0.950273990631103, 38.52261734008794], [-0.95948600769043, 38.51728820800781], [-0.967891991138458, 38.515686035156364], [-0.979817986488342, 38.510414123535156], [-0.985625982284546, 38.50574874877929], [-1.002863049507084, 38.500682830810604], [-1.013854980468693, 38.49708557128906], [-1.026173949241581, 38.52251052856439], [-1.016232013702392, 38.53706741333008], [-1.009132981300297, 38.55897903442383], [-1.00148594379425, 38.572860717773494], [-1.012145996093693, 38.60577774047857], [-1.016034007072449, 38.635139465331974], [-1.024054050445443, 38.640087127685604], [-1.026051044464111, 38.655689239501946], [-1.01483500003809, 38.657329559326286], [-1.010776042938232, 38.656600952148494], [-1.009016036987305, 38.658302307128956], [-0.991478025913238, 38.65509796142584], [-0.962399005889779, 38.65695953369146], [-0.932434976100922, 38.67755508422863], [-0.915727019309941, 38.69599914550781], [-0.9266139864921, 38.70594024658203], [-0.92858099937439, 38.70949935913086], [-0.927663028240147, 38.71311569213867], [-0.937883973121643, 38.72594451904297], [-0.93944102525711, 38.7317733764649], [-0.945846021175384, 38.736751556396484], [-0.961362004280033, 38.774822235107536], [-0.949943006038666, 38.77609252929682], [-0.928873002529087, 38.78386688232433], [-0.91483998298645, 38.7814445495606], [-0.917491018772068, 38.776241302490234], [-0.913157999515533, 38.76963806152344], [-0.904165029525757, 38.76708221435558], [-0.887215018272343, 38.76928329467785], [-0.882471978664341, 38.77207946777355], [-0.861626982688904, 38.77092361450201], [-0.860107004642373, 38.76939773559576], [-0.835425972938538, 38.74067306518566], [-0.83749300241459, 38.73653030395508], [-0.842592000961247, 38.732276916503906], [-0.847355008125305, 38.71465301513683], [-0.830835998058319, 38.674468994140625], [-0.822628974914551, 38.66274642944335], [-0.824433982372284, 38.66118621826177], [-0.821319997310638, 38.65244293212902], [-0.811533987522068, 38.63942718505865], [-0.804292976856232, 38.62601089477545], [-0.798429012298584, 38.60746383666998], [-0.799696028232518, 38.59976959228521], [-0.806410014629364, 38.59309005737299], [-0.813876986503601, 38.59143829345714], [-0.821204006671849, 38.587554931640675], [-0.823476016521454, 38.58225250244152], [-0.827521979808807, 38.57942962646496], [-0.84482699632639, 38.57152938842768], [-0.861033976077977, 38.561477661132926], [-0.864473998546543, 38.556140899658196], [-0.866137027740479, 38.53871536254894]]]}}, {"type": "Feature", "properties": {"cpro": "03", "name_3": "Comtat", "provincia": "Alicante", "communidad_autonoma": "Comunidad Valenciana", "cmun": "036", "codigo_postal": "03036", "engtype_4": "Municipality", "geo_point_2d": [38.75644821690412, -0.38012165833229106], "dc": "1", "id_2": 35, "id_3": 252, "id_0": 215, "id_1": 10, "iso": "ESP", "id_4": 6407, "type_4": "Municipality", "pais": "Spain", "ccn_4": 0, "municipio": "Benillup", "codine": "03036", "nombre": "Benillup", "pop": 97, "CodMunicipio": 3036}, "geometry": {"type": "Polygon", "coordinates": [[[-0.361476987600327, 38.75060653686535], [-0.372173011302948, 38.746982574463004], [-0.380906999111119, 38.747817993164176], [-0.381338000297546, 38.75057601928722], [-0.402085006236973, 38.761596679687436], [-0.401995986700001, 38.76499176025402], [-0.392544001340866, 38.76317977905285], [-0.389517992734909, 38.76129913330084], [-0.393362998962346, 38.75870895385742], [-0.391871988773346, 38.756694793701286], [-0.388343989849034, 38.75841522216797], [-0.38630199432373, 38.76266860961914], [-0.382158011198044, 38.76588058471691], [-0.369632005691528, 38.760097503662166], [-0.367680996656304, 38.754619598388786], [-0.361476987600327, 38.75060653686535]]]}}, {"type": "Feature", "properties": {"name_3": "Vinalopo Mitja", "provincia": "Alicante", "communidad_autonoma": "Comunidad Valenciana", "engtype_4": "Municipality", "geo_point_2d": [38.428585325851856, -0.912322236389808], "id_2": 35, "id_3": 255, "id_0": 215, "id_1": 10, "iso": "ESP", "id_4": 6479, "type_4": "Municipality", "pais": "Spain", "ccn_4": 0, "municipio": "Monóvar", "codine": "03089", "nombre": "Monóvar", "pop": 12167, "CodMunicipio": 3089}, "geometry": {"type": "Polygon", "coordinates": [[[-0.807389974594059, 38.43080902099621], [-0.804354012012482, 38.426284790039006], [-0.808398008346558, 38.4248046875], [-0.812420010566711, 38.41824340820324], [-0.827400982379913, 38.40373611450195], [-0.840843021869659, 38.39650726318371], [-0.865710973739567, 38.38870239257824], [-0.881735980510655, 38.381404876708984], [-0.901638984680119, 38.3755340576173], [-0.925336003303414, 38.36548614501953], [-0.93800300359726, 38.362747192382926], [-0.967381000518799, 38.3623504638673], [-0.967978000640756, 38.36841583251958], [-0.963504016399383, 38.37165451049805], [-0.966955006122589, 38.38253402709961], [-0.981971979141179, 38.39368057250982], [-0.984775006771088, 38.403236389160156], [-0.981013000011387, 38.41376876831066], [-0.9809809923172, 38.42850112915039], [-0.973914980888367, 38.44806671142578], [-0.976729989051819, 38.454387664795036], [-0.982331991195679, 38.4605941772462], [-0.984360992908364, 38.47004318237316], [-1.002863049507084, 38.500682830810604], [-0.985625982284546, 38.50574874877929], [-0.958324015140477, 38.486515045166016], [-0.952332019805908, 38.48396682739269], [-0.948108971118927, 38.4788932800293], [-0.932191014289799, 38.48189163208002], [-0.9149129986763, 38.4748649597168], [-0.897055983543396, 38.47167205810558], [-0.874219000339451, 38.47533798217779], [-0.859874010086003, 38.47091674804682], [-0.843173027038574, 38.45676803588867], [-0.829451978206578, 38.44878387451183], [-0.807389974594059, 38.43080902099621]]]}}, {"type": "Feature", "properties": {"cpro": "03", "name_3": "Alacanti", "provincia": "Alicante", "communidad_autonoma": "Comunidad Valenciana", "cmun": "004", "codigo_postal": "03004", "engtype_4": "Municipality", "geo_point_2d": [38.510140505407676, -0.363347778499148], "dc": "1", "id_2": 35, "id_3": 248, "id_0": 215, "id_1": 10, "iso": "ESP", "id_4": 6347, "type_4": "Municipality", "pais": "Spain", "ccn_4": 0, "municipio": "Aigües", "codine": "03004", "nombre": "Aigües", "pop": 963, "CodMunicipio": 3004}, "geometry": {"type": "Polygon", "coordinates": [[[-0.384142994880619, 38.515583038330135], [-0.383163005113602, 38.52083206176757], [-0.375028997659683, 38.52974319458019], [-0.377837002277317, 38.53643417358393], [-0.37235298752779, 38.53581619262707], [-0.366685003042221, 38.538013458251946], [-0.361905992031041, 38.53696823120128], [-0.355563014745655, 38.52911376953125], [-0.345115005970001, 38.528137207031186], [-0.340303987264633, 38.524559020996094], [-0.331800997257233, 38.51633834838873], [-0.33500999212265, 38.515754699707024], [-0.341405004262924, 38.50991821289068], [-0.3384949862957, 38.50082397460949], [-0.353197008371296, 38.494766235351506], [-0.355269014835301, 38.485805511474666], [-0.365711987018585, 38.48041915893555], [-0.367769986391068, 38.48056411743164], [-0.372691005468369, 38.48740386962896], [-0.372676998376789, 38.491558074951286], [-0.374538987874928, 38.493976593017635], [-0.3810600042342, 38.495296478271484], [-0.38910698890686, 38.49184799194336], [-0.392904013395253, 38.49178314208989], [-0.387317985296249, 38.5080680847168], [-0.382153987884521, 38.51292419433593], [-0.384142994880619, 38.515583038330135]]]}}, {"type": "Feature", "properties": {"cpro": "03", "name_3": "Baix Segura", "provincia": "Alicante", "communidad_autonoma": "Comunidad Valenciana", "cmun": "109", "codigo_postal": "03109", "engtype_4": "Municipality", "geo_point_2d": [38.10674198777589, -0.848105215681169], "dc": "1", "id_2": 35, "id_3": 251, "id_0": 215, "id_1": 10, "iso": "ESP", "id_4": 6391, "type_4": "Municipality", "pais": "Spain", "ccn_4": 0, "municipio": "Rafal", "codine": "03109", "nombre": "Rafal", "pop": 4498, "CodMunicipio": 3109}, "geometry": {"type": "Polygon", "coordinates": [[[-0.856432974338475, 38.10348129272461], [-0.855935990810337, 38.105228424072266], [-0.852578997612, 38.10538482666021], [-0.852082014083805, 38.11379241943365], [-0.848738014697972, 38.11342239379883], [-0.848495006561222, 38.114742279052734], [-0.846095025539398, 38.114921569824276], [-0.840049982070866, 38.11099243164074], [-0.838352024555206, 38.10753631591808], [-0.843082010746002, 38.1072349548341], [-0.84653198719019, 38.10506439208996], [-0.843739986419678, 38.10424804687506], [-0.842494010925293, 38.10165405273432], [-0.850903987884465, 38.09905624389659], [-0.85417598485941, 38.09952545166027], [-0.855421006679535, 38.099433898925774], [-0.856432974338475, 38.10348129272461]]]}}, {"type": "Feature", "properties": {"cpro": "03", "name_3": "Marina Baixa", "provincia": "Alicante", "communidad_autonoma": "Comunidad Valenciana", "cmun": "098", "codigo_postal": "03098", "engtype_4": "Municipality", "geo_point_2d": [38.55360485591675, -0.279583467116076], "dc": "0", "id_2": 35, "id_3": 254, "id_0": 215, "id_1": 10, "iso": "ESP", "id_4": 6467, "type_4": "Municipality", "pais": "Spain", "ccn_4": 0, "municipio": "Orxeta", "codine": "03098", "nombre": "Orxeta", "pop": 736, "CodMunicipio": 3098}, "geometry": {"type": "Polygon", "coordinates": [[[-0.331800997257233, 38.51633834838873], [-0.340303987264633, 38.524559020996094], [-0.342409998178482, 38.527805328369254], [-0.337316006421986, 38.52750778198242], [-0.329784005880299, 38.53209686279308], [-0.323983013629913, 38.538196563720696], [-0.308108985423985, 38.54278945922851], [-0.301934987306595, 38.54093551635748], [-0.297720998525563, 38.54199218750006], [-0.298218011856079, 38.54401016235363], [-0.286217987537384, 38.550140380859375], [-0.284592986106816, 38.564949035644474], [-0.281049013137761, 38.56676864624018], [-0.27963799238205, 38.56943893432611], [-0.272691011428833, 38.57165527343749], [-0.269975006580353, 38.57461929321289], [-0.268444985151291, 38.578628540039176], [-0.271331012248993, 38.580028533935604], [-0.270990997552758, 38.58538436889654], [-0.265758007764759, 38.58869171142584], [-0.25752401351923, 38.590904235839844], [-0.250185012817383, 38.5957870483399], [-0.240899994969311, 38.59150314331065], [-0.245654001831952, 38.57493972778332], [-0.244925007224083, 38.562805175781364], [-0.248758003115597, 38.55915832519537], [-0.251166999340057, 38.550781250000114], [-0.262481003999709, 38.54258728027355], [-0.260426998138428, 38.54077911376953], [-0.263920992612839, 38.541179656982536], [-0.26461198925972, 38.53838348388683], [-0.269513994455338, 38.5389289855957], [-0.288201004266682, 38.529769897460994], [-0.292654007673264, 38.529953002929744], [-0.296725004911423, 38.528163909912166], [-0.302107989787999, 38.528984069824276], [-0.308035999536514, 38.52595901489258], [-0.314083009958154, 38.525287628173885], [-0.32665699720377, 38.51990509033214], [-0.328709989786034, 38.51583480834955], [-0.331800997257233, 38.51633834838873]]]}}, {"type": "Feature", "properties": {"cpro": "03", "name_3": "Comtat", "provincia": "Alicante", "communidad_autonoma": "Comunidad Valenciana", "cmun": "067", "codigo_postal": "03067", "engtype_4": "Municipality", "geo_point_2d": [38.73155656370145, -0.27454141939222004], "dc": "0", "id_2": 35, "id_3": 252, "id_0": 215, "id_1": 10, "iso": "ESP", "id_4": 6411, "type_4": "Municipality", "pais": "Spain", "ccn_4": 0, "municipio": "Facheca", "codine": "03067", "nombre": "Facheca", "pop": 106, "CodMunicipio": 3067}, "geometry": {"type": "Polygon", "coordinates": [[[-0.257054001092911, 38.7184791564942], [-0.280914992093983, 38.71247863769537], [-0.290105998516083, 38.7260627746582], [-0.296867996454182, 38.728507995605526], [-0.303312003612461, 38.73491668701172], [-0.297794014215413, 38.736022949218864], [-0.294559985399189, 38.737579345703125], [-0.294313997030258, 38.73919296264643], [-0.290194988250676, 38.73773193359386], [-0.282564997673035, 38.7438697814942], [-0.280178010463715, 38.74280548095709], [-0.279289007186833, 38.74559402465826], [-0.275173008441811, 38.74858856201183], [-0.267489999532643, 38.74910354614252], [-0.264575004577637, 38.745628356933594], [-0.261079013347626, 38.74495315551758], [-0.249110996723118, 38.74744796752929], [-0.25721800327301, 38.73791503906261], [-0.259301006793976, 38.72528839111334], [-0.257054001092911, 38.7184791564942]]]}}, {"type": "Feature", "properties": {"name_3": "Baix Segura", "provincia": "Alicante", "communidad_autonoma": "Comunidad Valenciana", "engtype_4": "Municipality", "geo_point_2d": [38.029293806448564, -0.771940007485715], "id_2": 35, "id_3": 251, "id_0": 215, "id_1": 10, "iso": "ESP", "id_4": 6388, "type_4": "Municipality", "pais": "Spain", "ccn_4": 0, "municipio": "Los Montesinos", "codine": "03903", "nombre": "Los Montes", "pop": 4968, "CodMunicipio": 3903}, "geometry": {"type": "Polygon", "coordinates": [[[-0.723760008811894, 38.03255462646496], [-0.717441976070404, 38.03052139282232], [-0.730852007865792, 38.02425765991222], [-0.736285984516144, 38.01976776123052], [-0.738785982131958, 38.020751953125114], [-0.74201101064682, 38.01774978637701], [-0.74972099065775, 38.020683288574276], [-0.74238699674595, 38.017314910888665], [-0.749924004077798, 38.01037597656256], [-0.761810004711037, 38.00563049316411], [-0.774807989597321, 37.99953460693365], [-0.781349003314915, 38.000106811523494], [-0.797771990299225, 38.008361816406364], [-0.807591021060944, 38.01597213745117], [-0.810338973999023, 38.022377014160156], [-0.815612971782684, 38.038082122802734], [-0.813838005065861, 38.04264450073242], [-0.81311297416687, 38.04442596435558], [-0.799813985824585, 38.04709625244152], [-0.790132999420166, 38.04621887207031], [-0.780843019485474, 38.04747772216808], [-0.78023898601532, 38.05197143554693], [-0.782604992389679, 38.05814361572277], [-0.779420971870366, 38.05984878540039], [-0.772713005542698, 38.06036376953131], [-0.77053701877594, 38.05662918090826], [-0.77098798751831, 38.05003738403332], [-0.765987992286682, 38.051448822021484], [-0.749472975730839, 38.05157470703131], [-0.741901993751469, 38.05912399291998], [-0.740511000156403, 38.046512603759815], [-0.740172028541451, 38.04343414306652], [-0.7343869805336, 38.03779602050781], [-0.723760008811894, 38.03255462646496]]]}}, {"type": "Feature", "properties": {"cpro": "03", "name_3": "Marina Alta", "provincia": "Alicante", "communidad_autonoma": "Comunidad Valenciana", "cmun": "054", "codigo_postal": "03054", "engtype_4": "Municipality", "geo_point_2d": [38.73499065422526, -0.18703119948340702], "dc": "0", "id_2": 35, "id_3": 253, "id_0": 215, "id_1": 10, "iso": "ESP", "id_4": 6432, "type_4": "Municipality", "pais": "Spain", "ccn_4": 0, "municipio": "Castell de Castells", "codine": "03054", "nombre": "Castell de", "pop": 449, "CodMunicipio": 3054}, "geometry": {"type": "Polygon", "coordinates": [[[-0.164606004953384, 38.69990158081049], [-0.178186997771263, 38.70215988159191], [-0.182448998093605, 38.7001953125], [-0.193175002932492, 38.702880859375], [-0.211910992860737, 38.71033859252941], [-0.224300995469093, 38.712596893310604], [-0.226133003830796, 38.71453857421874], [-0.222010001540184, 38.71919250488287], [-0.225109994411469, 38.72345352172857], [-0.221475005149784, 38.729125976562614], [-0.221499994397163, 38.732357025146484], [-0.231781005859375, 38.74343490600585], [-0.23468500375742, 38.748943328857415], [-0.23790700733656, 38.75043487548834], [-0.231732994318008, 38.755092620849666], [-0.23027199506754, 38.75833511352544], [-0.226750999689102, 38.75833129882824], [-0.209577992558479, 38.765888214111264], [-0.195640996098518, 38.77003097534191], [-0.187492996454182, 38.76971817016601], [-0.17574800550932, 38.773353576660206], [-0.165018007159233, 38.76039886474621], [-0.154247000813484, 38.75232696533209], [-0.151197999715805, 38.746009826660156], [-0.143159002065659, 38.73755264282232], [-0.144372001290321, 38.72904968261719], [-0.149222001433316, 38.7233772277832], [-0.149477005004883, 38.70423889160156], [-0.148916006088257, 38.7006721496582], [-0.153387993574086, 38.70071029663086], [-0.154024004936218, 38.69856262207037], [-0.164606004953384, 38.69990158081049]]]}}, {"type": "Feature", "properties": {"cpro": "03", "name_3": "Marina Baixa", "provincia": "Alicante", "communidad_autonoma": "Comunidad Valenciana", "cmun": "048", "codigo_postal": "03048", "engtype_4": "Municipality", "geo_point_2d": [38.653458052561625, -0.10422450264195901], "dc": "1", "id_2": 35, "id_3": 254, "id_0": 215, "id_1": 10, "iso": "ESP", "id_4": 6461, "type_4": "Municipality", "pais": "Spain", "ccn_4": 0, "municipio": "Callosa d'En Sarrià", "codine": "03048", "nombre": "Callosa d'", "pop": 7373, "CodMunicipio": 3048}, "geometry": {"type": "Polygon", "coordinates": [[[-0.112567998468762, 38.62961578369135], [-0.125490993261337, 38.64054107666015], [-0.126124992966595, 38.638462066650504], [-0.132514998316708, 38.64126205444341], [-0.146051004528942, 38.641178131103516], [-0.151317998766785, 38.642421722412166], [-0.156182006001472, 38.64728927612305], [-0.149976000189724, 38.65285873413091], [-0.151813000440484, 38.657230377197266], [-0.143838003277722, 38.66421508789068], [-0.147936001419964, 38.672115325927734], [-0.149952992796841, 38.671695709228516], [-0.151141002774239, 38.67361831665039], [-0.149158000945988, 38.68097305297863], [-0.14577999711031, 38.68330764770502], [-0.134432002901917, 38.67963409423828], [-0.116595998406353, 38.66785430908209], [-0.109495997428894, 38.660377502441406], [-0.095495000481549, 38.666751861572266], [-0.089754000306129, 38.67569351196289], [-0.092869997024479, 38.67882156372076], [-0.081220999360028, 38.68152236938482], [-0.064588002860546, 38.67593383789074], [-0.059990998357534, 38.66470336914057], [-0.062801003456002, 38.658042907714844], [-0.061524998396521, 38.65388488769531], [-0.069288000464439, 38.63848495483393], [-0.077720001339912, 38.62740707397472], [-0.076291002333164, 38.625545501708984], [-0.081050001084748, 38.62011337280285], [-0.08746399730444, 38.621063232421875], [-0.0930159986018, 38.62495040893555], [-0.096607998013496, 38.624713897705185], [-0.097217999398708, 38.62720108032238], [-0.105382002889996, 38.62954711914068], [-0.106959000229836, 38.629776000976676], [-0.106867998838425, 38.62828826904297], [-0.112567998468762, 38.62961578369135]]]}}, {"type": "Feature", "properties": {"cpro": "03", "name_3": "Marina Alta", "provincia": "Alicante", "communidad_autonoma": "Comunidad Valenciana", "cmun": "115", "codigo_postal": "03115", "engtype_4": "Municipality", "geo_point_2d": [38.818136338065976, -0.066806067315389], "dc": "1", "id_2": 35, "id_3": 253, "id_0": 215, "id_1": 10, "iso": "ESP", "id_4": 6449, "type_4": "Municipality", "pais": "Spain", "ccn_4": 0, "municipio": "Sagra", "codine": "03115", "nombre": "Sagra", "pop": 408, "CodMunicipio": 3115}, "geometry": {"type": "Polygon", "coordinates": [[[-0.046020001172963, 38.807224273681754], [-0.050115998834372, 38.8075904846192], [-0.055367000400906, 38.81119155883794], [-0.057395000010729, 38.809196472168026], [-0.067403003573418, 38.80636596679699], [-0.076168000697976, 38.80879592895519], [-0.085879996418953, 38.81597518920904], [-0.074532002210617, 38.82627487182622], [-0.065829999744892, 38.83706665039068], [-0.061319999396801, 38.83272933959966], [-0.060770999640113, 38.824272155761776], [-0.055385001003685, 38.814937591552734], [-0.049182999879122, 38.81731414794921], [-0.046020001172963, 38.807224273681754]]]}}, {"type": "Feature", "properties": {"cpro": "03", "name_3": "Marina Alta", "provincia": "Alicante", "communidad_autonoma": "Comunidad Valenciana", "cmun": "101", "codigo_postal": "03101", "engtype_4": "Municipality", "geo_point_2d": [38.793438364778225, 0.031386047310719], "dc": "4", "id_2": 35, "id_3": 253, "id_0": 215, "id_1": 10, "iso": "ESP", "id_4": 6447, "type_4": "Municipality", "pais": "Spain", "ccn_4": 0, "municipio": "Pedreguer", "codine": "03101", "nombre": "Pedreguer", "pop": 7699, "CodMunicipio": 3101}, "geometry": {"type": "Polygon", "coordinates": [[[0.006349999923259, 38.76930236816412], [0.004368999973053, 38.77773284912114], [0.0, 38.77956771850597], [-0.007666999939829, 38.782787322998104], [-0.008786000311318, 38.786846160888786], [-0.006484000477883, 38.79151535034179], [-0.006339999847114, 38.798782348632926], [-0.009204998612347, 38.8070907592774], [0.0, 38.80857849121094], [0.003907000180334, 38.80921173095708], [0.007394000422323, 38.80809783935558], [0.014537000097448, 38.811721801757926], [0.01656999997806, 38.81050491333019], [0.021888999268469, 38.812980651855526], [0.024389000609517, 38.81248474121105], [0.026224000379443, 38.80982589721679], [0.029066000133753, 38.81468582153332], [0.027216000482497, 38.816654205322266], [0.032214000821227, 38.81723022460943], [0.033553998917398, 38.81922149658203], [0.03679699823266, 38.81803512573248], [0.037257000804004, 38.8145103454591], [0.047348998487053, 38.82241821289074], [0.061661999672765, 38.81490707397455], [0.069812998175735, 38.80249786376958], [0.072732001543102, 38.79355621337896], [0.069250002503452, 38.78697204589838], [0.069344997406063, 38.78355789184576], [0.054411999881268, 38.78051376342779], [0.039643999189252, 38.77503585815441], [0.037733998149633, 38.766365051269474], [0.03373799845582, 38.763603210449276], [0.006349999923259, 38.76930236816412]]]}}, {"type": "Feature", "properties": {"cpro": "03", "name_3": "Baix Segura", "provincia": "Alicante", "communidad_autonoma": "Comunidad Valenciana", "cmun": "070", "codigo_postal": "03070", "engtype_4": "Municipality", "geo_point_2d": [38.094212706155076, -0.7364565332469071], "dc": "3", "id_2": 35, "id_3": 251, "id_0": 215, "id_1": 10, "iso": "ESP", "id_4": 6384, "type_4": "Municipality", "pais": "Spain", "ccn_4": 0, "municipio": "Formentera del Segura", "codine": "03070", "nombre": "Formentera", "pop": 4191, "CodMunicipio": 3070}, "geometry": {"type": "Polygon", "coordinates": [[[-0.735071003436985, 38.08618927001964], [-0.736864984035492, 38.084243774414176], [-0.738734006881657, 38.08609771728521], [-0.744771003723088, 38.0829315185548], [-0.748326003551483, 38.08369827270508], [-0.7496439814567, 38.08202743530279], [-0.753044009208679, 38.08343505859381], [-0.75315397977829, 38.09806442260748], [-0.749208986759186, 38.098041534423885], [-0.728302001953125, 38.09753036499035], [-0.723084986209812, 38.1124305725097], [-0.718773007392883, 38.111331939697266], [-0.713346004486084, 38.112331390380916], [-0.72563499212265, 38.09710693359375], [-0.723420023918152, 38.09055328369152], [-0.724570989608708, 38.08838272094738], [-0.729300022125244, 38.087745666503906], [-0.731743991374969, 38.08540344238292], [-0.73439401388157, 38.087093353271484], [-0.735071003436985, 38.08618927001964]]]}}]}